"NTD ID","Agency Name","City","State","Organization Type","Reporter Type","Agency VOMS","Mode Name","Mode","TOS","Mode VOMS","UACE Code","UZA Name","Primary UZA Population","Weblink","Weblink Justification","Waived","Certification Flag","Date Validated","Modified Date"
"00001","King County","Seattle","WA","City, County or Local Government Unit or Department of Transportation","Full Reporter","2,417","Ferryboat","FB","DO","2","80389","Seattle--Tacoma, WA","3,544,011","https://metro.kingcounty.gov/GTFS/google_transit.zip",,,"true","2025 May 27","2026 April 22"
"00001","King County","Seattle","WA","City, County or Local Government Unit or Department of Transportation","Full Reporter","2,417","Bus","MB","DO","749","80389","Seattle--Tacoma, WA","3,544,011","https://metro.kingcounty.gov/GTFS/google_transit.zip",,,"true","2025 May 27","2026 April 22"
"00001","King County","Seattle","WA","City, County or Local Government Unit or Department of Transportation","Full Reporter","2,417","Bus","MB","PT","58","80389","Seattle--Tacoma, WA","3,544,011","https://metro.kingcounty.gov/GTFS/google_transit.zip",,,"true","2025 May 27","2026 April 22"
"00001","King County","Seattle","WA","City, County or Local Government Unit or Department of Transportation","Full Reporter","2,417","Streetcar Rail","SR","DO","10","80389","Seattle--Tacoma, WA","3,544,011","https://metro.kingcounty.gov/GTFS/google_transit.zip",,,"true","2025 May 27","2026 April 22"
"00001","King County","Seattle","WA","City, County or Local Government Unit or Department of Transportation","Full Reporter","2,417","Trolleybus","TB","DO","92","80389","Seattle--Tacoma, WA","3,544,011","https://metro.kingcounty.gov/GTFS/google_transit.zip",,,"true","2025 May 27","2026 April 22"
"00002","Spokane Transit Authority","Spokane","WA","Independent Public Agency or Authority of Transit Service","Full Reporter","318","Bus","MB","DO","134","83764","Spokane, WA","447,279","https://www.spokanetransit.com/gtfs",,,"true","2025 May 19","2026 April 22"
"00003","Pierce County Transportation Benefit Area Authority","Lakewood","WA","Independent Public Agency or Authority of Transit Service","Full Reporter","434","Bus","MB","DO","111","80389","Seattle--Tacoma, WA","3,544,011","https://prod.piercetransit.org/GTFS/gtfs.zip",,,"true","2025 May 13","2026 April 22"
"00004","Confederated Tribes of the Colville Indian Reservation","Nespelem","WA","Tribe","Reduced Reporter","5","Ferryboat","FB","DO","1","00053","Washington Non-UZA","1,895,776","https://data.trilliumtransit.com/gtfs/ccttransit-wa-us/ccttransit-wa-us.zip",,,"true","2026 February 12","2026 February 04"
"00004","Confederated Tribes of the Colville Indian Reservation","Nespelem","WA","Tribe","Reduced Reporter","5","Bus","MB","DO","4","00053","Washington Non-UZA","1,895,776","https://data.trilliumtransit.com/gtfs/ccttransit-wa-us/ccttransit-wa-us.zip",,,"true","2026 February 12","2026 February 04"
"00005","City of Everett","Everett","WA","City, County or Local Government Unit or Department of Transportation","Full Reporter","49","Bus","MB","DO","30","80389","Seattle--Tacoma, WA","3,544,011","https://everett.mapstrat.com/current/google_transit.zip",,,"true","2025 May 29","2026 April 22"
"00006","City of Yakima","Yakima","WA","City, County or Local Government Unit or Department of Transportation","Full Reporter","40","Commuter Bus","CB","PT","2","97507","Yakima, WA","133,145","https://rapid.nationalrtap.org/GTFSFileManagement/UserUploadFiles/13648/yakima_wa_rt11_gtfs.zip",,,"true","2025 July 02","2025 December 19"
"00006","City of Yakima","Yakima","WA","City, County or Local Government Unit or Department of Transportation","Full Reporter","40","Bus","MB","DO","16","97507","Yakima, WA","133,145","https://yakima.connexionz.net/rtt/public/utility/gtfs.aspx",,,"true","2025 July 01","2025 December 19"
"00007","Lane Transit District","Eugene","OR","Independent Public Agency or Authority of Transit Service","Full Reporter","133","Bus","MB","DO","53","28117","Eugene, OR","270,179","https://feed.ltd.org/TMGTFSRealTimeWebService/GTFS/google_transit.zip",,,"true","2026 March 13","2026 March 09"
"00007","Lane Transit District","Eugene","OR","Independent Public Agency or Authority of Transit Service","Full Reporter","133","Bus","MB","PT","3","28117","Eugene, OR","270,179","https://oregon-gtfs.trilliumtransit.com/gtfs_data/diamondexpress-or-us/diamondexpress-or-us.zip",,,"true","2026 March 13","2026 March 09"
"00007","Lane Transit District","Eugene","OR","Independent Public Agency or Authority of Transit Service","Full Reporter","133","Bus","MB","PT","3","28117","Eugene, OR","270,179","https://oregon-gtfs.trilliumtransit.com/gtfs_data/rhodyexpress-or-us/rhodyexpress-or-us.zip",,,"true","2026 March 13","2026 March 09"
"00007","Lane Transit District","Eugene","OR","Independent Public Agency or Authority of Transit Service","Full Reporter","133","Bus Rapid Transit","RB","DO","13","28117","Eugene, OR","270,179","https://feed.ltd.org/TMGTFSRealTimeWebService/GTFS/google_transit.zip",,,"true","2026 March 13","2026 March 09"
"00008","Tri-County Metropolitan Transportation District of Oregon","Portland","OR","Independent Public Agency or Authority of Transit Service","Full Reporter","851","Light Rail","LR","DO","100","71317","Portland, OR--WA","2,104,238","https://developer.trimet.org/schedule/gtfs.zip",,,"true","2025 November 20","2025 October 09"
"00008","Tri-County Metropolitan Transportation District of Oregon","Portland","OR","Independent Public Agency or Authority of Transit Service","Full Reporter","851","Bus","MB","DO","485","71317","Portland, OR--WA","2,104,238","https://developer.trimet.org/schedule/gtfs.zip",,,"true","2025 November 20","2025 October 09"
"00008","Tri-County Metropolitan Transportation District of Oregon","Portland","OR","Independent Public Agency or Authority of Transit Service","Full Reporter","851","Hybrid Rail","YR","PT","3","71317","Portland, OR--WA","2,104,238","https://developer.trimet.org/schedule/gtfs.zip",,,"true","2025 November 20","2025 October 09"
"00010","Klamath Tribes","Chiloquin","OR","Tribe","Reduced Reporter","14","Commuter Bus","CB","DO","3","00041","Oregon Non-UZA","1,553,447","https://rapid.nationalrtap.org/GTFSFileManagement/UserUploadFiles/11851/TheKlamathTribesGTFS.zip",,,,"2025 April 28","2024 June 07"
"00011","Valley Regional Transit","Meridian","ID","Independent Public Agency or Authority of Transit Service","Full Reporter","80","Bus","MB","PT","42","08785","Boise City, ID","433,180","https://www.valleyregionaltransit.org/GTFS/vrt_transit1.zip",,,"true","2025 April 24","2026 April 22"
"00012","Municipality of Anchorage","Anchorage","AK","City, County or Local Government Unit or Department of Transportation","Full Reporter","187","Bus","MB","DO","41","02305","Anchorage, AK","249,252","https://gtfs.muni.org/People_Mover.gtfs.zip",,,"true","2025 May 14","2024 May 03"
"00014","Sitka Tribe of Alaska","Sitka","AK","Tribe","Reduced Reporter","3","Bus","MB","DO","3","00002","Alaska Non-UZA","359,299",,"This agency provided the GTFS as a zip file instead of a public weblink, providing justification for why it could not be hosted. Please contact the agency if you need to access this file.",,"true","2025 May 29","2025 May 28"
"00016","City of Longview","Longview","WA","City, County or Local Government Unit or Department of Transportation","Full Reporter","24","Bus","MB","DO","14","51283","Longview, WA--OR","69,841","https://data.trilliumtransit.com/gtfs/rivercitiestransit-wa-us/rivercitiestransit-wa-us.zip",,,"true","2025 April 25","2026 April 28"
"00018","Ben Franklin Transit","Richland","WA","Independent Public Agency or Authority of Transit Service","Full Reporter","309","Bus","MB","DO","57","44479","Kennewick--Richland--Pasco, WA","255,401","https://myride.bft.org/Static/google_transit.zip",,,"true","2025 May 12","2026 April 22"
"00019","Intercity Transit","Olympia","WA","Independent Public Agency or Authority of Transit Service","Full Reporter","248","Commuter Bus","CB","DO","8","65242","Olympia--Lacey, WA","208,157","https://its.rideralerts.com/InfoPoint/gtfs-zip.ashx",,,"true","2026 April 30","2024 May 08"
"00019","Intercity Transit","Olympia","WA","Independent Public Agency or Authority of Transit Service","Full Reporter","248","Bus","MB","DO","56","65242","Olympia--Lacey, WA","208,157","https://its.rideralerts.com/InfoPoint/gtfs-zip.ashx",,,"true","2026 April 30","2024 May 08"
"00020","Kitsap County Public Transportation Benefit Area Authority","Bremerton","WA","Independent Public Agency or Authority of Transit Service","Full Reporter","223","Ferryboat","FB","DO","6","09946","Bremerton, WA","224,449","https://pride.kitsaptransit.com/gtfs/google_transit.zip",,,"true",,"2026 April 27"
"00020","Kitsap County Public Transportation Benefit Area Authority","Bremerton","WA","Independent Public Agency or Authority of Transit Service","Full Reporter","223","Bus","MB","DO","91","09946","Bremerton, WA","224,449","https://pride.kitsaptransit.com/gtfs/google_transit.zip",,,"true",,"2026 April 27"
"00021","Whatcom Transportation Authority","Bellingham","WA","Independent Public Agency or Authority of Transit Service","Full Reporter","96","Bus","MB","DO","48","06652","Bellingham, WA","128,979","https://github.com/whatcomtrans/publicwtadata/raw/master/GTFS/wta_gtfs_latest.zip",,,"true","2025 May 01","2026 February 24"
"00022","City of Pocatello","Pocatello","ID","City, County or Local Government Unit or Department of Transportation","Reduced Reporter","24","Bus","MB","DO","11","70426","Pocatello, ID","72,211","https://pocatellotransit.com/gtfs/pocatello-regional-transit-gtfs.zip?v=current",,,"true","2026 March 20","2026 January 29"
"00023","City of Seattle","Seattle","WA","City, County or Local Government Unit or Department of Transportation","Full Reporter","8","Monorail/Automated Guideway","MG","PT","8","80389","Seattle--Tacoma, WA","3,544,011","https://raw.githubusercontent.com/Seattle-Monorail-Services/gtfs/main/96_gtfs.zip",,,"true","2025 May 12","2026 April 27"
"00024","Clark County Public Transportation Benefit Area Authority","Vancouver","WA","Independent Public Agency or Authority of Transit Service","Full Reporter","174","Bus","MB","DO","94","71317","Portland, OR--WA","2,104,238","https://c-tran.com/images/Google/GoogleTransitUpload.zip",,,"true","2026 April 24","2024 May 10"
"00025","Salem Area Mass Transit District","Salem","OR","Independent Public Agency or Authority of Transit Service","Full Reporter","136","Bus","MB","DO","55","78229","Salem, OR","268,331","https://cherriots.rideralerts.com/InfoPoint/gtfs-zip.ashx",,,"true","2026 January 09","2025 November 19"
"00025","Salem Area Mass Transit District","Salem","OR","Independent Public Agency or Authority of Transit Service","Full Reporter","136","Bus","MB","PT","13","78229","Salem, OR","268,331","https://cherriots.rideralerts.com/InfoPoint/gtfs-zip.ashx",,,"true","2026 January 09","2025 November 19"
"00028","County of Pierce","Tacoma","WA","City, County or Local Government Unit or Department of Transportation","Full Reporter","2","Ferryboat","FB","PT","2","80389","Seattle--Tacoma, WA","3,544,011","https://www.piercecountywa.gov/1793/Ferry",,,"true",,"2025 November 20"
"00028","County of Pierce","Tacoma","WA","City, County or Local Government Unit or Department of Transportation","Full Reporter","2","Ferryboat","FB","PT","2","80389","Seattle--Tacoma, WA","3,544,011","http://hbwest.connexionz.net/rtt/public/resource/gtfs.zip",,,"true","2025 June 20","2025 June 17"
"00029","Snohomish County Public Transportation Benefit Area Corporation","Everett","WA","Independent Public Agency or Authority of Transit Service","Full Reporter","545","Bus","MB","DO","157","80389","Seattle--Tacoma, WA","3,544,011","https://www.communitytransit.org/docs/default-source/open-data/gtfs/current.zip?sfvrsn=988306d7_35",,,"true","2026 April 30","2026 February 12"
"00031","Shoshone-Bannock Tribes","Fort Hall","ID","Tribe","Reduced Reporter","7","Bus","MB","DO","7","00016","Idaho Non-UZA","836,252",,"This agency provided the GTFS as a zip file instead of a public weblink, providing justification for why it could not be hosted. Please contact the agency if you need to access this file.",,"true","2026 March 23","2026 March 23"
"00033","Senior Services of Snohomish County","Everett","WA","Private-Non-Profit Corporation","Reduced Reporter","11","Bus","MB","DO","1","80389","Seattle--Tacoma, WA","3,544,011","https://data.trilliumtransit.com/gtfs/homage-wa-us/homage-wa-us-darrington--flex-v2.zip",,,"true","2025 April 16","2026 April 22"
"00034","Rogue Valley Transportation District","Medford","OR","Independent Public Agency or Authority of Transit Service","Full Reporter","52","Bus","MB","DO","34","55981","Medford, OR","171,640","https://data.trilliumtransit.com/gtfs/rvtd-or-us/rvtd-or-us.zip",,,"true","2026 February 17","2025 December 15"
"00035","Washington State Ferries","Olympia","WA","State Government Unit or Department of Transportation","Full Reporter","17","Ferryboat","FB","DO","17","80389","Seattle--Tacoma, WA","3,544,011","https://business.wsdot.wa.gov/Transit/csv_files/wsf/google_transit.zip",,,"true","2026 March 05","2025 December 19"
"00036","Makah Tribal Council","Neah Bay","WA","Tribe","Reduced Reporter","1","Bus","MB","DO","1","00053","Washington Non-UZA","1,895,776","https://data.trilliumtransit.com/gtfs/makah-wa-us/makah-wa-us.zip",,,"true","2026 April 24","2026 April 22"
"00040","Central Puget Sound Regional Transit Authority","Seattle","WA","Independent Public Agency or Authority of Transit Service","Full Reporter","373","Commuter Bus","CB","DO","139","80389","Seattle--Tacoma, WA","3,544,011","https://www.soundtransit.org/GTFS-PT/gtfs.zip",,,"true","2025 May 20","2025 October 08"
"00040","Central Puget Sound Regional Transit Authority","Seattle","WA","Independent Public Agency or Authority of Transit Service","Full Reporter","373","Commuter Bus","CB","DO","139","80389","Seattle--Tacoma, WA","3,544,011","https://www.soundtransit.org/GTFS-KCM/google_transit.zip",,,"true","2025 May 20","2025 October 08"
"00040","Central Puget Sound Regional Transit Authority","Seattle","WA","Independent Public Agency or Authority of Transit Service","Full Reporter","373","Commuter Rail","CR","PT","66","80389","Seattle--Tacoma, WA","3,544,011","https://www.soundtransit.org/GTFS-rail/40_gtfs.zip",,,"true","2025 June 18","2025 October 08"
"00040","Central Puget Sound Regional Transit Authority","Seattle","WA","Independent Public Agency or Authority of Transit Service","Full Reporter","373","Light Rail","LR","DO","122","80389","Seattle--Tacoma, WA","3,544,011","https://www.soundtransit.org/GTFS-rail/40_gtfs.zip",,,"true","2025 June 18","2025 October 08"
"00040","Central Puget Sound Regional Transit Authority","Seattle","WA","Independent Public Agency or Authority of Transit Service","Full Reporter","373","Bus","MB","PT","41","80389","Seattle--Tacoma, WA","3,544,011","https://www.soundtransit.org/GTFS-CT/current.zip",,,"true","2025 May 20","2025 October 08"
"00040","Central Puget Sound Regional Transit Authority","Seattle","WA","Independent Public Agency or Authority of Transit Service","Full Reporter","373","Streetcar Rail","SR","DO","5","80389","Seattle--Tacoma, WA","3,544,011","https://www.soundtransit.org/GTFS-rail/40_gtfs.zip",,,"true","2025 June 18","2025 October 08"
"00041","Alaska Railroad Corporation","Anchorage","AK","State Government Unit or Department of Transportation","Full Reporter","57","Alaska Railroad","AR","DO","57","02305","Anchorage, AK","249,252","https://www.alaskarailroad.com/sites/default/files/GTFS/GTFS-20240419.zip",,,"true","2025 April 17","2024 May 17"
"00041","Alaska Railroad Corporation","Anchorage","AK","State Government Unit or Department of Transportation","Full Reporter","57","Alaska Railroad","AR","DO","57","02305","Anchorage, AK","249,252","https://alaskarailroad.com/GTFS",,,"true",,"2026 April 23"
"00043","Chelan Douglas PTBA","Wenatchee","WA","Independent Public Agency or Authority of Transit Service","Full Reporter","82","Bus","MB","DO","39","93862","Wenatchee, WA","78,142","https://link.rideralerts.com/InfoPoint/gtfs-zip.ashx",,,"true","2025 May 27","2026 April 23"
"00044","Skagit Transit","Burlington","WA","Independent Public Agency or Authority of Transit Service","Full Reporter","85","Commuter Bus","CB","DO","6","60490","Mount Vernon, WA","66,825","https://strweb.skagittransit.org/GTFS/google_transit.zip",,,"true","2025 May 29","2026 April 22"
"00044","Skagit Transit","Burlington","WA","Independent Public Agency or Authority of Transit Service","Full Reporter","85","Bus","MB","DO","24","60490","Mount Vernon, WA","66,825","https://strweb.skagittransit.org/GTFS/google_transit.zip",,,"true","2025 May 29","2026 April 22"
"00045","Fairbanks North Star Borough","Fairbanks","AK","City, County or Local Government Unit or Department of Transportation","Reduced Reporter","17","Bus","MB","DO","10","28549","Fairbanks, AK","71,396","https://fnsb.gov/DocumentCenter/View/24935/General-Transit-Feed-Specification-2025zip",,,"true","2025 December 03","2025 November 19"
"00046","City of Wilsonville","Wilsonville","OR","City, County or Local Government Unit or Department of Transportation","Full Reporter","19","Bus","MB","DO","12","71317","Portland, OR--WA","2,104,238","https://mysmartbus.com/gtfs",,,"true","2026 February 12","2025 December 02"
"00047","City of Corvallis","Corvallis","OR","City, County or Local Government Unit or Department of Transportation","Reduced Reporter","11","Bus","MB","PT","11","20422","Corvallis, OR","66,791","https://www.corvallistransit.com/rtt/public/resource/gtfs.zip",,,"true","2025 November 24","2026 March 06"
"00048","City of Lewiston","Lewiston","ID","City, County or Local Government Unit or Department of Transportation","Reduced Reporter","5","Bus","MB","DO","2","49312","Lewiston, ID--WA","54,798","https://passio3.com/lewiston/passioTransit/gtfs/google_transit.zip",,,"true","2026 March 19","2026 March 18"
"00051","Asotin County Public Transportation Benefit Area","Clarkston","WA","Independent Public Agency or Authority of Transit Service","Reduced Reporter","12","Bus","MB","DO","3","49312","Lewiston, ID--WA","54,798","https://data.trilliumtransit.com/gtfs/asotincounty-wa-us/asotincounty-wa-us.zip",,,"true","2026 April 13","2026 April 10"
"00053","Coeur d'Alene Tribe","Plummer","ID","Tribe","Reduced Reporter","7","Bus","MB","DO","5","18451","Coeur d'Alene, ID","121,831","https://passio3.com/citylinkrural/passioTransit/gtfs/google_transit.zip",,,"true","2026 March 16","2026 March 16"
"00053","Coeur d'Alene Tribe","Plummer","ID","Tribe","Reduced Reporter","7","Bus","MB","DO","5","18451","Coeur d'Alene, ID","121,831","https://passio3.com/kootenai/passioTransit/gtfs/google_transit.zip",,,"true","2026 March 16","2026 March 16"
"00057","Central Oregon Intergovernmental Council","Bend","OR","MPO, COG or Other Planning Agency","Full Reporter","109","Bus","MB","DO","17","06868","Bend, OR","106,988","https://passio3.com/cet/passioTransit/gtfs/google_transit.zip",,,"true","2026 January 27","2026 January 07"
"00057","Central Oregon Intergovernmental Council","Bend","OR","MPO, COG or Other Planning Agency","Full Reporter","109","Bus","MB","PT","13","06868","Bend, OR","106,988","https://passio3.com/cet/passioTransit/gtfs/google_transit.zip",,,"true","2026 January 27","2026 January 07"
"00058","City of Portland","Portland","OR","City, County or Local Government Unit or Department of Transportation","Full Reporter","14","Streetcar Rail","SR","PT","12","71317","Portland, OR--WA","2,104,238","https://developer.trimet.org/schedule/gtfs.zip",,,"true","2025 November 20","2025 November 19"
"00058","City of Portland","Portland","OR","City, County or Local Government Unit or Department of Transportation","Full Reporter","14","Aerial Tramway","TR","PT","2","71317","Portland, OR--WA","2,104,238","https://developer.trimet.org/schedule/gtfs.zip",,,"true","2025 November 20","2025 November 19"
"00059","Josephine County","Grants Pass","OR","City, County or Local Government Unit or Department of Transportation","Reduced Reporter","18","Commuter Bus","CB","DO","6","34516","Grants Pass, OR","55,724","https://oregon-gtfs.trilliumtransit.com/gtfs_data/josephinecounty-or-us/josephinecounty-or-us.zip",,,"true","2026 March 17","2026 March 04"
"00059","Josephine County","Grants Pass","OR","City, County or Local Government Unit or Department of Transportation","Reduced Reporter","18","Bus","MB","DO","7","34516","Grants Pass, OR","55,724","https://oregon-gtfs.trilliumtransit.com/gtfs_data/josephinecounty-or-us/josephinecounty-or-us.zip",,,"true","2026 March 17","2026 March 04"
"00061","City of Albany","Albany","OR","City, County or Local Government Unit or Department of Transportation","Reduced Reporter","15","Bus","MB","DO","8","00955","Albany, OR","62,074","https://oregon-gtfs.trilliumtransit.com/gtfs_data/albanytransit-or-us/albanytransit-or-us.zip",,,"true","2026 February 18","2026 February 27"
"00064","Valley Transit","Walla Walla","WA","Independent Public Agency or Authority of Transit Service","Reduced Reporter","19","Bus","MB","DO","9","91405","Walla Walla, WA--OR","50,013","https://itransitnw.com/rtt/public/resource/gtfs.zip",,,"true","2025 May 12","2026 April 23"
"00065","Benton County","Corvallis","OR","City, County or Local Government Unit or Department of Transportation","Reduced Reporter","12","Commuter Bus","CB","PT","2","20422","Corvallis, OR","66,791","https://oregon-gtfs.trilliumtransit.com/gtfs_data/benton-or-us/benton-or-us.zip",,,"true","2025 December 16","2025 November 18"
"00085","Gulkana Village Council","Gakona","AK","Tribe","Reduced Reporter","3","Bus","MB","DO","2","00002","Alaska Non-UZA","359,299","https://rapid.nationalrtap.org/GTFSFileManagement/UserUploadFiles/13205/SET_gtfs.zip",,,"true","2026 March 05","2026 March 04"
"00095","Lummi Nation","Bellingham","WA","Tribe","Reduced Reporter","4","Bus","MB","DO","4","00053","Washington Non-UZA","1,895,776",,"This agency provided the GTFS as a zip file instead of a public weblink, providing justification for why it could not be hosted. Please contact the agency if you need to access this file.",,"true","2025 May 21","2026 April 14"
"00103","Squaxin Island Tribe","Shelton","WA","Tribe","Reduced Reporter","6","Bus","MB","DO","4","00053","Washington Non-UZA","1,895,776","https://data.trilliumtransit.com/gtfs/squaxinisland-wa-us/squaxinisland-wa-us.zip",,,"true","2026 February 20","2026 February 12"
"00111","Confederated Tribes and Bands of The Yakama Nation","Toppenish","WA","Tribe","Reduced Reporter","7","Bus","MB","DO","6","00053","Washington Non-UZA","1,895,776","https://data.trilliumtransit.com/gtfs/pahtopublicpassage-wa-us/pahtopublicpassage-wa-us.zip",,,"true","2026 February 23","2026 February 12"
"00119","Confederated Tribes of the Umatilla Indian Reservation","Pendleton","OR","Tribe","Reduced Reporter","9","Commuter Bus","CB","DO","5","00041","Oregon Non-UZA","1,553,447","https://oregon-gtfs.trilliumtransit.com/gtfs_data/ctuir-or-us/ctuir-or-us.zip",,,"true","2026 April 30","2026 April 28"
"00119","Confederated Tribes of the Umatilla Indian Reservation","Pendleton","OR","Tribe","Reduced Reporter","9","Bus","MB","DO","4","00041","Oregon Non-UZA","1,553,447","https://oregon-gtfs.trilliumtransit.com/gtfs_data/ctuir-or-us/ctuir-or-us.zip",,,"true","2026 April 30","2026 April 28"
"00135","Nez Perce Tribe","Lapwai","ID","Tribe","Reduced Reporter","4","Bus","MB","DO","3","00016","Idaho Non-UZA","836,252","https://rapid.nationalrtap.org/GTFSFileManagement/UserUploadFiles/13754/appaloosa_express_id_gtfs.zip",,,"true","2026 March 12","2026 March 12"
"00199","Seldovia Village Tribe","Seldovia","AK","Tribe","Reduced Reporter","1","Ferryboat","FB","DO","1","00002","Alaska Non-UZA","359,299","https://rapid.nationalrtap.org/GTFSFileManagement/UserUploadFiles/13696/SVT_GTFS2026.zip",,,"true","2026 February 06","2026 February 06"
"00207","Spokane Tribe of Indians","Wellpinit","WA","Tribe","Reduced Reporter","10","Bus","MB","DO","5","00053","Washington Non-UZA","1,895,776","https://passio3.com/spokanetribe/passioTransit/gtfs/google_transit.zip",,,"true","2026 March 17","2026 March 06"
"00285","Thurston Regional Planning Council","Olympia","WA","MPO, COG or Other Planning Agency","Rural Reporter","6","Bus","MB","PT","6","00053","Washington Non-UZA","1,895,776","https://data.trilliumtransit.com/gtfs/thurston-wa-us/thurston-wa-us.zip",,,"true","2025 May 14","2026 March 12"
"00286","Rural Resources Community Action","Colville","WA","Private-Non-Profit Corporation","Rural Reporter","8","Commuter Bus","CB","DO","3","00053","Washington Non-UZA","1,895,776","https://data.trilliumtransit.com/gtfs/ruralresources-wa-us/ruralresources-wa-us.zip",,,"true","2025 May 14","2026 March 12"
"00287","People for People Moses Lake","Yakima","WA","Private-Non-Profit Corporation","Rural Reporter","26","Bus","MB","DO","8","00053","Washington Non-UZA","1,895,776","https://data.trilliumtransit.com/gtfs/pfp-wa-us/pfp-wa-us.zip",,,"true","2025 May 14","2026 March 25"
"00294","City of Pullman","Pullman","WA","City, County or Local Government Unit or Department of Transportation","Rural Reporter","16","Bus","MB","DO","12","00053","Washington Non-UZA","1,895,776","https://pullmanbusbeacon.com/gtfs",,,"true","2025 May 14","2026 March 24"
"00296","Tillamook County Transportation District","Tillamook","OR","City, County or Local Government Unit or Department of Transportation","Rural Reporter","11","Commuter Bus","CB","DO","2","00041","Oregon Non-UZA","1,553,447","https://oregon-gtfs.trilliumtransit.com/gtfs_data/tillamookcounty-or-us/tillamookcounty-or-us.zip",,,"true","2026 January 28","2025 November 18"
"00296","Tillamook County Transportation District","Tillamook","OR","City, County or Local Government Unit or Department of Transportation","Rural Reporter","11","Bus","MB","DO","5","00041","Oregon Non-UZA","1,553,447","https://oregon-gtfs.trilliumtransit.com/gtfs_data/tillamookcounty-or-us/tillamookcounty-or-us.zip",,,"true","2026 January 28","2025 November 18"
"00297","People for People Yakima","Yakima","WA","Private-Non-Profit Corporation","Reduced Reporter","17","Commuter Bus","CB","DO","3","97507","Yakima, WA","133,145","https://data.trilliumtransit.com/gtfs/pfp-wa-us/pfp-wa-us.zip",,,"true","2026 January 12","2025 December 09"
"00297","People for People Yakima","Yakima","WA","Private-Non-Profit Corporation","Reduced Reporter","17","Bus","MB","DO","2","97507","Yakima, WA","133,145","https://data.trilliumtransit.com/gtfs/pfp-wa-us/pfp-wa-us.zip",,,"true","2026 January 12","2025 December 09"
"00298","Island Transit","Coupeville","WA","Independent Public Agency or Authority of Transit Service","Rural Reporter","58","Bus","MB","DO","14","00053","Washington Non-UZA","1,895,776","https://passio3.com/islandtransit/passioTransit/gtfs/google_transit.zip",,,"true","2025 May 14","2026 April 02"
"00299","Klickitat County Senior Services","Goldendale","WA","City, County or Local Government Unit or Department of Transportation","Rural Reporter","14","Bus","MB","DO","2","00053","Washington Non-UZA","1,895,776","https://data.trilliumtransit.com/gtfs/mountadams-wa-us/mountadams-wa-us.zip",,,"true","2025 May 14","2026 March 25"
"00301","South Clackamas Transportation District","Molalla","OR","Independent Public Agency or Authority of Transit Service","Rural Reporter","4","Bus","MB","PT","4","00041","Oregon Non-UZA","1,553,447","https://oregon-gtfs.trilliumtransit.com/gtfs_data/sctd-or-us/sctd-or-us.zip",,,"true","2026 January 28","2025 November 18"
"00303","Clallam Transit System","Port Angeles","WA","Independent Public Agency or Authority of Transit Service","Rural Reporter","54","Bus","MB","DO","18","00053","Washington Non-UZA","1,895,776","https://mjcaction.com/MJC_GTFS_Public/clallam_google_transit.zip",,,"true","2025 May 14","2026 March 24"
"00307","Coos County Area Transit","Coos Bay","OR","Independent Public Agency or Authority of Transit Service","Rural Reporter","12","Commuter Bus","CB","DO","4","00041","Oregon Non-UZA","1,553,447","https://oregon-gtfs.trilliumtransit.com/gtfs_data/cooscounty-or-us/cooscounty-or-us.zip",,,"true","2026 January 28","2025 November 18"
"00307","Coos County Area Transit","Coos Bay","OR","Independent Public Agency or Authority of Transit Service","Rural Reporter","12","Bus","MB","DO","4","00041","Oregon Non-UZA","1,553,447","https://oregon-gtfs.trilliumtransit.com/gtfs_data/cooscounty-or-us/cooscounty-or-us.zip",,,"true","2026 January 28","2025 November 18"
"00308","Curry County Public Transit Service District","Brookings","OR","Private Provider Reporting on Behalf of a Public Entity","Rural Reporter","11","Bus","MB","DO","6","00041","Oregon Non-UZA","1,553,447","https://oregon-gtfs.trilliumtransit.com/gtfs_data/currypublictransit-or-us/currypublictransit-brookings-or-us.zip",,,"true","2026 January 28","2025 November 18"
"00309","Grant County Transportation Authority","Moses Lake","WA","Independent Public Agency or Authority of Transit Service","Rural Reporter","49","Bus","MB","DO","19","00053","Washington Non-UZA","1,895,776","https://data.trilliumtransit.com/gtfs/granttransit-wa-us/granttransit-wa-us.zip",,,"true","2025 May 14","2026 March 31"
"00310","Lincoln County Transportation Service District","Newport","OR","Independent Public Agency or Authority of Transit Service","Rural Reporter","13","Commuter Bus","CB","DO","1","00041","Oregon Non-UZA","1,553,447","https://oregon-gtfs.trilliumtransit.com/gtfs_data/lincolncounty-or-us/lincolncounty-or-us.zip",,,"true","2026 January 28","2025 November 18"
"00310","Lincoln County Transportation Service District","Newport","OR","Independent Public Agency or Authority of Transit Service","Rural Reporter","13","Bus","MB","DO","8","00041","Oregon Non-UZA","1,553,447","https://oregon-gtfs.trilliumtransit.com/gtfs_data/lincolncounty-or-us/lincolncounty-or-us.zip",,,"true","2026 January 28","2025 November 18"
"00311","Mountain Rides Transportation Authority","Ketchum","ID","Independent Public Agency or Authority of Transit Service","Rural Reporter","34","Bus","MB","DO","13","00016","Idaho Non-UZA","836,252","https://mountainrides.transloc.com/Secure/Admin/Reports/GTFSDownload.aspx",,,"true","2026 January 16","2026 January 14"
"00312","Hopesource","Ellensburg","WA","Private-Non-Profit Corporation","Rural Reporter","14","Bus","MB","DO","7","00053","Washington Non-UZA","1,895,776","https://data.trilliumtransit.com/gtfs/hopesource-wa-us/hopesource-wa-us.zip",,,"true","2025 May 14","2026 March 25"
"00313","Grant County Transportation District","John Day","OR","City, County or Local Government Unit or Department of Transportation","Rural Reporter","6","Bus","MB","DO","4","00041","Oregon Non-UZA","1,553,447","https://oregon-gtfs.trilliumtransit.com/gtfs_data/peoplemover-or-us/peoplemover-or-us.zip",,,"true","2026 January 28","2025 November 18"
"00314","Grays Harbor Transit","Hoquiam","WA","Independent Public Agency or Authority of Transit Service","Rural Reporter","47","Bus","MB","DO","22","00053","Washington Non-UZA","1,895,776","https://mjcaction.com/MJC_GTFS_Public/graysharbor_google_transit.zip",,,"true","2025 May 14","2026 March 24"
"00315","Mason County Transportation Authority","Shelton","WA","Independent Public Agency or Authority of Transit Service","Rural Reporter","35","Bus","MB","DO","15","00053","Washington Non-UZA","1,895,776","https://data.trilliumtransit.com/gtfs/mason-wa-us/mason-wa-us.zip",,,"true","2025 May 14","2026 March 25"
"00316","Jefferson Transit","Port Townsend","WA","Independent Public Agency or Authority of Transit Service","Rural Reporter","13","Bus","MB","DO","9","00053","Washington Non-UZA","1,895,776","https://mjcaction.com/MJC_GTFS_Public/jefferson_google_transit.zip",,,"true","2025 May 14","2026 March 25"
"00319","Hood River County Transportation District","Hood River","OR","Independent Public Agency or Authority of Transit Service","Rural Reporter","12","Commuter Bus","CB","DO","7","00041","Oregon Non-UZA","1,553,447","https://oregon-gtfs.trilliumtransit.com/gtfs_data/hoodriver-or-us/hoodriver-or-us.zip",,,"true","2026 January 28","2025 November 18"
"00319","Hood River County Transportation District","Hood River","OR","Independent Public Agency or Authority of Transit Service","Rural Reporter","12","Bus","MB","DO","3","00041","Oregon Non-UZA","1,553,447","https://oregon-gtfs.trilliumtransit.com/gtfs_data/hoodriver-or-us/hoodriver-or-us.zip",,,"true","2026 January 28","2025 November 18"
"00321","Yamhill County","Mcminnville","OR","City, County or Local Government Unit or Department of Transportation","Rural Reporter","24","Commuter Bus","CB","PT","11","00041","Oregon Non-UZA","1,553,447","https://ycta.connexionz.net/rtt/public/resource/gtfs.zip",,,"true","2026 January 28","2025 November 21"
"00321","Yamhill County","Mcminnville","OR","City, County or Local Government Unit or Department of Transportation","Rural Reporter","24","Bus","MB","PT","5","00041","Oregon Non-UZA","1,553,447","https://ycta.connexionz.net/rtt/public/resource/gtfs.zip",,,"true","2026 January 28","2025 November 21"
"00322","Pacific Transit","Raymond","WA","Independent Public Agency or Authority of Transit Service","Rural Reporter","18","Bus","MB","DO","11","00053","Washington Non-UZA","1,895,776","https://data.trilliumtransit.com/gtfs/pacifictransit-wa-us/pacifictransit-wa-us.zip",,,"true","2025 May 14","2026 March 26"
"00323","Malheur Council on Aging and Community Services","Ontario","OR","Private-Non-Profit Corporation","Rural Reporter","10","Commuter Bus","CB","DO","1","00041","Oregon Non-UZA","1,553,447","https://oregon-gtfs.trilliumtransit.com/gtfs_data/mcacs-or-us/mcacs-or-us.zip",,,"true","2026 January 28","2025 November 18"
"00323","Malheur Council on Aging and Community Services","Ontario","OR","Private-Non-Profit Corporation","Rural Reporter","10","Bus","MB","DO","1","00041","Oregon Non-UZA","1,553,447","https://oregon-gtfs.trilliumtransit.com/gtfs_data/mcacs-or-us/mcacs-or-us.zip",,,"true","2026 January 28","2025 November 18"
"00327","Valley Transit","Wasilla","AK","Private-Non-Profit Corporation","Reduced Reporter","10","Bus","MB","DO","5","92459","Wasilla--Knik-Fairview--North Lakes, AK","53,444","https://ride.valleytransitak.org/GTFS/google_transit.zip",,,"true","2026 January 14","2026 February 27"
"00330","City of Canby","Canby","OR","City, County or Local Government Unit or Department of Transportation","Reduced Reporter","9","Bus","MB","PT","5","71317","Portland, OR--WA","2,104,238","https://oregon-gtfs.trilliumtransit.com/gtfs_data/canbytransit-or-us/canbytransit-or-us.zip",,,"true","2025 November 24","2025 November 12"
"00331","Sunset Empire Transportation District","Astoria","OR","Independent Public Agency or Authority of Transit Service","Rural Reporter","9","Bus","MB","DO","4","00041","Oregon Non-UZA","1,553,447","https://oregon-gtfs.trilliumtransit.com/gtfs_data/clatsopcounty-or-us/clatsopcounty-or-us.zip",,,"true","2026 January 28","2025 November 18"
"00332","Okanogan County Transportation & Nutrition","Omak","WA","Private-Non-Profit Corporation","Rural Reporter","12","Bus","MB","DO","3","00053","Washington Non-UZA","1,895,776","https://business.wsdot.wa.gov/Transit/GTFS/OCTN/octn-wa-us.zip",,,"true","2025 May 14","2025 February 19"
"00336","Skamania County Senior Services","Stevenson","WA","City, County or Local Government Unit or Department of Transportation","Rural Reporter","11","Bus","MB","DO","3","00053","Washington Non-UZA","1,895,776","https://data.trilliumtransit.com/gtfs/skamaniacounty-wa-us/skamaniacounty-wa-us.zip",,,"true","2025 May 14","2026 March 26"
"00339","Basin Transit Service","Klamath Falls","OR","Independent Public Agency or Authority of Transit Service","Rural Reporter","8","Bus","MB","DO","4","00041","Oregon Non-UZA","1,553,447","https://oregon-gtfs.trilliumtransit.com/gtfs_data/basin-or-us/basin-or-us.zip",,,"true","2026 January 28","2025 November 18"
"00341","Selkirks-Pend Oreille Transit Authority","Dover","ID","Independent Public Agency or Authority of Transit Service","Rural Reporter","14","Bus","MB","DO","10","00016","Idaho Non-UZA","836,252","https://passio3.com/Spotbus/passioTransit/gtfs/google_transit.zip",,,"true","2026 February 15","2026 April 30"
"00343","Community Connection of Northeast Oregon","La Grande","OR","Private-Non-Profit Corporation","Rural Reporter","20","Commuter Bus","CB","DO","2","00041","Oregon Non-UZA","1,553,447","https://oregon-gtfs.trilliumtransit.com/gtfs_data/northeast-or-us/northeast-or-us.zip",,,"true","2026 January 28","2025 November 18"
"00343","Community Connection of Northeast Oregon","La Grande","OR","Private-Non-Profit Corporation","Rural Reporter","20","Bus","MB","DO","4","00041","Oregon Non-UZA","1,553,447","https://oregon-gtfs.trilliumtransit.com/gtfs_data/northeast-or-us/northeast-or-us.zip",,,"true","2026 January 28","2025 November 18"
"00345","Glacier Valley Transit","Girdwood","AK","Private-Non-Profit Corporation","Rural Reporter","2","Bus","MB","PT","2","00002","Alaska Non-UZA","359,299","https://rapid.nationalrtap.org/GTFSFileManagement/UserUploadFiles/13629/GVTGTFSZIP.zip",,,"true","2026 March 06","2026 March 05"
"00347","Regional Public Transportation, Inc.","Moscow","ID","Private-Non-Profit Corporation","Rural Reporter","5","Bus","MB","DO","2","00016","Idaho Non-UZA","836,252","https://rapid.nationalrtap.org/GTFSFileManagement/UserUploadFiles/11599/google_transit.zip",,,"true","2026 January 16","2026 January 13"
"00348","Senior Citizens of Sweet Home, Inc.","Sweet Home","OR","Private-Non-Profit Corporation","Rural Reporter","11","Commuter Bus","CB","DO","7","00041","Oregon Non-UZA","1,553,447","https://oregon-gtfs.trilliumtransit.com/gtfs_data/albanytransit-or-us/albanytransit-or-us.zip",,,"true","2026 January 28","2025 November 18"
"00348","Senior Citizens of Sweet Home, Inc.","Sweet Home","OR","Private-Non-Profit Corporation","Rural Reporter","11","Bus","MB","DO","2","00041","Oregon Non-UZA","1,553,447","https://oregon-gtfs.trilliumtransit.com/gtfs_data/albanytransit-or-us/albanytransit-or-us.zip",,,"true","2026 January 28","2025 November 18"
"00358","Ketchikan Gateway Borough","Ketchikan","AK","City, County or Local Government Unit or Department of Transportation","Rural Reporter","16","Bus","MB","DO","6","00002","Alaska Non-UZA","359,299","https://data.trilliumtransit.com/gtfs/kgb-ak-us/kgb-ak-us.zip",,,"true","2026 January 08","2025 December 04"
"00359","City of Pendleton","Pendleton","OR","City, County or Local Government Unit or Department of Transportation","Rural Reporter","6","Bus","MB","PT","2","00041","Oregon Non-UZA","1,553,447","https://oregon-gtfs.trilliumtransit.com/gtfs_data/pendleton-or-us/pendleton-or-us.zip",,,"true","2026 January 28","2025 November 18"
"00360","City of Woodburn","Woodburn","OR","City, County or Local Government Unit or Department of Transportation","Rural Reporter","6","Bus","MB","DO","2","00041","Oregon Non-UZA","1,553,447","https://oregon-gtfs.trilliumtransit.com/gtfs_data/woodburn-or-us/woodburn-or-us.zip",,,"true","2026 January 28","2025 November 14"
"00363","Clackamas County","Oregon City","OR","City, County or Local Government Unit or Department of Transportation","Reduced Reporter","21","Commuter Bus","CB","PT","2","71317","Portland, OR--WA","2,104,238","https://passio3.com/sandyor/passioTransit/gtfs/google_transit.zip",,,"true","2025 November 12","2026 March 03"
"00363","Clackamas County","Oregon City","OR","City, County or Local Government Unit or Department of Transportation","Reduced Reporter","21","Bus","MB","PT","5","71317","Portland, OR--WA","2,104,238","https://passio3.com/clackamas/passioTransit/gtfs/google_transit.zip",,,"true","2025 November 12","2026 February 27"
"00364","Lewis County Transit","Centralia","WA","Independent Public Agency or Authority of Transit Service","Rural Reporter","18","Bus","MB","DO","9","00053","Washington Non-UZA","1,895,776","https://data.trilliumtransit.com/gtfs/twintransit-wa-us/twintransit-wa-us.zip",,,"true","2025 May 14","2026 March 26"
"00371","Wahkiakum County","Cathlamet","WA","City, County or Local Government Unit or Department of Transportation","Rural Reporter","7","Bus","MB","DO","4","00053","Washington Non-UZA","1,895,776","https://data.trilliumtransit.com/gtfs/wotm-wa-us/wotm-wa-us.zip",,,"true","2025 May 14","2026 March 18"
"00373","Treasure Valley Transit","Nampa","ID","Private-Non-Profit Corporation","Reduced Reporter","26","Bus","MB","DO","11","60976","Nampa, ID","177,561","https://idahorides.treasurevalleytransit.com/gtfs/realtime/google_transit.zip",,,"true","2026 February 17","2026 April 24"
"00374","Harney County","Burns","OR","City, County or Local Government Unit or Department of Transportation","Rural Reporter","11","Bus","MB","PT","1","00041","Oregon Non-UZA","1,553,447","https://oregon-gtfs.trilliumtransit.com/gtfs_data/harneycounty-or-us/harneycounty-or-us.zip",,,"true","2026 January 28","2025 November 17"
"00375","Columbia County","Saint Helens","OR","City, County or Local Government Unit or Department of Transportation","Rural Reporter","7","Commuter Bus","CB","DO","2","00041","Oregon Non-UZA","1,553,447","https://oregon-gtfs.trilliumtransit.com/gtfs_data/columbiacounty-or-us/columbiacounty-or-us.zip",,,"true","2026 January 28","2025 November 18"
"00376","Ride Connection, Inc.","Portland","OR","Private-Non-Profit Corporation","Full Reporter","90","Bus","MB","DO","12","71317","Portland, OR--WA","2,104,238","https://oregon-gtfs.trilliumtransit.com/gtfs_data/rideconnection-or-us/rideconnection-or-us.zip",,,"true","2026 March 03","2026 February 18"
"00377","City of Lebanon","Lebanon","OR","City, County or Local Government Unit or Department of Transportation","Rural Reporter","9","Commuter Bus","CB","DO","1","00041","Oregon Non-UZA","1,553,447","https://oregon-gtfs.trilliumtransit.com/gtfs_data/albanytransit-or-us/albanytransit-or-us.zip",,,"true","2026 January 28","2025 November 19"
"00377","City of Lebanon","Lebanon","OR","City, County or Local Government Unit or Department of Transportation","Rural Reporter","9","Bus","MB","DO","1","00041","Oregon Non-UZA","1,553,447","https://oregon-gtfs.trilliumtransit.com/gtfs_data/albanytransit-or-us/albanytransit-or-us.zip",,,"true","2026 January 28","2025 November 19"
"00382","Inter-Island Ferry Authority","Craig","AK","Independent Public Agency or Authority of Transit Service","Rural Reporter","1","Ferryboat","FB","DO","1","00002","Alaska Non-UZA","359,299","https://data.trilliumtransit.com/gtfs/interisland-ak-us/interisland-ak-us.zip",,,"true","2026 January 08","2025 December 23"
"00386","Special Mobility Services","Portland","OR","Private-Non-Profit Corporation","Rural Reporter","6","Bus","MB","DO","5","00053","Washington Non-UZA","1,895,776","https://data.trilliumtransit.com/gtfs/specialmobilityservices-wa-us/specialmobilityservices-wa-us.zip",,,"true","2025 May 14","2026 March 24"
"00387","City of Bethel","Bethel","AK","City, County or Local Government Unit or Department of Transportation","Rural Reporter","1","Bus","MB","DO","1","00002","Alaska Non-UZA","359,299","https://rapid.nationalrtap.org/GTFSFileManagement/UserUploadFiles/13633/bts_gtfs.zip",,,"true","2026 March 11","2026 March 05"
"00389","City of Sandy","Sandy","OR","City, County or Local Government Unit or Department of Transportation","Rural Reporter","7","Commuter Bus","CB","PT","4","00041","Oregon Non-UZA","1,553,447","https://oregon-gtfs.trilliumtransit.com/gtfs_data/sandy-or-us/sandy-or-us.zip",,,"true","2026 January 28","2025 November 19"
"00389","City of Sandy","Sandy","OR","City, County or Local Government Unit or Department of Transportation","Rural Reporter","7","Bus","MB","PT","1","00041","Oregon Non-UZA","1,553,447","https://oregon-gtfs.trilliumtransit.com/gtfs_data/sandy-or-us/sandy-or-us.zip",,,"true","2026 January 28","2025 November 19"
"00391","City and Borough of Juneau","Juneau","AK","City, County or Local Government Unit or Department of Transportation","Rural Reporter","20","Bus","MB","DO","15","00002","Alaska Non-UZA","359,299","https://data.trilliumtransit.com/gtfs/cityandboroughofjuneau-ak-us/cityandboroughofjuneau-ak-us.zip",,,"true","2026 March 11","2026 March 05"
"00396","Mid-Columbia Economic Development District","The Dalles","OR","City, County or Local Government Unit or Department of Transportation","Rural Reporter","8","Bus","MB","DO","5","00041","Oregon Non-UZA","1,553,447","https://oregon-gtfs.trilliumtransit.com/gtfs_data/mcedd-or-us/mcedd-or-us.zip",,,"true","2026 January 28","2026 March 01"
"00400","Gwichyaa Zhee Tribal Transit Service","Fort Yukon","AK","Tribe","Reduced Reporter","1","Bus","MB","DO","1","00002","Alaska Non-UZA","359,299","https://rapid.nationalrtap.org/GTFSFileManagement/UserUploadFiles/13143/Gwichyaa_Zhee_Gwichin_AK_GTFS.zip",,,"true","2026 February 10","2026 February 06"
"00401","Lower Elwha Klallam Tribe","Port Angeles","WA","Tribe","Reduced Reporter","1","Bus","MB","DO","1","00053","Washington Non-UZA","1,895,776","https://data.trilliumtransit.com/gtfs/elwhatransit-wa-us/elwhatransit-wa-us.zip",,,"true","2026 January 29","2026 March 05"
"00404","Shoshone County","Wallace","ID","City, County or Local Government Unit or Department of Transportation","Rural Reporter","4","Bus","MB","DO","1","00016","Idaho Non-UZA","836,252","https://rapid.nationalrtap.org/GTFSFileManagement/UserUploadFiles/11688/shoshone-idaho-id-us.zip",,,"true","2026 January 16","2026 April 30"
"00405","Okanogan County Transit Authority","Okanogan","WA","Independent Public Agency or Authority of Transit Service","Rural Reporter","15","Bus","MB","DO","9","00053","Washington Non-UZA","1,895,776","https://rapid.nationalrtap.org/GTFSFileManagement/UserUploadFiles/5806/trango_gtfs.zip",,,"true","2025 May 14","2025 March 24"
"00407","Muckleshoot Indian Tribe","Auburn","WA","Tribe","Reduced Reporter","7","Bus","MB","DO","4","80389","Seattle--Tacoma, WA","3,544,011","https://tribaltransit.com/wp-content/uploads/2025/05/GTFS-2.zip",,,"true","2025 May 08","2025 May 07"
"00409","Morrow County","Heppner","OR","City, County or Local Government Unit or Department of Transportation","Rural Reporter","6","Bus","MB","DO","3","00041","Oregon Non-UZA","1,553,447","https://oregon-gtfs.trilliumtransit.com/gtfs_data/morrowcounty-or-us/morrowcounty-or-us.zip",,,"true","2026 January 28","2026 March 01"
"00414","Ninilchik Village","Ninilchik","AK","Tribe","Reduced Reporter","1","Bus","MB","DO","1","00002","Alaska Non-UZA","359,299","https://rapid.nationalrtap.org/GTFSFileManagement/UserUploadFiles/11821/NTC_AK_GTFS.zip",,,"true","2026 January 09","2026 January 02"
"00416","Boise State University","Boise","ID","University","Reduced Reporter","9","Bus","MB","DO","9","08785","Boise City, ID","433,180","https://rapid.nationalrtap.org/GTFSFileManagement/UserUploadFiles/13745/boisestate_gtfs.zip",,,"true","2026 March 05","2026 April 27"
"00459","Umpqua Public Transportation District","Roseburg","OR","Independent Public Agency or Authority of Transit Service","Rural Reporter","12","Commuter Bus","CB","PT","4","00041","Oregon Non-UZA","1,553,447","https://oregon-gtfs.trilliumtransit.com/gtfs_data/umpquatransit-or-us/umpquatransit-or-us.zip",,,"true","2026 January 28","2025 December 18"
"00459","Umpqua Public Transportation District","Roseburg","OR","Independent Public Agency or Authority of Transit Service","Rural Reporter","12","Bus","MB","PT","2","00041","Oregon Non-UZA","1,553,447","https://oregon-gtfs.trilliumtransit.com/gtfs_data/umpquatransit-or-us/umpquatransit-or-us.zip",,,"true","2026 January 28","2025 December 18"
"00460","Craig Tribal Association","Craig","AK","Tribe","Reduced Reporter","1","Bus","MB","DO","1","00002","Alaska Non-UZA","359,299","https://rapid.nationalrtap.org/GTFSFileManagement/UserUploadFiles/13783/cta_ak_gtfs.zip",,,"true","2026 April 02","2026 April 02"
"00464","Lane Council of Governments","Eugene","OR","MPO, COG or Other Planning Agency","Rural Reporter","6","Bus","MB","PT","3","00041","Oregon Non-UZA","1,553,447","https://oregon-gtfs.trilliumtransit.com/gtfs_data/lcog-or-us/lcog-or-us.zip",,,"true","2026 January 28","2026 March 01"
"10001","Rhode Island Public Transit Authority","Providence","RI","Independent Public Agency or Authority of Transit Service","Full Reporter","303","Bus","MB","DO","184","72505","Providence, RI--MA","1,285,806","https://ripta.com/RIPTA-GTFS.zip",,,"true","2026 February 24","2026 February 12"
"10002","Manchester Transit Authority","Manchester","NH","Independent Public Agency or Authority of Transit Service","Reduced Reporter","22","Bus","MB","DO","15","53740","Manchester, NH","163,289","https://rapid.nationalrtap.org/GTFSFileManagement/UserUploadFiles/7841/NHMTAGTFS.zip",,,"true","2026 January 14","2026 February 25"
"10003","Massachusetts Bay Transportation Authority","Boston","MA","Independent Public Agency or Authority of Transit Service","Full Reporter","2,199","Commuter Rail","CR","PT","400","09271","Boston, MA--NH","4,382,009","https://cdn.mbta.com/MBTA_GTFS.zip",,,"true","2025 December 03","2025 December 02"
"10003","Massachusetts Bay Transportation Authority","Boston","MA","Independent Public Agency or Authority of Transit Service","Full Reporter","2,199","Ferryboat","FB","PT","13","09271","Boston, MA--NH","4,382,009","https://cdn.mbta.com/MBTA_GTFS.zip",,,"true","2025 December 03","2025 December 02"
"10003","Massachusetts Bay Transportation Authority","Boston","MA","Independent Public Agency or Authority of Transit Service","Full Reporter","2,199","Heavy Rail","HR","DO","302","09271","Boston, MA--NH","4,382,009","https://cdn.mbta.com/MBTA_GTFS.zip",,,"true","2025 December 03","2025 December 02"
"10003","Massachusetts Bay Transportation Authority","Boston","MA","Independent Public Agency or Authority of Transit Service","Full Reporter","2,199","Light Rail","LR","DO","134","09271","Boston, MA--NH","4,382,009","https://cdn.mbta.com/MBTA_GTFS.zip",,,"true","2025 December 03","2025 December 02"
"10003","Massachusetts Bay Transportation Authority","Boston","MA","Independent Public Agency or Authority of Transit Service","Full Reporter","2,199","Bus","MB","DO","684","09271","Boston, MA--NH","4,382,009","https://cdn.mbta.com/MBTA_GTFS.zip",,,"true","2025 December 03","2025 December 02"
"10003","Massachusetts Bay Transportation Authority","Boston","MA","Independent Public Agency or Authority of Transit Service","Full Reporter","2,199","Bus","MB","PT","148","09271","Boston, MA--NH","4,382,009","https://cdn.mbta.com/MBTA_GTFS.zip",,,"true","2025 December 03","2025 December 02"
"10003","Massachusetts Bay Transportation Authority","Boston","MA","Independent Public Agency or Authority of Transit Service","Full Reporter","2,199","Bus Rapid Transit","RB","DO","32","09271","Boston, MA--NH","4,382,009","https://cdn.mbta.com/MBTA_GTFS.zip",,,"true","2025 December 03","2025 December 02"
"10004","Brockton Area Transit Authority","Brockton","MA","Independent Public Agency or Authority of Transit Service","Full Reporter","84","Bus","MB","PT","45","09271","Boston, MA--NH","4,382,009","https://passio3.com/brockton/passioTransit/gtfs/google_transit.zip",,,"true","2026 January 12","2025 December 22"
"10005","Lowell Regional Transit Authority","Lowell","MA","Independent Public Agency or Authority of Transit Service","Full Reporter","83","Bus","MB","PT","46","09271","Boston, MA--NH","4,382,009","https://data.trilliumtransit.com/gtfs/lowell-ma-us/lowell-ma-us.zip",,,"true","2026 January 26","2026 January 09"
"10006","Southeastern Regional Transit Authority","New Bedford","MA","Independent Public Agency or Authority of Transit Service","Full Reporter","84","Bus","MB","PT","54","61786","New Bedford, MA","155,491","https://data.trilliumtransit.com/gtfs/srta-ma-us/srta-ma-us.zip",,,"true","2026 January 29","2026 January 16"
"10007","Berkshire Regional Transit Authority","Pittsfield","MA","Independent Public Agency or Authority of Transit Service","Full Reporter","28","Bus","MB","PT","17","69778","Pittsfield, MA","50,720",,"This agency provided the GTFS as a zip file instead of a public weblink, providing justification for why it could not be hosted. Please contact the agency if you need to access this file.",,"true","2026 April 21","2026 April 06"
"10008","Pioneer Valley Transit Authority","Springfield","MA","Independent Public Agency or Authority of Transit Service","Full Reporter","229","Bus","MB","PT","143","83926","Springfield, MA--CT","442,145","https://www.pvta.com/g_trans/google_transit.zip",,,"true","2026 January 28","2026 February 26"
"10013","Merrimack Valley Regional Transit Authority","Haverhill","MA","Independent Public Agency or Authority of Transit Service","Full Reporter","97","Bus","MB","PT","47","09271","Boston, MA--NH","4,382,009","https://data.trilliumtransit.com/gtfs/merrimackvalley-ma-us/merrimackvalley-ma-us.zip",,,"true","2026 March 17","2026 February 02"
"10015","Lewiston-Auburn Transit Committee","Auburn","ME","City, County or Local Government Unit or Department of Transportation","Reduced Reporter","9","Bus","MB","PT","7","49339","Lewiston, ME","60,743","https://www.avcog.org/DocumentCenter/View/5613",,,"true","2026 April 01","2026 March 20"
"10016","Greater Portland Transit District","Portland","ME","Independent Public Agency or Authority of Transit Service","Full Reporter","37","Bus","MB","DO","36","71263","Portland, ME","205,356","https://gtfs.gptd.cadavl.com/GPTD/GTFS/GTFS_GPTD.zip",,,"true",,"2026 January 08"
"10040","Southeast Area Transit District","Preston","CT","Independent Public Agency or Authority of Transit Service","Full Reporter","31","Bus","MB","DO","18","64135","Norwich--New London, CT","167,432","https://gtfs.remix.com/seat_preston_ct_us.zip",,,"true","2026 February 25","2023 December 01"
"10045","Connecticut Department of Transportation - CTTransit New Britain -Dattco.","New Britain","CT","Private Provider Reporting on Behalf of a Public Entity","Full Reporter","22","Commuter Bus","CB","PT","17","37243","Hartford, CT","977,158","https://www.cttransit.com/sites/default/files/gtfs/googlect_transit.zip",,,"true","2026 February 25","2026 January 21"
"10045","Connecticut Department of Transportation - CTTransit New Britain -Dattco.","New Britain","CT","Private Provider Reporting on Behalf of a Public Entity","Full Reporter","22","Bus","MB","PT","5","37243","Hartford, CT","977,158","https://www.cttransit.com/sites/default/files/gtfs/googlect_transit.zip",,,"true","2026 February 25","2026 January 21"
"10048","Connecticut Department of Transportation - CTTRANSIT - Hartford Division","Hartford","CT","State Government Unit or Department of Transportation","Full Reporter","208","Bus","MB","DO","199","37243","Hartford, CT","977,158","https://www.cttransit.com/sites/default/files/gtfs/googlect_transit.zip",,,"true","2026 February 23","2026 January 16"
"10048","Connecticut Department of Transportation - CTTRANSIT - Hartford Division","Hartford","CT","State Government Unit or Department of Transportation","Full Reporter","208","Bus Rapid Transit","RB","DO","9","37243","Hartford, CT","977,158","https://www.cttransit.com/sites/default/files/gtfs/googlect_transit.zip",,,"true","2026 February 23","2026 January 16"
"10050","Greater Bridgeport Transit Authority","Bridgeport","CT","Independent Public Agency or Authority of Transit Service","Full Reporter","61","Bus","MB","DO","40","10162","Bridgeport--Stamford, CT--NY","916,408","https://data.trilliumtransit.com/gtfs/gbt-ct-us/gbt-ct-us.zip",,,"true","2026 January 12","2025 October 21"
"10051","Housatonic Area Regional Transit","Danbury","CT","Independent Public Agency or Authority of Transit Service","Full Reporter","41","Bus","MB","DO","27","22096","Danbury, CT--NY","171,680","https://passio3.com/hart/passioTransit/gtfs/google_transit.zip",,,"true","2025 November 21","2025 November 19"
"10053","Cape Ann Transportation Authority","Gloucester","MA","Independent Public Agency or Authority of Transit Service","Full Reporter","20","Bus","MB","PT","10","09271","Boston, MA--NH","4,382,009","https://data.trilliumtransit.com/gtfs/capeann-ma-us/capeann-ma-us.zip",,,"true","2026 January 05","2025 December 12"
"10055","Connecticut Department of Transportation - CTTRANSIT New Haven Division","Hartford","CT","State Government Unit or Department of Transportation","Full Reporter","100","Bus","MB","DO","100","62407","New Haven, CT","561,456","https://www.cttransit.com/sites/default/files/gtfs/googlect_transit.zip",,,"true","2026 February 03","2026 January 16"
"10056","Connecticut Department of Transportation - CTTRANSIT Stamford Division","Hartford","CT","State Government Unit or Department of Transportation","Full Reporter","43","Bus","MB","DO","43","10162","Bridgeport--Stamford, CT--NY","916,408","https://www.cttransit.com/sites/default/files/gtfs/googlect_transit.zip",,,"true","2026 February 05","2026 January 08"
"10057","Norwalk Transit District","Norwalk","CT","Independent Public Agency or Authority of Transit Service","Full Reporter","71","Bus","MB","DO","30","10162","Bridgeport--Stamford, CT--NY","916,408","https://mystop.norwalktransit.com/InfoPoint/gtfs-zip.ashx",,,"true","2026 February 19","2026 April 29"
"10061","Montachusett Regional Transit Authority","Fitchburg","MA","Independent Public Agency or Authority of Transit Service","Full Reporter","640","Bus","MB","PT","25","49096","Leominster--Fitchburg, MA","111,790","https://data.trilliumtransit.com/gtfs/montachusett-ma-us/montachusett-ma-us.zip",,,"true","2026 January 07","2026 March 05"
"10064","Greater Attleboro-Taunton Regional Transit Authority","Taunton","MA","Independent Public Agency or Authority of Transit Service","Full Reporter","106","Bus","MB","PT","33","72505","Providence, RI--MA","1,285,806","https://gtfs.gatra.cadavl.com/GATRA/GTFS/GTFS_GATRA.zip",,,"true","2026 March 05","2026 March 05"
"10066","Green Mountain Transit Authority","Burlington","VT","Independent Public Agency or Authority of Transit Service","Full Reporter","138","Commuter Bus","CB","DO","16","11755","Burlington, VT","118,032","https://data.trilliumtransit.com/gtfs/ccta-vt-us/ccta-vt-us.zip",,,"true","2026 January 29","2026 January 16"
"10066","Green Mountain Transit Authority","Burlington","VT","Independent Public Agency or Authority of Transit Service","Full Reporter","138","Bus","MB","DO","52","11755","Burlington, VT","118,032","https://data.trilliumtransit.com/gtfs/ccta-vt-us/ccta-vt-us.zip",,,"true","2026 January 29","2026 January 16"
"10086","Cooperative Alliance for Seacoast Transportation","Dover","NH","Independent Public Agency or Authority of Transit Service","Full Reporter","24","Bus","MB","DO","11","24607","Dover--Rochester, NH--ME","72,391","https://coastbus.org/sites/default/files/google_transit/google_transit.zip",,,"true","2026 February 24","2025 August 26"
"10087","City of Nashua","Nashua","NH","City, County or Local Government Unit or Department of Transportation","Full Reporter","13","Bus","MB","PT","8","61165","Nashua, NH--MA","242,984","https://rapid.nationalrtap.org/GTFSFileManagement/UserUploadFiles/11685/Nashua_Transit_System_GTFS.zip",,,"true","2025 December 05","2025 November 19"
"10088","Casco Bay Island Transit District","Portland","ME","Independent Public Agency or Authority of Transit Service","Full Reporter","4","Ferryboat","FB","DO","4","71263","Portland, ME","205,356","https://gtfs.remix.com/Casco_Bay_Lines_Portland_ME_USA.zip",,,"true",,"2026 April 30"
"10096","City of Bangor","Bangor","ME","City, County or Local Government Unit or Department of Transportation","Reduced Reporter","20","Bus","MB","DO","13","04951","Bangor, ME","61,539","https://passio3.com/bangor/passioTransit/gtfs/google_transit.zip",,,"true","2026 January 12","2025 December 22"
"10098","Western Maine Transportation Services, Inc.","Auburn","ME","Private-Non-Profit Corporation","Reduced Reporter","43","Commuter Bus","CB","DO","8","49339","Lewiston, ME","60,743","https://wmtsbus.org/wp-content/uploads/2026/03/WMTS_GTFS_3.10.26.zip",,,"true","2026 April 10","2026 March 31"
"10098","Western Maine Transportation Services, Inc.","Auburn","ME","Private-Non-Profit Corporation","Reduced Reporter","43","Bus","MB","DO","21","49339","Lewiston, ME","60,743","https://wmtsbus.org/wp-content/uploads/2026/03/WMTS_GTFS_3.10.26.zip",,,"true","2026 April 10","2026 April 08"
"10102","Connecticut Department of Transportation","Newington","CT","State Government Unit or Department of Transportation","Full Reporter","29","Commuter Bus","CB","PT","17","37243","Hartford, CT","977,158","https://www.cttransit.com/sites/default/files/gtfs/googlect_transit.zip",,,"true","2026 February 25","2026 February 02"
"10102","Connecticut Department of Transportation","Newington","CT","State Government Unit or Department of Transportation","Full Reporter","29","Commuter Rail","CR","PT","12","37243","Hartford, CT","977,158","https://content.amtrak.com/content/gtfs/GTFS.zip",,,"true","2026 February 25","2026 February 02"
"10105","Cape Cod Regional Transit Authority","Hyannis","MA","Independent Public Agency or Authority of Transit Service","Full Reporter","153","Bus","MB","PT","50","05167","Barnstable Town, MA","303,269","https://data.trilliumtransit.com/gtfs/capecod-ma-us/capecod-ma-us.zip",,,"true","2026 January 29","2026 January 22"
"10107","Milford Transit District","Milford","CT","Independent Public Agency or Authority of Transit Service","Full Reporter","11","Bus","MB","DO","6","10162","Bridgeport--Stamford, CT--NY","916,408","https://hosted-gtfs-feeds.s3.amazonaws.com/Milford/gtfs.zip",,,"true","2026 February 17","2025 November 19"
"10114","Biddeford-Saco-Old Orchard Beach Transit Committee Shuttle Bus","Saco","ME","Independent Public Agency or Authority of Transit Service","Reduced Reporter","11","Bus","MB","DO","11","71263","Portland, ME","205,356","https://gtfs.remix.com/bsoob_transit_biddeford_me_us.zip",,,"true","2025 December 09","2025 December 05"
"10115","Northern New England Passenger Rail Authority","Portland","ME","Independent Public Agency or Authority of Transit Service","Full Reporter","21","Commuter Rail","CR","PT","21","71263","Portland, ME","205,356","https://content.amtrak.com/content/gtfs/GTFS.zip",,,"true","2026 March 03","2026 February 27"
"10118","MetroWest Regional Transit Authority","Framingham","MA","Independent Public Agency or Authority of Transit Service","Full Reporter","110","Bus","MB","PT","45","09271","Boston, MA--NH","4,382,009","https://vc.mwrta.com/gtfs/google_transit.zip",,,"true","2026 February 26","2026 February 03"
"10119","University Of New Hampshire","Durham","NH","University","Reduced Reporter","15","Bus","MB","DO","15","24607","Dover--Rochester, NH--ME","72,391","https://rapid.nationalrtap.org/GTFSFileManagement/UserUploadFiles/11637/google_transit.zip",,,"true","2025 November 25","2025 November 24"
"10122","Jalbert Leasing, Inc.","Portsmouth","NH","Private-For-Profit Corporation","Reduced Reporter","11","Commuter Bus","CB","DO","11","71506","Portsmouth, NH--ME","95,090","https://rapid.nationalrtap.org/GTFSFileManagement/UserUploadFiles/13306/gtfs.zip",,,"true","2026 April 21","2026 April 21"
"10128","Connecticut Department of Transportation- CTTransit Waterbury- NET","Watertown","CT","Private Provider Reporting on Behalf of a Public Entity","Full Reporter","62","Bus","MB","DO","36","92485","Waterbury, CT","199,317","https://www.cttransit.com/sites/default/files/gtfs/googlect_transit.zip",,,"true","2026 February 02","2026 January 30"
"10130","Connecticut Department of Transportation -CTTRANSIT New Britain","Berlin","CT","Private Provider Reporting on Behalf of a Public Entity","Full Reporter","18","Bus","MB","PT","18","37243","Hartford, CT","977,158","https://www.cttransit.com/sites/default/files/gtfs/googlect_transit.zip",,,"true","2026 February 23","2026 February 02"
"10131","Northwestern CT Transit District","Torrington","CT","Independent Public Agency or Authority of Transit Service","Rural Reporter","12","Bus","MB","DO","4","00009","Connecticut Non-UZA","671,921","https://hosted-gtfs-feeds.s3.amazonaws.com/NWCTD/gtfs.zip",,,"true","2026 January 14","2026 January 07"
"10133","Boston Express Bus, Inc.","Concord","NH","Private-For-Profit Corporation","Reduced Reporter","18","Commuter Bus","CB","DO","18","09271","Boston, MA--NH","4,382,009","https://rapid.nationalrtap.org/GTFSFileManagement/UserUploadFiles/11782/GTFS.zip",,,"true","2026 April 29","2026 February 02"
"10137","Advance Transit, Inc. NH","White River Junction","VT","Private-Non-Profit Corporation","Rural Reporter","30","Bus","MB","DO","19","00033","New Hampshire Non-UZA","768,345","https://data.trilliumtransit.com/gtfs/advancetransit-vt-us/advancetransit-vt-us.zip",,,"true","2025 December 23","2026 March 03"
"10137","Advance Transit, Inc. NH","White River Junction","VT","Private-Non-Profit Corporation","Rural Reporter","0","Bus","MB","DO","5","00050","Vermont Non-UZA","525,045","https://data.trilliumtransit.com/gtfs/advancetransit-vt-us/advancetransit-vt-us.zip",,,"true","2025 December 23","2026 March 03"
"10140","Estuary Transit District","Middletown","CT","Independent Public Agency or Authority of Transit Service","Reduced Reporter","23","Bus","MB","DO","14","37243","Hartford, CT","977,158","https://data.trilliumtransit.com/gtfs/ninetown-connecticut-us/ninetown-connecticut-us.zip",,,"true","2025 December 19","2025 December 15"
"10143","Tri-Valley Transit Inc","Middlebury","VT","Private-Non-Profit Corporation","Rural Reporter","81","Commuter Bus","CB","DO","11","00050","Vermont Non-UZA","525,045","https://data.trilliumtransit.com/gtfs/trivalleytransit-vt-us/trivalleytransit-vt-us.zip",,,"true","2025 December 05","2025 November 18"
"10143","Tri-Valley Transit Inc","Middlebury","VT","Private-Non-Profit Corporation","Rural Reporter","81","Bus","MB","DO","11","00050","Vermont Non-UZA","525,045","https://data.trilliumtransit.com/gtfs/trivalleytransit-vt-us/trivalleytransit-vt-us.zip",,,"true","2025 December 05","2025 November 18"
"10144","Southeast Vermont Transit, Inc","Wilmington","VT","Private-Non-Profit Corporation","Rural Reporter","78","Commuter Bus","CB","DO","2","00050","Vermont Non-UZA","525,045","https://data.trilliumtransit.com/gtfs/sevt-vt-us/sevt-vt-us.zip",,,"true","2025 December 05","2025 November 18"
"10144","Southeast Vermont Transit, Inc","Wilmington","VT","Private-Non-Profit Corporation","Rural Reporter","78","Bus","MB","DO","36","00050","Vermont Non-UZA","525,045","https://data.trilliumtransit.com/gtfs/sevt-vt-us/sevt-vt-us.zip",,,"true","2025 December 05","2025 November 18"
"10145","Martha's Vineyard Transit Authority","Edgartown","MA","Independent Public Agency or Authority of Transit Service","Rural Reporter","38","Bus","MB","PT","33","00025","Massachusetts Non-UZA","774,241","https://data.trilliumtransit.com/gtfs/marthasvineyard-ma-us/marthasvineyard-ma-us.zip",,,"true","2026 March 10","2026 March 10"
"10148","Rural Community Transportation","Lyndonville","VT","Private-Non-Profit Corporation","Rural Reporter","68","Bus","MB","DO","7","00050","Vermont Non-UZA","525,045","https://data.trilliumtransit.com/gtfs/ruralcommunity-vt-us/ruralcommunity-vt-us.zip",,,"true","2025 December 05","2025 November 18"
"10149","Windham Region Transit District","Mansfield Center","CT","Independent Public Agency or Authority of Transit Service","Reduced Reporter","26","Commuter Bus","CB","DO","2","64135","Norwich--New London, CT","167,432","https://passio3.com/uconn/passioTransit/gtfs/google_transit.zip",,,"true","2026 March 17","2026 February 07"
"10149","Windham Region Transit District","Mansfield Center","CT","Independent Public Agency or Authority of Transit Service","Reduced Reporter","26","Bus","MB","DO","18","64135","Norwich--New London, CT","167,432","https://passio3.com/uconn/passioTransit/gtfs/google_transit.zip",,,"true","2026 March 17","2026 February 07"
"10151","Green Mountain Community Network","Bennington","VT","Private-Non-Profit Corporation","Rural Reporter","32","Bus","MB","DO","6","00050","Vermont Non-UZA","525,045","https://data.trilliumtransit.com/gtfs/greenmtncn-vt-us/greenmtncn-vt-us.zip",,,"true","2025 December 05","2025 November 18"
"10153","Town of Cranberry Isles","Islesford","ME","City, County or Local Government Unit or Department of Transportation","Rural Reporter","3","Ferryboat","FB","PT","3","00023","Maine Non-UZA","995,851",,"This agency provided the GTFS as a zip file instead of a public weblink, providing justification for why it could not be hosted. Please contact the agency if you need to access this file.",,"true","2026 January 21","2025 December 12"
"10154","Marble Valley Regional Transit District","Rutland","VT","City, County or Local Government Unit or Department of Transportation","Rural Reporter","65","Bus","MB","DO","28","00050","Vermont Non-UZA","525,045","https://data.trilliumtransit.com/gtfs/thebus-vt-us/thebus-vt-us.zip",,,"true","2025 December 05","2025 November 18"
"10156","Northeastern Connecticut Transit District","Dayville","CT","Independent Public Agency or Authority of Transit Service","Rural Reporter","16","Bus","MB","DO","14","00009","Connecticut Non-UZA","671,921","https://hosted-gtfs-feeds.s3.amazonaws.com/NECTD/gtfs.zip",,,"true","2026 January 14","2026 January 07"
"10159","VNA Home Healthcare, Hospice & Community Service","Keene","NH","Private-Non-Profit Corporation","Rural Reporter","5","Bus","MB","DO","3","00033","New Hampshire Non-UZA","768,345","https://www.swrpc.org/wp-content/uploads/2024/03/HCS_GTFS.zip",,,"true","2025 December 03","2026 March 03"
"10161","Belknap-Merrimack CAP/Concord Area Transit","Concord","NH","Private-Non-Profit Corporation","Rural Reporter","13","Bus","MB","DO","4","00033","New Hampshire Non-UZA","768,345","https://cnhrpc.org/wp-content/uploads/2025/11/CAT-nh-us.zip",,,"true","2025 December 03","2026 March 03"
"10162","Nantucket Regional Transit Authority","Nantucket","MA","Independent Public Agency or Authority of Transit Service","Rural Reporter","20","Bus","MB","PT","17","00025","Massachusetts Non-UZA","774,241","https://data.trilliumtransit.com/gtfs/nantucket-ma-us/nantucket-ma-us.zip",,,"true","2026 March 10","2026 March 10"
"10167","Isle au Haut Boat Services","Stonington","ME","Private-Non-Profit Corporation","Rural Reporter","2","Ferryboat","FB","DO","2","00023","Maine Non-UZA","995,851","https://rapid.nationalrtap.org/GTFSFileManagement/UserUploadFiles/13053/isleauhaut_me_gtfs.zip",,,"true","2026 January 21","2025 November 20"
"10169","Waldo Community Action Partners","Belfast","ME","Private-Non-Profit Corporation","Rural Reporter","40","Bus","MB","DO","4","00023","Maine Non-UZA","995,851","https://rapid.nationalrtap.org/GTFSFileManagement/UserUploadFiles/12036/WCAP_GTFS_ZIP.zip",,,"true","2026 January 21","2025 November 20"
"10172","Tri-County CAP, Inc./North Country Transit","Berlin","NH","Private-Non-Profit Corporation","Rural Reporter","12","Bus","MB","DO","8","00033","New Hampshire Non-UZA","768,345","https://tricountytransit.org/GTFS/GTFS.zip",,,"true","2025 December 03","2026 March 03"
"10173","Franklin Regional Transit Authority","Greenfield","MA","Independent Public Agency or Authority of Transit Service","Rural Reporter","36","Bus","MB","PT","11","00025","Massachusetts Non-UZA","774,241","https://data.trilliumtransit.com/gtfs/frta-ma-us/frta-ma-us.zip",,,"true","2026 March 10","2026 March 10"
"10175","Downeast Transportation, Inc.","Trenton","ME","Private-Non-Profit Corporation","Rural Reporter","35","Commuter Bus","CB","DO","6","00023","Maine Non-UZA","995,851","https://islandexplorertracker.availtec.com/InfoPoint/gtfs-zip.ashx",,,"true","2026 January 21","2025 December 31"
"10175","Downeast Transportation, Inc.","Trenton","ME","Private-Non-Profit Corporation","Rural Reporter","35","Bus","MB","DO","29","00023","Maine Non-UZA","995,851","https://islandexplorertracker.availtec.com/InfoPoint/gtfs-zip.ashx",,,"true","2026 January 21","2025 December 12"
"10177","West's Transportation, Inc.","Steuben","ME","Private-For-Profit Corporation","Rural Reporter","8","Bus","MB","DO","3","00023","Maine Non-UZA","995,851","https://westbusservice.com/west_gtfs.zip",,,"true","2026 January 21","2025 November 20"
"10179","City of Beverly","Beverly","MA","City, County or Local Government Unit or Department of Transportation","Reduced Reporter","1","Bus","MB","PT","1","09271","Boston, MA--NH","4,382,009","https://data.trilliumtransit.com/gtfs/capeann-ma-us/capeann-ma-us.zip",,,"true","2025 November 25","2025 November 20"
"10181","Town of Lexington","Lexington","MA","City, County or Local Government Unit or Department of Transportation","Reduced Reporter","3","Bus","MB","PT","3","09271","Boston, MA--NH","4,382,009","https://rtaalerts.com/gtfs/lexpress/google_transit.zip",,,"true","2025 November 25","2025 November 24"
"10182","Mission Hill Link, Inc.","Boston","MA","Private-Non-Profit Corporation","Reduced Reporter","1","Bus","MB","PT","1","09271","Boston, MA--NH","4,382,009","https://drive.google.com/uc?export=download&id=161_sgTIO9IZqLj33tYtB1xxPVy05T8VH",,,"true","2025 November 12","2025 December 29"
"10183","Woods Hole, Martha's Vineyard and Nantucket Steamship Authority","Falmouth","MA","Independent Public Agency or Authority of Transit Service","Full Reporter","23","Ferryboat","FB","DO","10","05167","Barnstable Town, MA","303,269","https://www-steamship-assets.s3.amazonaws.com/versioned_downloadable_forms/path/2025_gtfs.zip",,,"true","2025 May 21","2026 April 28"
"10183","Woods Hole, Martha's Vineyard and Nantucket Steamship Authority","Falmouth","MA","Independent Public Agency or Authority of Transit Service","Full Reporter","23","Bus","MB","DO","13","05167","Barnstable Town, MA","303,269","https://www-steamship-assets.s3.amazonaws.com/versioned_downloadable_forms/path/2025_gtfs.zip",,,"true","2025 May 21","2026 April 28"
"11147","Rhode Island Department of Transportation","Providence","RI","State Government Unit or Department of Transportation","Full Reporter","1","Ferryboat","FB","PT","1","72505","Providence, RI--MA","1,285,806","https://www.ridethebayri.com/RIDOT-GTFS.zip",,,"true","2026 February 27","2026 February 27"
"11152","Mashantucket Pequot Tribal Nation","Mashantucket","CT","Tribe","Reduced Reporter","1","Bus","MB","DO","1","00009","Connecticut Non-UZA","671,921","https://rapid.nationalrtap.org/GTFSFileManagement/UserUploadFiles/11763/mptn_gtfs.zip",,,"true","2026 March 05","2026 February 11"
"11156","Southwestern Community Services Transportation","Keene","NH","Private-Non-Profit Corporation","Rural Reporter","7","Bus","MB","DO","5","00033","New Hampshire Non-UZA","768,345","https://rapid.nationalrtap.org/GTFSFileManagement/UserUploadFiles/11917/sct_agency.zip",,,"true","2025 December 03","2026 March 03"
"11235","Maine Department of Transportation","Augusta","ME","State Government Unit or Department of Transportation","Rural Reporter","7","Ferryboat","FB","DO","7","00023","Maine Non-UZA","995,851","https://rapid.nationalrtap.org/GTFSFileManagement/UserUploadFiles/13667/MSFS_ME_GTFS.zip",,,"true","2026 January 21","2026 January 12"
"11239","Hyannis Harbor Tours, Inc.","Hyannis","MA","Private-For-Profit Corporation","Full Reporter","4","Ferryboat","FB","DO","4","05167","Barnstable Town, MA","303,269","https://hylinecruises.com/wp-content/uploads/2024/12/agency.zip",,,"true","2026 January 16","2026 January 15"
"20002","Capital District Transportation Authority","Albany","NY","Independent Public Agency or Authority of Transit Service","Full Reporter","386","Commuter Bus","CB","PT","9","00970","Albany--Schenectady, NY","593,142","https://www.cdta.org/schedules/google_transit.zip",,,"true","2026 February 02","2026 January 15"
"20002","Capital District Transportation Authority","Albany","NY","Independent Public Agency or Authority of Transit Service","Full Reporter","386","Bus","MB","DO","227","00970","Albany--Schenectady, NY","593,142","https://www.cdta.org/schedules/google_transit.zip",,,"true","2026 February 02","2026 January 15"
"20003","Broome County","Binghamton","NY","City, County or Local Government Unit or Department of Transportation","Full Reporter","55","Bus","MB","DO","38","07732","Binghamton, NY","155,942","https://www.gobroomecounty.com/sites/default/files/dept/transit/BCT_GTFS.zip",,,"true","2026 April 21","2026 April 20"
"20004","Niagara Frontier Transportation Authority","Buffalo","NY","Independent Public Agency or Authority of Transit Service","Full Reporter","290","Light Rail","LR","DO","21","11350","Buffalo, NY","948,864","https://metro.nfta.com/__googletransit/rail/google_transit.zip",,,"true","2026 January 12","2025 October 17"
"20004","Niagara Frontier Transportation Authority","Buffalo","NY","Independent Public Agency or Authority of Transit Service","Full Reporter","290","Bus","MB","DO","202","11350","Buffalo, NY","948,864","https://metro.nfta.com/__googletransit/google_transit.zip",,,"true","2026 January 12","2025 October 17"
"20005","Chemung County","Elmira","NY","City, County or Local Government Unit or Department of Transportation","Reduced Reporter","24","Bus","MB","PT","19","27118","Elmira, NY","62,468","https://s3.amazonaws.com/datatools-511ny/public/Chemung_C_TRAN.zip",,,"true","2026 April 29","2026 April 22"
"20006","City of Long Beach","Long Beach","NY","City, County or Local Government Unit or Department of Transportation","Full Reporter","7","Bus","MB","DO","5","63217","New York--Jersey City--Newark, NY--NJ","19,426,449","https://s3.amazonaws.com/datatools-511ny/public/City_of_Long_Beach.zip",,,"true","2026 April 08","2026 January 05"
"20008","MTA New York City Transit","Brooklyn","NY","Subsidiary Unit of a Transit Agency, Reporting Separately","Full Reporter","10,226","Commuter Bus","CB","DO","444","63217","New York--Jersey City--Newark, NY--NJ","19,426,449","http://web.mta.info/developers/data/nyct/bus/google_transit_brooklyn.zip",,,"true","2025 May 05","2024 January 17"
"20008","MTA New York City Transit","Brooklyn","NY","Subsidiary Unit of a Transit Agency, Reporting Separately","Full Reporter","10,226","Commuter Bus","CB","DO","444","63217","New York--Jersey City--Newark, NY--NJ","19,426,449","http://web.mta.info/developers/data/nyct/bus/google_transit_queens.zip",,,"true","2025 May 05","2024 January 17"
"20008","MTA New York City Transit","Brooklyn","NY","Subsidiary Unit of a Transit Agency, Reporting Separately","Full Reporter","10,226","Commuter Bus","CB","DO","444","63217","New York--Jersey City--Newark, NY--NJ","19,426,449","http://web.mta.info/developers/data/nyct/bus/google_transit_bronx.zip",,,"true","2025 May 05","2024 January 17"
"20008","MTA New York City Transit","Brooklyn","NY","Subsidiary Unit of a Transit Agency, Reporting Separately","Full Reporter","10,226","Commuter Bus","CB","DO","444","63217","New York--Jersey City--Newark, NY--NJ","19,426,449","http://web.mta.info/developers/data/nyct/bus/google_transit_manhattan.zip",,,"true","2025 May 05","2024 January 17"
"20008","MTA New York City Transit","Brooklyn","NY","Subsidiary Unit of a Transit Agency, Reporting Separately","Full Reporter","10,226","Commuter Bus","CB","DO","444","63217","New York--Jersey City--Newark, NY--NJ","19,426,449","http://web.mta.info/developers/data/nyct/bus/google_transit_staten_island.zip",,,"true","2025 May 05","2024 January 17"
"20008","MTA New York City Transit","Brooklyn","NY","Subsidiary Unit of a Transit Agency, Reporting Separately","Full Reporter","10,226","Heavy Rail","HR","DO","5,489","63217","New York--Jersey City--Newark, NY--NJ","19,426,449","http://web.mta.info/developers/data/nyct/subway/google_transit.zip",,,"true","2025 May 05","2024 January 17"
"20008","MTA New York City Transit","Brooklyn","NY","Subsidiary Unit of a Transit Agency, Reporting Separately","Full Reporter","10,226","Bus","MB","DO","3,283","63217","New York--Jersey City--Newark, NY--NJ","19,426,449","http://web.mta.info/developers/data/nyct/bus/google_transit_queens.zip",,,"true","2025 May 05","2024 January 17"
"20008","MTA New York City Transit","Brooklyn","NY","Subsidiary Unit of a Transit Agency, Reporting Separately","Full Reporter","10,226","Bus","MB","DO","3,283","63217","New York--Jersey City--Newark, NY--NJ","19,426,449","http://web.mta.info/developers/data/nyct/bus/google_transit_bronx.zip",,,"true","2025 May 05","2024 January 17"
"20008","MTA New York City Transit","Brooklyn","NY","Subsidiary Unit of a Transit Agency, Reporting Separately","Full Reporter","10,226","Bus","MB","DO","3,283","63217","New York--Jersey City--Newark, NY--NJ","19,426,449","http://web.mta.info/developers/data/nyct/bus/google_transit_manhattan.zip",,,"true","2025 May 05","2024 January 17"
"20008","MTA New York City Transit","Brooklyn","NY","Subsidiary Unit of a Transit Agency, Reporting Separately","Full Reporter","10,226","Bus","MB","DO","3,283","63217","New York--Jersey City--Newark, NY--NJ","19,426,449","http://web.mta.info/developers/data/nyct/bus/google_transit_staten_island.zip",,,"true","2025 May 05","2024 January 17"
"20008","MTA New York City Transit","Brooklyn","NY","Subsidiary Unit of a Transit Agency, Reporting Separately","Full Reporter","10,226","Bus","MB","DO","3,283","63217","New York--Jersey City--Newark, NY--NJ","19,426,449","http://web.mta.info/developers/data/nyct/bus/google_transit_brooklyn.zip",,,"true","2025 May 05","2024 January 17"
"20008","MTA New York City Transit","Brooklyn","NY","Subsidiary Unit of a Transit Agency, Reporting Separately","Full Reporter","10,226","Bus Rapid Transit","RB","DO","128","63217","New York--Jersey City--Newark, NY--NJ","19,426,449","http://web.mta.info/developers/data/nyct/bus/google_transit_staten_island.zip",,,"true","2025 May 05","2024 January 17"
"20008","MTA New York City Transit","Brooklyn","NY","Subsidiary Unit of a Transit Agency, Reporting Separately","Full Reporter","10,226","Bus Rapid Transit","RB","DO","128","63217","New York--Jersey City--Newark, NY--NJ","19,426,449","http://web.mta.info/developers/data/nyct/bus/google_transit_brooklyn.zip",,,"true","2025 May 05","2024 January 17"
"20008","MTA New York City Transit","Brooklyn","NY","Subsidiary Unit of a Transit Agency, Reporting Separately","Full Reporter","10,226","Bus Rapid Transit","RB","DO","128","63217","New York--Jersey City--Newark, NY--NJ","19,426,449","http://web.mta.info/developers/data/nyct/bus/google_transit_queens.zip",,,"true","2025 May 05","2024 January 17"
"20008","MTA New York City Transit","Brooklyn","NY","Subsidiary Unit of a Transit Agency, Reporting Separately","Full Reporter","10,226","Bus Rapid Transit","RB","DO","128","63217","New York--Jersey City--Newark, NY--NJ","19,426,449","http://web.mta.info/developers/data/nyct/bus/google_transit_bronx.zip",,,"true","2025 May 05","2024 January 17"
"20008","MTA New York City Transit","Brooklyn","NY","Subsidiary Unit of a Transit Agency, Reporting Separately","Full Reporter","10,226","Bus Rapid Transit","RB","DO","128","63217","New York--Jersey City--Newark, NY--NJ","19,426,449","http://web.mta.info/developers/data/nyct/bus/google_transit_manhattan.zip",,,"true","2025 May 05","2024 January 17"
"20010","Dutchess County","Poughkeepsie","NY","City, County or Local Government Unit or Department of Transportation","Full Reporter","48","Bus","MB","DO","34","71803","Poughkeepsie--Newburgh, NY","314,766","https://s3.amazonaws.com/etatransit.gtfs/dutchesscounty.etaspot.net/gtfs.zip",,,"true","2026 April 15","2026 April 23"
"20018","Central New York Regional Transportation Authority","Syracuse","NY","Independent Public Agency or Authority of Transit Service","Full Reporter","200","Bus","MB","DO","136","86302","Syracuse, NY","413,660","https://www.centro.org/CentroGTFS/CentroGTFS.zip",,,"true","2026 February 10","2025 December 10"
"20071","Town of Huntington","Huntington","NY","City, County or Local Government Unit or Department of Transportation","Full Reporter","21","Bus","MB","DO","8","63217","New York--Jersey City--Newark, NY--NJ","19,426,449","https://s3.amazonaws.com/datatools-511ny/public/HART_Huntington_Area_Rapid_Transit.zip",,,"true","2025 May 13","2026 April 29"
"20072","Suffolk County","Yaphank","NY","City, County or Local Government Unit or Department of Transportation","Full Reporter","275","Bus","MB","PT","120","63217","New York--Jersey City--Newark, NY--NJ","19,426,449","https://www.suffolkcountyny.gov/Portals/0/formsdocs/publicworks/Zip/google_transit.zip",,,"true","2025 May 13","2026 April 21"
"20075","Port Authority Transit Corporation","Camden","NJ","Independent Public Agency or Authority of Transit Service","Full Reporter","54","Heavy Rail","HR","DO","54","69076","Philadelphia, PA--NJ--DE--MD","5,696,125","https://rapid.nationalrtap.org/GTFSFileManagement/UserUploadFiles/13562/PATCO_GTFS.zip",,,"true","2025 May 21","2025 December 11"
"20076","Westchester County","White Plains","NY","City, County or Local Government Unit or Department of Transportation","Full Reporter","388","Bus","MB","PT","270","63217","New York--Jersey City--Newark, NY--NJ","19,426,449","https://westchester-gmv.itoworld.com/production/ito_westchester_county_gtfs.zip",,,"true","2025 May 13","2026 April 20"
"20078","Metro-North Commuter Railroad Company, dba: MTA Metro-North Railroad","New York","NY","Subsidiary Unit of a Transit Agency, Reporting Separately","Full Reporter","1,149","Commuter Rail","CR","DO","1,138","63217","New York--Jersey City--Newark, NY--NJ","19,426,449","http://web.mta.info/developers/data/mnr/google_transit.zip",,,"true","2025 May 07","2024 June 03"
"20078","Metro-North Commuter Railroad Company, dba: MTA Metro-North Railroad","New York","NY","Subsidiary Unit of a Transit Agency, Reporting Separately","Full Reporter","1,149","Ferryboat","FB","PT","2","63217","New York--Jersey City--Newark, NY--NJ","19,426,449","http://web.mta.info/developers/data/mnr/google_transit.zip",,,"true","2025 May 07","2024 July 01"
"20078","Metro-North Commuter Railroad Company, dba: MTA Metro-North Railroad","New York","NY","Subsidiary Unit of a Transit Agency, Reporting Separately","Full Reporter","1,149","Bus","MB","PT","9","63217","New York--Jersey City--Newark, NY--NJ","19,426,449","http://web.mta.info/developers/data/mnr/google_transit.zip",,,"true","2025 May 23","2025 May 23"
"20080","New Jersey Transit Corporation","Newark","NJ","Other Publicly-Owned or Privately Chartered Corporation","Full Reporter","3,432","Commuter Rail","CR","DO","855","63217","New York--Jersey City--Newark, NY--NJ","19,426,449","https://www.njtransit.com/rail_data.zip",,,"true","2026 February 11","2025 November 26"
"20080","New Jersey Transit Corporation","Newark","NJ","Other Publicly-Owned or Privately Chartered Corporation","Full Reporter","3,432","Light Rail","LR","DO","15","63217","New York--Jersey City--Newark, NY--NJ","19,426,449","https://www.njtransit.com/rail_data.zip",,,"true","2026 February 11","2025 November 26"
"20080","New Jersey Transit Corporation","Newark","NJ","Other Publicly-Owned or Privately Chartered Corporation","Full Reporter","3,432","Light Rail","LR","PT","42","63217","New York--Jersey City--Newark, NY--NJ","19,426,449","https://www.njtransit.com/rail_data.zip",,,"true","2026 February 11","2025 November 26"
"20080","New Jersey Transit Corporation","Newark","NJ","Other Publicly-Owned or Privately Chartered Corporation","Full Reporter","3,432","Bus","MB","DO","1,858","63217","New York--Jersey City--Newark, NY--NJ","19,426,449","https://www.njtransit.com/bus_data.zip",,,"true","2026 February 11","2026 January 06"
"20080","New Jersey Transit Corporation","Newark","NJ","Other Publicly-Owned or Privately Chartered Corporation","Full Reporter","3,432","Bus","MB","PT","145","63217","New York--Jersey City--Newark, NY--NJ","19,426,449","https://www.njtransit.com/bus_data.zip",,,"true","2026 February 11","2026 January 06"
"20080","New Jersey Transit Corporation","Newark","NJ","Other Publicly-Owned or Privately Chartered Corporation","Full Reporter","3,432","Hybrid Rail","YR","PT","16","63217","New York--Jersey City--Newark, NY--NJ","19,426,449","https://www.njtransit.com/rail_data.zip",,,"true","2026 February 11","2025 November 26"
"20082","New York City Department of Transportation","New York","NY","City, County or Local Government Unit or Department of Transportation","Full Reporter","4","Ferryboat","FB","DO","4","63217","New York--Jersey City--Newark, NY--NJ","19,426,449","https://data.cityofnewyork.us/download/b57i-ri22/application%2Fx-zip-compressed",,,"true","2026 January 16","2026 March 30"
"20084","County of Rockland","New City","NY","City, County or Local Government Unit or Department of Transportation","Full Reporter","55","Bus","MB","PT","36","63217","New York--Jersey City--Newark, NY--NJ","19,426,449","https://s3.amazonaws.com/datatools-511ny/public/TOR_Transport_of_Rockland.zip",,,"true","2025 May 12","2026 April 29"
"20085","Town of Clarkstown","New City","NY","City, County or Local Government Unit or Department of Transportation","Reduced Reporter","8","Bus","MB","DO","8","63217","New York--Jersey City--Newark, NY--NJ","19,426,449","https://s3.amazonaws.com/datatools-511ny/public/Clarkstown_Mini_Trans.zip",,,"true","2025 April 22","2026 April 29"
"20096","Putnam County","Carmel","NY","City, County or Local Government Unit or Department of Transportation","Full Reporter","16","Bus","MB","PT","7","63217","New York--Jersey City--Newark, NY--NJ","19,426,449","https://s3.amazonaws.com/datatools-511ny/public/PART_Putnam_Area_Rapid_Transit.zip",,,"true","2025 April 28","2026 April 23"
"20098","Port Authority Trans-Hudson Corporation","New York","NY","Independent Public Agency or Authority of Transit Service","Full Reporter","305","Heavy Rail","HR","DO","305","63217","New York--Jersey City--Newark, NY--NJ","19,426,449",,"This agency provided the GTFS as a zip file instead of a public weblink, providing justification for why it could not be hosted. Please contact the agency if you need to access this file.",,"false",,"2026 April 27"
"20099","Staten Island Rapid Transit Operating Authority","Staten Island","NY","Subsidiary Unit of a Transit Agency, Reporting Separately","Full Reporter","55","Heavy Rail","HR","DO","55","63217","New York--Jersey City--Newark, NY--NJ","19,426,449","http://web.mta.info/developers/data/nyct/subway/google_transit.zip",,,"true","2025 May 01","2024 January 17"
"20100","MTA Long Island Rail Road","New York","NY","Subsidiary Unit of a Transit Agency, Reporting Separately","Full Reporter","1,079","Commuter Rail","CR","DO","1,079","63217","New York--Jersey City--Newark, NY--NJ","19,426,449","https://rrgtfsfeeds.s3.amazonaws.com/google_transit.zip",,,"true","2025 May 07","2024 June 03"
"20113","Regional Transit Service","Rochester","NY","Independent Public Agency or Authority of Transit Service","Full Reporter","219","Bus","MB","DO","157","75664","Rochester, NY","704,327","https://scheduledata.rgrta.com/google_transit.zip",,,"true","2026 February 12","2026 February 03"
"20122","Academy Lines, Inc.","Hoboken","NJ","Private-For-Profit Corporation","Full Reporter","72","Commuter Bus","CB","DO","72","63217","New York--Jersey City--Newark, NY--NJ","19,426,449","https://www.njtransit.com/Academy_bus_data.zip",,,"true","2025 March 26","2024 May 16"
"20126","Shortline Transit LLC","Mahwah","NJ","Private-For-Profit Corporation","Full Reporter","78","Commuter Bus","CB","DO","78","63217","New York--Jersey City--Newark, NY--NJ","19,426,449","https://api.prod.coachusa.com/gtfs",,,"true","2025 April 29","2026 April 17"
"20128","Suburban Transit Lines LLC","New Brunswick","NJ","Private-For-Profit Corporation","Full Reporter","44","Commuter Bus","CB","DO","44","63217","New York--Jersey City--Newark, NY--NJ","19,426,449","https://api.prod.coachusa.com/gtfs",,,"true","2025 April 29","2026 April 17"
"20145","Tompkins Consolidated Area Transit","Ithaca","NY","Private-Non-Profit Corporation","Full Reporter","29","Bus","MB","DO","29","41914","Ithaca, NY","59,102","https://s3.amazonaws.com/tcat-gtfs/tcat-ny-us.zip",,,"true","2025 May 15","2026 April 27"
"20148","Newburgh Beacon Bus Corporation","New Windsor","NY","Private Provider Reporting on Behalf of a Public Entity","Reduced Reporter","7","Bus","MB","DO","7","71803","Poughkeepsie--Newburgh, NY","314,766","https://s3.amazonaws.com/datatools-511ny/public/Newburgh_Beacon_Shuttle.zip",,,"true","2025 April 15","2024 April 15"
"20149","Rockland Coaches, Inc.","Paramus","NJ","Private-For-Profit Corporation","Full Reporter","45","Commuter Bus","CB","DO","45","63217","New York--Jersey City--Newark, NY--NJ","19,426,449","https://api.prod.coachusa.com/gtfs",,,"true","2025 May 29","2026 April 22"
"20160","Community Transit Lines, Inc.","Paramus","NJ","Private-For-Profit Corporation","Reduced Reporter","13","Commuter Bus","CB","DO","13","63217","New York--Jersey City--Newark, NY--NJ","19,426,449","https://api.prod.coachusa.com/gtfs",,,"true","2026 April 16","2026 April 17"
"20163","Lakeland Bus Lines, Inc.","Dover","NJ","Private-For-Profit Corporation","Full Reporter","40","Commuter Bus","CB","DO","40","63217","New York--Jersey City--Newark, NY--NJ","19,426,449","https://www.njtransit.com/LakelandBusLines_bus_data.zip",,,"true","2026 April 16","2026 April 24"
"20165","OBC Lines LLC","Paramus","NJ","Private-For-Profit Corporation","Reduced Reporter","12","Commuter Bus","CB","DO","12","63217","New York--Jersey City--Newark, NY--NJ","19,426,449","https://api.prod.coachusa.com/gtfs",,,"true","2026 April 16","2026 April 23"
"20169","Trans-Bridge Lines, Inc.","Bethlehem","PA","Private-For-Profit Corporation","Full Reporter","25","Commuter Bus","CB","DO","25","63217","New York--Jersey City--Newark, NY--NJ","19,426,449","https://www.njtransit.com/Trans-Bridge_bus_data.zip",,,"true","2025 April 23","2026 April 23"
"20175","Private Transportation Corporation","Brooklyn","NY","Private-For-Profit Corporation","Full Reporter","6","Bus","MB","PT","6","63217","New York--Jersey City--Newark, NY--NJ","19,426,449","https://mjcaction.com/MJC_GTFS_Public/b110_gtfs.zip",,,"true","2025 May 09","2026 April 23"
"20176","Kaser Bus Service","Monsey","NY","Private-For-Profit Corporation","Reduced Reporter","2","Commuter Bus","CB","PT","2","63217","New York--Jersey City--Newark, NY--NJ","19,426,449","https://rapid.nationalrtap.org/GTFSFileManagement/UserUploadFiles/13356/kaser_ny_gtfs.zip",,,"true","2025 June 04","2025 May 27"
"20177","Adirondack Transit Lines, Inc.","Hurley","NY","Private-For-Profit Corporation","Full Reporter","12","Commuter Bus","CB","DO","12","63217","New York--Jersey City--Newark, NY--NJ","19,426,449","https://cmscdn.trailways.com/gtfs/trailways_gtfs.zip",,,"true","2025 May 12","2024 May 30"
"20178","Ulster County","Kingston","NY","City, County or Local Government Unit or Department of Transportation","Full Reporter","36","Bus","MB","DO","28","45262","Kingston, NY","50,254","https://s3.amazonaws.com/datatools-511ny/public/UCAT_Ulster_County_Area_Transit.zip",,,"true","2025 May 07","2024 April 15"
"20178","Ulster County","Kingston","NY","City, County or Local Government Unit or Department of Transportation","Full Reporter","36","Bus","MB","DO","28","45262","Kingston, NY","50,254","http://data.peaktransit.com/staticgtfs/72/gtfs.zip",,,"true","2026 April 27","2026 April 24"
"20179","Leprechaun Lines, Inc.","New Windsor","NY","Private Provider Reporting on Behalf of a Public Entity","Reduced Reporter","8","Commuter Bus","CB","DO","8","71803","Poughkeepsie--Newburgh, NY","314,766","https://s3.amazonaws.com/datatools-511ny/public/Leprechaun_Connection.zip",,,"true","2026 March 25","2026 April 24"
"20183","Town of Monroe","Monroe","NY","City, County or Local Government Unit or Department of Transportation","Reduced Reporter","6","Bus","MB","DO","1","45443","Kiryas Joel, NY","71,582","https://rapid.nationalrtap.org/GTFSFileManagement/UserUploadFiles/13311/GTFSzipfile.zip",,,"true","2025 May 09","2025 May 07"
"20187","Village of Kiryas Joel","Monroe","NY","City, County or Local Government Unit or Department of Transportation","Reduced Reporter","0","Bus","MB","DO","0","45443","Kiryas Joel, NY","71,582","https://data.trilliumtransit.com/gtfs/kiryasjoel-ny-us/kiryasjoel-ny-us.zip",,,,"2025 May 05","2024 May 15"
"20188","MTA Bus Company","New York","NY","Subsidiary Unit of a Transit Agency, Reporting Separately","Full Reporter","1,179","Bus","MB","DO","1,179","63217","New York--Jersey City--Newark, NY--NJ","19,426,449","http://web.mta.info/developers/data/busco/google_transit.zip",,,"true","2025 May 05","2024 January 17"
"20190","Port Imperial Ferry Corporation","Weehawken","NJ","Private-For-Profit Corporation","Full Reporter","52","Ferryboat","FB","DO","22","63217","New York--Jersey City--Newark, NY--NJ","19,426,449","https://nywaterway.connexionz.net/rtt/public/resource/gtfs.zip",,,"true","2026 April 27","2026 April 27"
"20195","Gloucester County","West Deptford","NJ","City, County or Local Government Unit or Department of Transportation","Reduced Reporter","17","Bus","MB","PT","3","69076","Philadelphia, PA--NJ--DE--MD","5,696,125","https://www.njtransit.com/Gloucester_Co_bus_data.zip",,,"true","2026 April 28","2026 April 28"
"20199","County of Atlantic","Atlantic City","NJ","City, County or Local Government Unit or Department of Transportation","Full Reporter","33","Bus","MB","PT","4","03904","Atlantic City--Ocean City--Villas, NJ","294,921","http://www.njtransit.com/AtlanticCo_bus_data.zip",,,"true","2025 May 29","2025 May 15"
"20200","South Jersey Transportation Authority","Blackwood","NJ","Independent Public Agency or Authority of Transit Service","Reduced Reporter","22","Bus","MB","DO","22","69076","Philadelphia, PA--NJ--DE--MD","5,696,125","http://www.njtransit.com/SJTA_bus_data.zip",,,"true","2025 May 13","2026 April 23"
"20201","County of Cumberland","Bridgeton","NJ","City, County or Local Government Unit or Department of Transportation","Reduced Reporter","4","Bus","MB","DO","4","90730","Vineland, NJ","87,226","https://www.njtransit.com/Cumberland_Co_bus_data.zip",,,"true","2026 February 25","2026 April 24"
"20206","County of Nassau","Mineola","NY","City, County or Local Government Unit or Department of Transportation","Full Reporter","334","Bus","MB","PT","235","63217","New York--Jersey City--Newark, NY--NJ","19,426,449","https://www.nicebus.com/NICE/media/nicebus-gtfs/NICE_GTFS.zip",,,"true","2026 April 22","2026 April 22"
"20208","County of Burlington","Mount Holly","NJ","City, County or Local Government Unit or Department of Transportation","Reduced Reporter","6","Bus","MB","PT","6","69076","Philadelphia, PA--NJ--DE--MD","5,696,125","https://www.njtransit.com/BurlingtonShuttles_bus_data.zip",,,"true","2025 March 25","2024 September 12"
"20209","Somerset County","Somerville","NJ","City, County or Local Government Unit or Department of Transportation","Full Reporter","59","Bus","MB","DO","8","63217","New York--Jersey City--Newark, NY--NJ","19,426,449","https://www.njtransit.com/SomersetCounty_bus_data.zip",,,"true","2025 May 05","2026 April 23"
"20212","County of Hunterdon","Flemington","NJ","City, County or Local Government Unit or Department of Transportation","Reduced Reporter","22","Bus","MB","PT","11","63217","New York--Jersey City--Newark, NY--NJ","19,426,449","https://www.njtransit.com/Hunterdon_Co_bus_data.zip",,,"true","2026 April 17","2026 April 23"
"20214","Town of Warwick","Warwick","NY","City, County or Local Government Unit or Department of Transportation","Reduced Reporter","6","Bus","MB","DO","1","56899","Middletown, NY","61,516","https://s3.amazonaws.com/datatools-511ny/public/Town_of_Warwick.zip",,,"true","2025 June 30","2026 April 23"
"20215","City of Watertown NY","Watertown","NY","City, County or Local Government Unit or Department of Transportation","Reduced Reporter","10","Bus","MB","DO","6","92674","Watertown, NY","51,832","https://passio3.com/watertown/passioTransit/gtfs/google_transit.zip",,,"true","2026 February 02","2025 December 09"
"20216","Orange County","Goshen","NY","City, County or Local Government Unit or Department of Transportation","Reduced Reporter","12","Bus","MB","PT","3","71803","Poughkeepsie--Newburgh, NY","314,766","https://data.trilliumtransit.com/gtfs/middletown-ny-us/middletown-ny-us.zip",,,"true","2025 April 29","2026 April 21"
"20217","Hampton Jitney, Inc.","Calverton","NY","Private-For-Profit Corporation","Full Reporter","59","Commuter Bus","CB","DO","59","63217","New York--Jersey City--Newark, NY--NJ","19,426,449",,"This agency provided the GTFS as a zip file instead of a public weblink, providing justification for why it could not be hosted. Please contact the agency if you need to access this file.",,"true","2025 May 22","2025 May 20"
"20220","Broadway Bus Corporation","Bayonne","NJ","Private-For-Profit Corporation","Reduced Reporter","7","Bus","MB","DO","7","63217","New York--Jersey City--Newark, NY--NJ","19,426,449","https://www.njtransit.com/broadway_bus_data.zip",,,"true","2026 April 16","2026 April 23"
"20223","Cape May Lewes Ferry","New Castle","DE","Independent Public Agency or Authority of Transit Service","Full Reporter","3","Ferryboat","FB","DO","3","03904","Atlantic City--Ocean City--Villas, NJ","294,921","https://www.cmlf.com/wp-content/uploads/2025/10/CMLF_GTFS-2025.zip",,,"true","2025 May 12","2025 December 16"
"20226","SeaStreak, LLC","Atlantic Highlands","NJ","Private-For-Profit Corporation","Full Reporter","7","Ferryboat","FB","DO","7","63217","New York--Jersey City--Newark, NY--NJ","19,426,449","https://seastreak.com/api/transit/google_transit.zip",,,"true","2025 May 14","2026 April 21"
"20227","Town of Wallkill","Middletown","NY","City, County or Local Government Unit or Department of Transportation","Reduced Reporter","6","Bus","MB","DO","1","56899","Middletown, NY","61,516","https://s3.amazonaws.com/datatools-511ny/public/Town_of_Warwick.zip",,,"true","2025 June 30","2026 April 23"
"20925","Lewis County","Lowville","NY","City, County or Local Government Unit or Department of Transportation","Rural Reporter","11","Bus","MB","PT","9","00036","New York Non-UZA","3,425,270","https://s3.amazonaws.com/datatools-511ny/public/Lewis_County.zip",,,"true","2025 May 07","2026 April 24"
"20926","Schoharie County","Schoharie","NY","City, County or Local Government Unit or Department of Transportation","Rural Reporter","16","Commuter Bus","CB","PT","4","00036","New York Non-UZA","3,425,270","https://s3.amazonaws.com/datatools-511ny/public/Schoharie_County_Public_Transit.zip",,,"true","2025 May 07","2026 April 24"
"20926","Schoharie County","Schoharie","NY","City, County or Local Government Unit or Department of Transportation","Rural Reporter","16","Bus","MB","PT","8","00036","New York Non-UZA","3,425,270","https://s3.amazonaws.com/datatools-511ny/public/Schoharie_County_Public_Transit.zip",,,"true","2025 May 07","2026 April 24"
"20928","Warren County","Belvidere","NJ","City, County or Local Government Unit or Department of Transportation","Rural Reporter","23","Bus","MB","PT","5","00034","New Jersey Non-UZA","824,050","https://www.njtransit.com/WCT_bus_data.zip",,,"true","2025 December 26","2025 December 04"
"20931","Greene County","Catskill","NY","City, County or Local Government Unit or Department of Transportation","Rural Reporter","7","Bus","MB","PT","7","00036","New York Non-UZA","3,425,270","https://s3.amazonaws.com/datatools-511ny/public/Greene_County_Transit.zip",,,"true","2025 May 07","2026 April 24"
"20932","Essex County","Elizabethtown","NY","City, County or Local Government Unit or Department of Transportation","Rural Reporter","13","Bus","MB","DO","13","00036","New York Non-UZA","3,425,270","https://s3.amazonaws.com/datatools-511ny/public/Essex_County_Public_Transportation.zip",,,"true","2025 May 07","2026 April 24"
"20934","Regional Transit Service","Rochester","NY","Independent Public Agency or Authority of Transit Service","Rural Reporter","6","Bus","MB","DO","6","00036","New York Non-UZA","3,425,270","https://scheduledata.rgrta.com/Regionals/Orleans.zip",,,"true","2025 May 07","2026 April 24"
"20937","Sullivan County","Monticello","NY","City, County or Local Government Unit or Department of Transportation","Rural Reporter","17","Bus","MB","DO","2","00036","New York Non-UZA","3,425,270","https://s3.amazonaws.com/datatools-511ny/public/Sullivan_County.zip",,,"true","2025 June 05","2026 April 24"
"20937","Sullivan County","Monticello","NY","City, County or Local Government Unit or Department of Transportation","Rural Reporter","17","Bus","MB","PT","7","00036","New York Non-UZA","3,425,270","https://s3.amazonaws.com/datatools-511ny/public/Sullivan_County.zip",,,"true","2025 June 05","2026 April 24"
"20938","Regional Transit Service","Rochester","NY","Independent Public Agency or Authority of Transit Service","Rural Reporter","5","Bus","MB","DO","5","00036","New York Non-UZA","3,425,270","https://scheduledata.rgrta.com/Regionals/Seneca.zip",,,"true","2025 May 07","2026 April 24"
"20939","Clinton County","Plattsburgh","NY","City, County or Local Government Unit or Department of Transportation","Rural Reporter","9","Bus","MB","DO","0","00036","New York Non-UZA","3,425,270","https://s3.amazonaws.com/datatools-511ny/public/Clinton_County_Public_Transit.zip",,,"true","2025 May 07","2026 April 24"
"20940","Madison County","Wampsville","NY","City, County or Local Government Unit or Department of Transportation","Rural Reporter","7","Bus","MB","PT","7","00036","New York Non-UZA","3,425,270","https://s3.amazonaws.com/datatools-511ny/public/Madison_Transit_Services.zip",,,"true","2025 May 07","2026 April 24"
"20941","City of Corning","Corning","NY","City, County or Local Government Unit or Department of Transportation","Rural Reporter","5","Bus","MB","PT","5","00036","New York Non-UZA","3,425,270","https://s3.amazonaws.com/datatools-511ny/public/Corning_Erwin_Area_Transit_System_CEATS.zip",,,"true","2025 June 02","2026 April 24"
"20942","Oswego County","Oswego","NY","City, County or Local Government Unit or Department of Transportation","Rural Reporter","8","Bus","MB","PT","6","00036","New York Non-UZA","3,425,270","https://gtfs.remix.com/oswego_county_us.zip",,,"true","2025 May 07","2025 December 12"
"20945","Schuyler County","Watkins Glen","NY","City, County or Local Government Unit or Department of Transportation","Rural Reporter","6","Bus","MB","PT","5","00036","New York Non-UZA","3,425,270","https://s3.amazonaws.com/datatools-511ny/public/Schuyler_County_Transit.zip",,,"true","2025 May 07","2026 April 24"
"20946","Steuben County","Bath","NY","City, County or Local Government Unit or Department of Transportation","Rural Reporter","2","Bus","MB","PT","2","00036","New York Non-UZA","3,425,270","https://s3.amazonaws.com/datatools-511ny/public/Steuben_County_Transit.zip",,,"true","2025 May 07","2026 April 24"
"20947","Regional Transit Service","Rochester","NY","Independent Public Agency or Authority of Transit Service","Rural Reporter","12","Bus","MB","DO","12","00036","New York Non-UZA","3,425,270","https://scheduledata.rgrta.com/Regionals/Genesee.zip",,,"true","2025 May 07","2026 April 24"
"20950","Sussex County","Newton","NJ","City, County or Local Government Unit or Department of Transportation","Rural Reporter","25","Bus","MB","DO","5","00034","New Jersey Non-UZA","824,050","https://www.njtransit.com/sussexcounty_bus_data.zip",,,"true","2025 December 26","2026 March 03"
"20951","Allegany County","Belmont","NY","City, County or Local Government Unit or Department of Transportation","Rural Reporter","5","Bus","MB","PT","5","00036","New York Non-UZA","3,425,270","https://s3.amazonaws.com/datatools-511ny/public/Access_Allegany.zip",,,"true","2025 May 07","2026 April 24"
"20953","City of Hornell","Hornell","NY","City, County or Local Government Unit or Department of Transportation","Rural Reporter","12","Bus","MB","DO","4","00036","New York Non-UZA","3,425,270","https://s3.amazonaws.com/datatools-511ny/public/Hornell_Area_Transit.zip",,,"true","2025 May 07","2026 April 24"
"20957","County of Niagara","Lockport","NY","City, County or Local Government Unit or Department of Transportation","Rural Reporter","4","Bus","MB","PT","4","00036","New York Non-UZA","3,425,270","https://s3.amazonaws.com/datatools-511ny/public/Niagara_County.zip",,,"true","2025 May 07","2026 April 24"
"20959","Chautauqua County","Mayville","NY","City, County or Local Government Unit or Department of Transportation","Rural Reporter","26","Bus","MB","DO","20","00036","New York Non-UZA","3,425,270","https://s3.amazonaws.com/datatools-511ny/public/CARTS_Chautauqua_Area_Regional_Transit_System_-_City_Routes.zip",,,"true","2025 May 07","2026 April 24"
"20960","City of Oneonta","Oneonta","NY","City, County or Local Government Unit or Department of Transportation","Rural Reporter","14","Bus","MB","DO","13","00036","New York Non-UZA","3,425,270","https://s3.amazonaws.com/datatools-511ny/public/Oneonta_Public_Transportation.zip",,,"true","2025 May 07","2026 April 24"
"20962","Regional Transit Service","Rochester","NY","Independent Public Agency or Authority of Transit Service","Rural Reporter","13","Bus","MB","DO","13","00036","New York Non-UZA","3,425,270","http://scheduledata.rgrta.com/google_transit.zip",,,"true","2025 May 07","2026 April 24"
"20967","Regional Transit Service","Rochester","NY","Independent Public Agency or Authority of Transit Service","Rural Reporter","18","Bus","MB","DO","18","00036","New York Non-UZA","3,425,270","https://scheduledata.rgrta.com/Regionals/Ontario.zip",,,"true","2025 May 07","2026 April 24"
"20968","County of Rensselaer","East Greenbush","NY","City, County or Local Government Unit or Department of Transportation","Rural Reporter","1","Commuter Bus","CB","PT","1","00036","New York Non-UZA","3,425,270","https://s3.amazonaws.com/datatools-511ny/public/Rensselaer_County_Yankee_Trails.zip",,,"true","2025 May 07","2026 April 24"
"20980","Regional Transit Service","Rochester","NY","Independent Public Agency or Authority of Transit Service","Rural Reporter","14","Bus","MB","DO","14","00036","New York Non-UZA","3,425,270","https://scheduledata.rgrta.com/Regionals/Wyoming.zip",,,"true","2025 May 07","2026 April 24"
"20981","City of Gloversville","Gloversville","NY","City, County or Local Government Unit or Department of Transportation","Rural Reporter","6","Bus","MB","DO","2","00036","New York Non-UZA","3,425,270","https://s3.amazonaws.com/datatools-511ny/public/Gloversville_Transit_System.zip",,,"true","2025 May 07","2026 April 24"
"20983","Regional Transit Service","Rochester","NY","Independent Public Agency or Authority of Transit Service","Rural Reporter","30","Bus","MB","DO","30","00036","New York Non-UZA","3,425,270","https://scheduledata.rgrta.com/Regionals/Wayne.zip",,,"true","2025 May 07","2026 April 24"
"20991","St Lawrence County","Canton","NY","City, County or Local Government Unit or Department of Transportation","Rural Reporter","15","Bus","MB","PT","15","00036","New York Non-UZA","3,425,270","https://s3.amazonaws.com/datatools-511ny/public/St_Lawrence_County_Public_Transit.zip",,,"true","2025 May 07","2026 April 24"
"20992","Franklin County","Malone","NY","City, County or Local Government Unit or Department of Transportation","Rural Reporter","13","Commuter Bus","CB","PT","2","00036","New York Non-UZA","3,425,270","https://s3.amazonaws.com/datatools-511ny/public/Franklin_County_Public_Transportation.zip",,,"true","2025 May 07","2026 April 24"
"20992","Franklin County","Malone","NY","City, County or Local Government Unit or Department of Transportation","Rural Reporter","13","Bus","MB","PT","0","00036","New York Non-UZA","3,425,270","https://s3.amazonaws.com/datatools-511ny/public/Franklin_County_Public_Transportation.zip",,,"true","2025 May 07","2026 April 24"
"20998","Otsego County","Cooperstown","NY","City, County or Local Government Unit or Department of Transportation","Rural Reporter","11","Bus","MB","PT","11","00036","New York Non-UZA","3,425,270","https://s3.amazonaws.com/datatools-511ny/public/Otsego_Express_Public_Transit.zip",,,"true","2025 June 17","2026 April 24"
"20999","Columbia County","Hudson","NY","City, County or Local Government Unit or Department of Transportation","Rural Reporter","5","Commuter Bus","CB","PT","2","00036","New York Non-UZA","3,425,270","https://s3.amazonaws.com/datatools-511ny/public/Columbia_County_Public_Transit.zip",,,"true","2025 May 07","2026 April 24"
"20999","Columbia County","Hudson","NY","City, County or Local Government Unit or Department of Transportation","Rural Reporter","5","Bus","MB","PT","3","00036","New York Non-UZA","3,425,270","https://s3.amazonaws.com/datatools-511ny/public/Columbia_County_Public_Transit.zip",,,"true","2025 May 07","2026 April 24"
"22929","Seneca Nation of Indians","Salamanca","NY","Tribe","Reduced Reporter","3","Bus","MB","PT","3","00036","New York Non-UZA","3,425,270","https://passio3.com/senecanation/passioTransit/gtfs/google_transit.zip",,,"true","2026 January 31","2026 January 21"
"22930","New York City Economic Development Corporation","New York","NY","Private-Non-Profit Corporation","Full Reporter","29","Ferryboat","FB","PT","26","63217","New York--Jersey City--Newark, NY--NJ","19,426,449","https://nycferry.connexionz.net/rtt/public/utility/gtfs.aspx",,,"true","2026 February 06","2026 January 06"
"22930","New York City Economic Development Corporation","New York","NY","Private-Non-Profit Corporation","Full Reporter","29","Bus","MB","PT","3","63217","New York--Jersey City--Newark, NY--NJ","19,426,449","https://nycferry.connexionz.net/rtt/public/utility/gtfs.aspx",,,"true","2026 February 06","2026 January 06"
"30001","Kanawha Valley Regional Transportation Authority","Charleston","WV","Independent Public Agency or Authority of Transit Service","Full Reporter","45","Bus","MB","DO","34","15481","Charleston, WV","140,958","https://gtfs.krt.cadavl.com/KRT/GTFS/GTFS_KRT.zip",,,"true","2025 November 25","2025 November 18"
"30002","The Tri-State Transit Authority","Huntington","WV","Independent Public Agency or Authority of Transit Service","Full Reporter","32","Bus","MB","DO","23","40753","Huntington, WV--KY--OH","200,157","https://rapid.nationalrtap.org/GTFSFileManagement/UserUploadFiles/13625/Feed(1).zip",,,"true","2025 December 05","2025 December 03"
"30003","Mid-Ohio Valley Transit Authority","Parkersburg","WV","Independent Public Agency or Authority of Transit Service","Reduced Reporter","12","Bus","MB","DO","11","67672","Parkersburg, WV--OH","62,500","https://rapid.nationalrtap.org/GTFSFileManagement/UserUploadFiles/13612/MOVTA_GTFS.zip",,,"true","2026 January 06","2025 November 20"
"30006","Greater Richmond Transit Company","Richmond","VA","Other Publicly-Owned or Privately Chartered Corporation","Full Reporter","280","Bus","MB","DO","104","74746","Richmond, VA","1,059,150","https://www.ridegrtc.com/wp-content/uploads/2025/02/gtfs.zip",,,"true","2025 November 24","2025 September 25"
"30006","Greater Richmond Transit Company","Richmond","VA","Other Publicly-Owned or Privately Chartered Corporation","Full Reporter","280","Bus Rapid Transit","RB","DO","10","74746","Richmond, VA","1,059,150","https://www.ridegrtc.com/wp-content/uploads/2025/02/gtfs.zip",,,"true","2025 November 24","2025 September 25"
"30007","Greater Roanoke Transit Company","Roanoke","VA","Other Publicly-Owned or Privately Chartered Corporation","Full Reporter","41","Bus","MB","DO","24","75421","Roanoke, VA","217,312","https://vmgoapp.com/gtfs",,,"true","2026 February 24","2026 February 19"
"30008","Greater Lynchburg Transit Company","Lynchburg","VA","Independent Public Agency or Authority of Transit Service","Full Reporter","26","Bus","MB","DO","19","52201","Lynchburg, VA","125,596","https://gltconline.com/wp-content/uploads/2026/03/gltc-lynchburg-va-us-2026.zip",,,"true","2026 March 10","2026 March 06"
"30009","City of Petersburg","Petersburg","VA","City, County or Local Government Unit or Department of Transportation","Reduced Reporter","18","Bus","MB","DO","13","74746","Richmond, VA","1,059,150","https://data.trilliumtransit.com/gtfs/petersburg-va-us/petersburg-va-us.zip",,,"true","2025 December 09","2026 March 04"
"30010","Lehigh and Northampton Transportation Authority","Allentown","PA","Independent Public Agency or Authority of Transit Service","Full Reporter","154","Bus","MB","DO","73","01495","Allentown--Bethlehem, PA--NJ","621,703","https://realtimelanta.availtec.com/InfoPoint/gtfs-zip.ashx",,,"true","2026 February 03","2026 January 07"
"30010","Lehigh and Northampton Transportation Authority","Allentown","PA","Independent Public Agency or Authority of Transit Service","Full Reporter","154","Bus","MB","PT","4","01495","Allentown--Bethlehem, PA--NJ","621,703","https://realtimelanta.availtec.com/InfoPoint/gtfs-zip.ashx",,,"true","2026 February 03","2026 January 07"
"30011","Altoona Metro Transit","Altoona","PA","Independent Public Agency or Authority of Transit Service","Full Reporter","23","Bus","MB","DO","22","01792","Altoona, PA","74,426","https://amtran.rideralerts.com/InfoPoint/gtfs-zip.ashx",,,"true","2026 January 06","2026 February 27"
"30012","Cambria County Transit Authority","Johnstown","PA","Independent Public Agency or Authority of Transit Service","Full Reporter","117","Inclined Plane","IP","DO","0","43291","Johnstown, PA","61,521","https://rapid.nationalrtap.org/GTFSFileManagement/UserUploadFiles/13064/_IP_GTFS.zip",,,"true","2026 March 05","2026 April 27"
"30012","Cambria County Transit Authority","Johnstown","PA","Independent Public Agency or Authority of Transit Service","Full Reporter","117","Bus","MB","DO","32","43291","Johnstown, PA","61,521","https://live.camtranbus.com/InfoPoint/gtfs-zip.ashx",,,"true","2026 March 05","2026 April 22"
"30013","Erie Metropolitan Transit Authority","Erie","PA","Independent Public Agency or Authority of Transit Service","Full Reporter","81","Bus","MB","DO","45","27766","Erie, PA","187,820","https://emta.availtec.com/InfoPoint/gtfs-zip.ashx",,,"true","2025 December 31","2026 February 27"
"30015","Luzerne County Transportation Authority","Wilkes Barre","PA","Independent Public Agency or Authority of Transit Service","Full Reporter","69","Bus","MB","DO","32","80227","Scranton, PA","366,713","https://realtimelctabus.availtec.com/InfoPoint/gtfs-zip.ashx",,,"true","2025 December 12","2025 December 12"
"30019","Southeastern Pennsylvania Transportation Authority","Philadelphia","PA","Independent Public Agency or Authority of Transit Service","Full Reporter","1,933","Commuter Rail","CR","DO","327","69076","Philadelphia, PA--NJ--DE--MD","5,696,125","https://www3.septa.org/developer/google_rail.zip",,,"true","2025 December 22","2026 April 27"
"30019","Southeastern Pennsylvania Transportation Authority","Philadelphia","PA","Independent Public Agency or Authority of Transit Service","Full Reporter","1,933","Heavy Rail","HR","DO","215","69076","Philadelphia, PA--NJ--DE--MD","5,696,125","https://www3.septa.org/developer/google_bus.zip",,,"true","2025 December 22","2025 November 21"
"30019","Southeastern Pennsylvania Transportation Authority","Philadelphia","PA","Independent Public Agency or Authority of Transit Service","Full Reporter","1,933","Bus","MB","DO","1,007","69076","Philadelphia, PA--NJ--DE--MD","5,696,125","https://www3.septa.org/developer/google_bus.zip",,,"true","2025 December 22","2025 November 21"
"30019","Southeastern Pennsylvania Transportation Authority","Philadelphia","PA","Independent Public Agency or Authority of Transit Service","Full Reporter","1,933","Bus","MB","PT","3","69076","Philadelphia, PA--NJ--DE--MD","5,696,125","https://www3.septa.org/developer/google_bus.zip",,,"true","2025 December 22","2025 November 21"
"30019","Southeastern Pennsylvania Transportation Authority","Philadelphia","PA","Independent Public Agency or Authority of Transit Service","Full Reporter","1,933","Streetcar Rail","SR","DO","84","69076","Philadelphia, PA--NJ--DE--MD","5,696,125","https://www3.septa.org/developer/google_bus.zip",,,"true","2025 December 22","2025 November 21"
"30019","Southeastern Pennsylvania Transportation Authority","Philadelphia","PA","Independent Public Agency or Authority of Transit Service","Full Reporter","1,933","Trolleybus","TB","DO","25","69076","Philadelphia, PA--NJ--DE--MD","5,696,125","https://www3.septa.org/developer/google_bus.zip",,,"true","2025 December 22","2025 November 21"
"30022","Pittsburgh Regional Transit","Pittsburgh","PA","Independent Public Agency or Authority of Transit Service","Full Reporter","758","Inclined Plane","IP","DO","2","69697","Pittsburgh, PA","1,745,039","https://www.rideprt.org/developerresources/GTFSCleverRailOnly2602.zip",,,"true","2026 March 10","2026 March 04"
"30022","Pittsburgh Regional Transit","Pittsburgh","PA","Independent Public Agency or Authority of Transit Service","Full Reporter","758","Light Rail","LR","DO","51","69697","Pittsburgh, PA","1,745,039","https://www.rideprt.org/developerresources/GTFSCleverRailOnly2602.zip",,,"true","2026 March 10","2026 March 04"
"30022","Pittsburgh Regional Transit","Pittsburgh","PA","Independent Public Agency or Authority of Transit Service","Full Reporter","758","Bus","MB","DO","504","69697","Pittsburgh, PA","1,745,039","https://www.rideprt.org/developerresources/GTFSCleverBusOnly2602.zip",,,"true","2026 March 10","2026 March 04"
"30023","Beaver County Transit Authority","Rochester","PA","Independent Public Agency or Authority of Transit Service","Full Reporter","31","Bus","MB","DO","12","69697","Pittsburgh, PA","1,745,039","https://bcta.rideralerts.com/InfoPoint/gtfs-zip.ashx",,,"true","2026 March 04","2026 February 27"
"30025","County of Lackawanna Transit System","Scranton","PA","Independent Public Agency or Authority of Transit Service","Full Reporter","75","Bus","MB","DO","29","80227","Scranton, PA","366,713","https://coltsivl.availtec.com/InfoPoint/gtfs-zip.ashx",,,"true","2026 January 28","2026 January 13"
"30025","County of Lackawanna Transit System","Scranton","PA","Independent Public Agency or Authority of Transit Service","Full Reporter","75","Bus","MB","PT","5","80227","Scranton, PA","366,713","https://coltsivl.availtec.com/InfoPoint/gtfs-zip.ashx",,,"true","2026 January 28","2026 January 13"
"30030","Washington Metropolitan Area Transit Authority","Washington","DC","Independent Public Agency or Authority of Transit Service","Full Reporter","2,608","Heavy Rail","HR","DO","896","92242","Washington--Arlington, DC--VA--MD","5,174,759","https://api.wmata.com/gtfs/rail-gtfs-static.zip",,,"true","2026 February 27","2026 February 27"
"30030","Washington Metropolitan Area Transit Authority","Washington","DC","Independent Public Agency or Authority of Transit Service","Full Reporter","2,608","Bus","MB","DO","1,124","92242","Washington--Arlington, DC--VA--MD","5,174,759","https://api.wmata.com/gtfs/bus-gtfs-static.zip",,,"true","2026 February 27","2026 February 27"
"30034","Maryland Transit Administration","Baltimore","MD","State Government Unit or Department of Transportation","Full Reporter","1,814","Commuter Bus","CB","PT","92","04843","Baltimore, MD","2,212,038","https://feeds.mta.maryland.gov/gtfs/commuter-bus",,,"true","2026 March 11","2026 March 19"
"30034","Maryland Transit Administration","Baltimore","MD","State Government Unit or Department of Transportation","Full Reporter","1,814","Commuter Rail","CR","PT","143","04843","Baltimore, MD","2,212,038","https://feeds.mta.maryland.gov/gtfs/marc",,,"true","2026 March 11","2026 March 19"
"30034","Maryland Transit Administration","Baltimore","MD","State Government Unit or Department of Transportation","Full Reporter","1,814","Heavy Rail","HR","DO","40","04843","Baltimore, MD","2,212,038","https://feeds.mta.maryland.gov/gtfs/metro",,,"true","2026 March 11","2026 March 19"
"30034","Maryland Transit Administration","Baltimore","MD","State Government Unit or Department of Transportation","Full Reporter","1,814","Light Rail","LR","DO","17","04843","Baltimore, MD","2,212,038","https://feeds.mta.maryland.gov/gtfs/light-rail",,,"true","2026 March 11","2026 March 19"
"30034","Maryland Transit Administration","Baltimore","MD","State Government Unit or Department of Transportation","Full Reporter","1,814","Bus","MB","DO","694","04843","Baltimore, MD","2,212,038","https://feeds.mta.maryland.gov/gtfs/local-bus",,,"true","2026 March 11","2026 March 19"
"30035","Ohio Valley Regional Transportation Authority","Wheeling","WV","Independent Public Agency or Authority of Transit Service","Full Reporter","16","Bus","MB","DO","14","94726","Wheeling, WV--OH","57,695","https://rapid.nationalrtap.org/GTFSFileManagement/UserUploadFiles/13736/OVRTAFeed.zip",,,"true","2026 February 27","2026 February 25"
"30036","City of Charlottesville","Charlottesville","VA","City, County or Local Government Unit or Department of Transportation","Reduced Reporter","19","Bus","MB","DO","19","15724","Charlottesville, VA","104,191","https://apps.charlottesville.gov/publicfiles/GTFS.zip",,,"true","2026 February 27","2026 February 27"
"30040","City of Annapolis","Annapolis","MD","City, County or Local Government Unit or Department of Transportation","Reduced Reporter","11","Bus","MB","DO","10","04843","Baltimore, MD","2,212,038","https://annapolis.maps.arcgis.com/sharing/rest/content/items/c307923d57ab4871aff79491b4a1bfd3/data",,,"true","2025 December 18","2025 November 17"
"30041","Board of Commissioners of Allegany County Maryland","Cumberland","MD","City, County or Local Government Unit or Department of Transportation","Rural Reporter","15","Bus","MB","DO","9","00024","Maryland Non-UZA","1,214,444","https://atcgtfsdownload.itcurves.us/DownloadGtfs",,,"true","2026 January 12","2026 April 24"
"30042","Washington County","Hagerstown","MD","City, County or Local Government Unit or Department of Transportation","Reduced Reporter","12","Bus","MB","DO","8","36190","Hagerstown, MD--WV--PA--VA","197,557","https://rapid.nationalrtap.org/GTFSFileManagement/UserUploadFiles/11756/WCT_MD_GTFS.zip",,,"true","2026 February 27","2026 February 27"
"30044","Westmoreland County Transit Authority","Greensburg","PA","Independent Public Agency or Authority of Transit Service","Full Reporter","78","Bus","MB","DO","31","69697","Pittsburgh, PA","1,745,039","https://gtfs.remix.com/wcta_greensburg_pa_us.zip",,,"true","2026 March 17","2026 March 17"
"30045","JAUNT, Inc.","Charlottesville","VA","Other Publicly-Owned or Privately Chartered Corporation","Full Reporter","61","Commuter Bus","CB","DO","9","15724","Charlottesville, VA","104,191","https://gtfs.remix.com/jaunt_charlottesville_va_us.zip",,,"true","2026 February 03","2026 January 27"
"30051","Montgomery County, Maryland","Rockville","MD","City, County or Local Government Unit or Department of Transportation","Full Reporter","307","Bus","MB","DO","302","92242","Washington--Arlington, DC--VA--MD","5,174,759","https://www.montgomerycountymd.gov/DOT-Transit/Resources/Files/GTFS/RideOnGTFS.zip",,,"true","2026 January 27","2026 January 14"
"30053","City of Bristol Virginia","Bristol","VA","City, County or Local Government Unit or Department of Transportation","Reduced Reporter","6","Bus","MB","DO","5","10351","Bristol, TN--VA","70,638","https://data.trilliumtransit.com/gtfs/bristol-va-us/bristol-va-us.zip",,,"true","2025 December 15","2026 March 05"
"30054","Centre Area Transportation Authority","State College","PA","Independent Public Agency or Authority of Transit Service","Full Reporter","72","Bus","MB","DO","34","84493","State College, PA","83,674","https://catabus.com/wp-content/uploads/google_transit.zip",,,"true","2026 March 05","2026 March 02"
"30055","Mercer County Regional Council of Governments","Sharon","PA","City, County or Local Government Unit or Department of Transportation","Reduced Reporter","24","Bus","MB","DO","4","00042","Pennsylvania Non-UZA","4,196,634","https://svss.availtec.com/InfoPoint/gtfs-zip.ashx",,,"true","2026 January 05","2026 April 24"
"30057","Pennsylvania Department of Transportation","Harrisburg","PA","State Government Unit or Department of Transportation","Full Reporter","20","Commuter Rail","CR","PT","20","69076","Philadelphia, PA--NJ--DE--MD","5,696,125","https://content.amtrak.com/content/gtfs/GTFS.zip",,,"true","2025 November 25","2025 November 19"
"30058","City of Fairfax","Fairfax","VA","City, County or Local Government Unit or Department of Transportation","Full Reporter","8","Bus","MB","DO","8","92242","Washington--Arlington, DC--VA--MD","5,174,759","https://www.fairfaxva.gov/files/assets/city/v/2/public-works/documents/schedules-and-maps/cue-gtfs.zip",,,"true","2025 December 11","2025 September 25"
"30061","Mid Mon Valley Transit Authority","Charleroi","PA","Independent Public Agency or Authority of Transit Service","Full Reporter","22","Bus","MB","PT","22","69697","Pittsburgh, PA","1,745,039","https://mmvta.rideralerts.com/InfoPoint/gtfs-zip.ashx",,,"true","2025 December 03","2026 February 27"
"30068","Fairfax County, VA","Fairfax","VA","City, County or Local Government Unit or Department of Transportation","Full Reporter","289","Bus","MB","PT","289","92242","Washington--Arlington, DC--VA--MD","5,174,759","https://www.fairfaxcounty.gov/connector/sites/connector/files/Assets/connector_gtfs.zip",,,"true","2026 March 02","2024 June 18"
"30069","City of Danville","Danville","VA","City, County or Local Government Unit or Department of Transportation","Rural Reporter","18","Bus","MB","DO","6","00051","Virginia Non-UZA","2,567,062","https://data.trilliumtransit.com/gtfs/danville-va-us/danville-va-us.zip",,,"true","2026 March 25","2026 March 19"
"30070","Potomac and Rappahannock Transportation Commission","Woodbridge","VA","Independent Public Agency or Authority of Transit Service","Full Reporter","533","Commuter Bus","CB","PT","78","92242","Washington--Arlington, DC--VA--MD","5,174,759","https://omniride.com/about/tools/omniride-gtfs-file/",,,"true","2026 January 20","2026 January 08"
"30070","Potomac and Rappahannock Transportation Commission","Woodbridge","VA","Independent Public Agency or Authority of Transit Service","Full Reporter","533","Bus","MB","PT","32","92242","Washington--Arlington, DC--VA--MD","5,174,759","https://omniride.com/about/tools/omniride-gtfs-file/",,,"true","2026 January 20","2026 January 08"
"30071","City of Alexandria","Alexandria","VA","City, County or Local Government Unit or Department of Transportation","Full Reporter","113","Bus","MB","DO","75","92242","Washington--Arlington, DC--VA--MD","5,174,759","https://www.dashbus.com/google_transit.zip",,,"true","2026 February 11","2026 January 22"
"30072","Frederick County, Maryland","Frederick","MD","City, County or Local Government Unit or Department of Transportation","Full Reporter","36","Bus","MB","DO","20","31519","Frederick, MD","176,456","https://passio3.com/frederick/passioTransit/gtfs/google_transit.zip",,,"true","2026 January 21","2026 January 05"
"30073","Virginia Railway Express","Woodbridge","VA","Independent Public Agency or Authority of Transit Service","Full Reporter","99","Commuter Rail","CR","PT","99","92242","Washington--Arlington, DC--VA--MD","5,174,759","https://gtfs.vre.org/containercdngtfsupload/google_transit.zip",,,"true","2026 January 13","2025 September 16"
"30074","Harford County Maryland","Bel Air","MD","City, County or Local Government Unit or Department of Transportation","Reduced Reporter","25","Bus","MB","DO","12","06290","Bel Air--Aberdeen, MD","214,647","https://passio3.com/harford/passioTransit/gtfs/google_transit.zip",,,"true","2026 January 01","2025 December 19"
"30075","Delaware Transit Corporation","Dover","DE","Independent Public Agency or Authority of Transit Service","Full Reporter","456","Bus","MB","DO","136","69076","Philadelphia, PA--NJ--DE--MD","5,696,125","https://dartfirststate.com/RiderInfo/Routes/gtfs_data/dartfirststate_de_us.zip",,,"true","2026 March 11","2025 November 25"
"30075","Delaware Transit Corporation","Dover","DE","Independent Public Agency or Authority of Transit Service","Full Reporter","456","Bus","MB","PT","44","69076","Philadelphia, PA--NJ--DE--MD","5,696,125","https://dartfirststate.com/RiderInfo/Routes/gtfs_data/dartfirststate_de_us.zip",,,"true","2026 March 11","2025 November 25"
"30076","Williamsburg Area Transit Authority","Williamsburg","VA","Independent Public Agency or Authority of Transit Service","Full Reporter","24","Bus","MB","DO","17","95411","Williamsburg, VA","89,585","https://gtfs.wata.cadavl.com/WATA/GTFS/GTFS_WATA.zip",,,"true","2026 February 03","2026 January 22"
"30077","Borough of Pottstown","Pottstown","PA","City, County or Local Government Unit or Department of Transportation","Full Reporter","6","Bus","MB","PT","5","69076","Philadelphia, PA--NJ--DE--MD","5,696,125","https://part.rideralerts.com/InfoPoint/gtfs-zip.ashx",,,"true","2026 January 05","2025 December 03"
"30079","City of Fredericksburg","Fredericksburg","VA","City, County or Local Government Unit or Department of Transportation","Reduced Reporter","20","Bus","MB","DO","20","31600","Fredericksburg, VA","167,679","https://www.fredericksburgva.gov/DocumentCenter/View/31122/FXBGO-GTFS---CY2026",,,"true","2026 January 28","2026 January 28"
"30080","Arlington County, Virginia","Arlington","VA","City, County or Local Government Unit or Department of Transportation","Full Reporter","93","Bus","MB","PT","51","92242","Washington--Arlington, DC--VA--MD","5,174,759","https://www.arlingtontransit.com/shared/content/gtfs/art/google_transit.zip",,,"true","2026 February 06","2025 December 19"
"30081","Loudoun County","Leesburg","VA","City, County or Local Government Unit or Department of Transportation","Full Reporter","73","Commuter Bus","CB","PT","25","92242","Washington--Arlington, DC--VA--MD","5,174,759","https://www.loudoun.gov/loudountransitgtfs",,,"true","2026 February 03","2025 December 16"
"30081","Loudoun County","Leesburg","VA","City, County or Local Government Unit or Department of Transportation","Full Reporter","73","Bus","MB","PT","39","92242","Washington--Arlington, DC--VA--MD","5,174,759","https://www.loudoun.gov/loudountransitgtfs",,,"true","2026 February 03","2025 December 16"
"30083","Transportation District Commission of Hampton Roads","Hampton","VA","Independent Public Agency or Authority of Transit Service","Full Reporter","411","Ferryboat","FB","PT","2","90892","Virginia Beach--Norfolk, VA","1,451,578","https://gtfs.gohrt.com/gtfs/google_transit.zip",,,"true","2026 April 23","2026 April 23"
"30083","Transportation District Commission of Hampton Roads","Hampton","VA","Independent Public Agency or Authority of Transit Service","Full Reporter","411","Light Rail","LR","DO","5","90892","Virginia Beach--Norfolk, VA","1,451,578","https://gtfs.gohrt.com/gtfs/google_transit.zip",,,"true","2026 April 23","2025 July 30"
"30083","Transportation District Commission of Hampton Roads","Hampton","VA","Independent Public Agency or Authority of Transit Service","Full Reporter","411","Bus","MB","DO","225","90892","Virginia Beach--Norfolk, VA","1,451,578","https://gtfs.gohrt.com/gtfs/google_transit.zip",,,"true","2026 April 23","2026 April 23"
"30085","Prince George's County, Maryland","Upper Marlboro","MD","City, County or Local Government Unit or Department of Transportation","Full Reporter","107","Bus","MB","PT","72","92242","Washington--Arlington, DC--VA--MD","5,174,759","https://data.trilliumtransit.com/gtfs/princegeorgescounty-md-us/princegeorgescounty-md-us.zip",,,"true","2026 March 17","2026 January 22"
"30087","County of Fayette","Uniontown","PA","City, County or Local Government Unit or Department of Transportation","Full Reporter","29","Bus","MB","DO","8","00042","Pennsylvania Non-UZA","4,196,634","https://fact.rideralerts.com/InfoPoint/gtfs-zip.ashx",,,"true","2026 March 25","2026 March 25"
"30088","County Commissioners of Charles County, MD","La Plata","MD","City, County or Local Government Unit or Department of Transportation","Full Reporter","34","Bus","MB","PT","17","91261","Waldorf, MD","118,601","https://charlescounty.tripshot.com/v1/gtfs/feed/VanGO",,,"true","2026 February 24","2026 April 22"
"30089","Monongalia County Urban Mass Transit Authority","Morgantown","WV","Independent Public Agency or Authority of Transit Service","Reduced Reporter","28","Bus","MB","DO","24","59275","Morgantown, WV","77,620","https://remote.busride.org/ws/google/google_transit.zip",,,"true","2026 January 29","2026 January 12"
"30090","Eastern Panhandle Transit Authority","Martinsburg","WV","Independent Public Agency or Authority of Transit Service","Reduced Reporter","27","Bus","MB","DO","17","36190","Hagerstown, MD--WV--PA--VA","197,557","https://irp.cdn-website.com/01b71e6f/files/uploaded/EPTA_feed_2023_11_28_w_shapes_v2.zip",,,"true","2025 November 26","2025 November 25"
"30091","Town of Blacksburg","Blacksburg","VA","City, County or Local Government Unit or Department of Transportation","Full Reporter","43","Bus","MB","DO","33","08002","Blacksburg--Christiansburg, VA","72,400","https://bt4uclassic.org/gtfs/google_transit.zip",,,"true","2026 March 18","2026 March 18"
"30092","The County Commissioners of Carroll County, Maryland","Westminster","MD","City, County or Local Government Unit or Department of Transportation","Reduced Reporter","23","Bus","MB","PT","6","31519","Frederick, MD","176,456","https://rapid.nationalrtap.org/GTFSFileManagement/UserUploadFiles/11384/GTFS.zip",,,"true","2025 December 01","2025 November 12"
"30093","City of Hazleton","Hazleton","PA","City, County or Local Government Unit or Department of Transportation","Reduced Reporter","11","Bus","MB","PT","8","37945","Hazleton, PA","50,860","https://realtimehpts.availtec.com/InfoPoint/gtfs-zip.ashx",,,"true","2025 December 15","2025 December 08"
"30094","City of Harrisonburg","Harrisonburg","VA","City, County or Local Government Unit or Department of Transportation","Full Reporter","33","Bus","MB","DO","23","37162","Harrisonburg, VA","73,377","https://passio3.com/harrisonburg/passioTransit/gtfs/google_transit.zip",,,"true","2026 February 27","2026 February 27"
"30095","County of Lebanon Transit Authority","Lebanon","PA","Independent Public Agency or Authority of Transit Service","Full Reporter","24","Bus","MB","DO","11","48664","Lebanon, PA","75,485","https://realtime.lebanontransit.org/InfoPoint/gtfs-zip.ashx",,,"true","2026 March 03","2026 February 27"
"30096","The Tri-County Council for the Lower Eastern Shore of Maryland","Salisbury","MD","Independent Public Agency or Authority of Transit Service","Full Reporter","30","Bus","MB","DO","13","78364","Salisbury, MD--DE","78,075","https://myride.shoretransit.org/gtfs/google_transit.zip",,,"true","2026 January 06","2026 January 06"
"30099","City of Winchester","Winchester","VA","City, County or Local Government Unit or Department of Transportation","Reduced Reporter","10","Bus","MB","DO","3","96103","Winchester, VA","83,377","https://data.trilliumtransit.com/gtfs/wintran-va-us/wintran-va-us.zip",,,"true","2026 January 21","2025 December 22"
"30107","West Virginia University","Morgantown","WV","University","Full Reporter","59","Monorail/Automated Guideway","MG","DO","59","59275","Morgantown, WV","77,620","https://prt.wvu.edu/files/d/fcc4abeb-9e23-477b-b648-30623cb8ad80/gtfs.zip",,,"true","2026 January 28","2026 January 06"
"30108","Cecil County Government","Elkton","MD","City, County or Local Government Unit or Department of Transportation","Reduced Reporter","19","Bus","MB","DO","9","69076","Philadelphia, PA--NJ--DE--MD","5,696,125","https://www.cecilcountymd.gov/documentcenter/view/5246",,,"true","2025 December 01","2025 November 24"
"30109","St. Mary's County Government","California","MD","City, County or Local Government Unit or Department of Transportation","Reduced Reporter","21","Bus","MB","DO","13","49594","Lexington Park--California--Chesapeake Ranch Estates, MD","62,352","https://gis.stmaryscountymd.gov/Downloads/GTFS/STS_GTFS_Schedule_11_19_25.zip",,,"true","2025 December 01","2025 November 20"
"30111","Washington County Transportation Authority","Washington","PA","Independent Public Agency or Authority of Transit Service","Full Reporter","52","Bus","MB","PT","7","69697","Pittsburgh, PA","1,745,039","https://freedom.rideralerts.com/infopoint/gtfs-zip.ashx",,,"true","2026 February 05","2026 January 05"
"30112","District Department of Transportation","Washington","DC","State Government Unit or Department of Transportation","Full Reporter","33","Streetcar Rail","SR","PT","4","92242","Washington--Arlington, DC--VA--MD","5,174,759","https://rapid.nationalrtap.org/GTFSFileManagement/UserUploadFiles/13768/Streetcar.zip",,,"true","2026 April 01","2026 March 24"
"30114","Accomack-Northhampton Transportation District Comm","Tasley","VA","City, County or Local Government Unit or Department of Transportation","Rural Reporter","12","Bus","MB","DO","10","00051","Virginia Non-UZA","2,567,062","https://data.trilliumtransit.com/gtfs/startransit-va-us/startransit-va-us.zip",,,"true","2026 March 25","2026 March 19"
"30115","New River Valley Senior Services, Inc.","Radford","VA","Private-Non-Profit Corporation","Rural Reporter","10","Bus","MB","DO","9","00051","Virginia Non-UZA","2,567,062","https://data.trilliumtransit.com/gtfs/pulaski-va-us/pulaski-va-us.zip",,,"true","2026 March 25","2026 March 19"
"30116","Borough of Mt. Carmel","Mount Carmel","PA","City, County or Local Government Unit or Department of Transportation","Rural Reporter","3","Bus","MB","PT","3","00042","Pennsylvania Non-UZA","4,196,634","https://lats.rideralerts.com/infopoint/gtfs-zip.ashx",,,"true","2026 April 27","2026 April 27"
"30118","Virginia Regional Transit","Purcellville","VA","Private-Non-Profit Corporation","Rural Reporter","24","Bus","MB","DO","11","00051","Virginia Non-UZA","2,567,062","https://data.trilliumtransit.com/gtfs/vatransit-va-us/vatransit-va-us.zip",,,"true","2026 March 25","2026 March 19"
"30119","Central West Virginia Transit Authority","Clarksburg","WV","Independent Public Agency or Authority of Transit Service","Rural Reporter","18","Bus","MB","DO","12","00054","West Virginia Non-UZA","1,204,816","https://centrabus.com/GTFS/google_transit.zip",,,"true","2026 April 09","2025 December 19"
"30121","City of Bluefield","Bluefield","WV","City, County or Local Government Unit or Department of Transportation","Rural Reporter","26","Bus","MB","DO","10","00054","West Virginia Non-UZA","1,204,816","https://drive.google.com/uc?export=download&id=1OP6_Ohhlz2p0GdOYFQ-4AjhhALyZ31XC",,,"true","2026 April 08","2025 November 20"
"30122","Randolph County Senior Center","Elkins","WV","Private-Non-Profit Corporation","Rural Reporter","11","Bus","MB","DO","5","00054","West Virginia Non-UZA","1,204,816","https://countryroadstransit.com/wp-content/uploads/feedCRT.zip",,,"true","2026 April 08","2025 November 20"
"30123","District Three Governmental Cooperative","Marion","VA","Independent Public Agency or Authority of Transit Service","Reduced Reporter","29","Bus","MB","DO","8","10351","Bristol, TN--VA","70,638","https://data.trilliumtransit.com/gtfs/districtthree-va-us/districtthree-va-us.zip",,,"true","2026 February 19","2025 December 16"
"30124","Warren County Transit Authority","Warren","PA","Independent Public Agency or Authority of Transit Service","Rural Reporter","14","Bus","MB","DO","3","00042","Pennsylvania Non-UZA","4,196,634","https://tawc.rideralerts.com/InfoPoint/gtfs-zip.ashx",,,"true","2026 April 27","2026 April 27"
"30127","Schuylkill Transportation System","Pottsville","PA","Independent Public Agency or Authority of Transit Service","Rural Reporter","38","Bus","MB","DO","10","00042","Pennsylvania Non-UZA","4,196,634","https://sts.rideralerts.com/InfoPoint/gtfs-zip.ashx",,,"true","2026 April 27","2026 April 27"
"30129","Anne Arundel County","Annapolis","MD","City, County or Local Government Unit or Department of Transportation","Full Reporter","35","Bus","MB","PT","14","04843","Baltimore, MD","2,212,038",,"This agency provided the GTFS as a zip file instead of a public weblink, providing justification for why it could not be hosted. Please contact the agency if you need to access this file.",,"true","2026 March 02","2026 January 14"
"30130","Baltimore County Department of Public Works Transportation","Towson","MD","City, County or Local Government Unit or Department of Transportation","Reduced Reporter","21","Bus","MB","DO","8","04843","Baltimore, MD","2,212,038","https://passio3.com/towson/passioTransit/gtfs/google_transit.zip",,,"true","2026 February 23","2026 February 23"
"30131","Board of County Commissioners of Calvert County, Maryland","Prince Frederick","MD","City, County or Local Government Unit or Department of Transportation","Reduced Reporter","15","Bus","MB","DO","10","49594","Lexington Park--California--Chesapeake Ranch Estates, MD","62,352","https://gis.calvertcountymd.gov/GTFS/Calvert_GTFS.zip",,,"true","2025 December 08","2025 October 15"
"30135","Potomac Valley Transit Authority","Petersburg","WV","Independent Public Agency or Authority of Transit Service","Rural Reporter","27","Bus","MB","DO","16","00054","West Virginia Non-UZA","1,204,816","https://rapid.nationalrtap.org/GTFSFileManagement/UserUploadFiles/12017/feed.zip",,,"true","2026 April 09","2026 March 20"
"30137","Monroe County Transportation Authority","Swiftwater","PA","Independent Public Agency or Authority of Transit Service","Rural Reporter","38","Bus","MB","DO","6","00042","Pennsylvania Non-UZA","4,196,634","https://ponytracker.availtec.com/InfoPoint/gtfs-zip.ashx",,,"true","2026 April 27","2026 April 27"
"30138","Barbour Co. Senior Center","Philippi","WV","Private-Non-Profit Corporation","Rural Reporter","13","Bus","MB","DO","1","00054","West Virginia Non-UZA","1,204,816","https://hereandtheretransit.com/GTFS/HereThereGTFS.zip",,,"true",,"2026 April 27"
"30140","Mountain Transit Authority","Summersville","WV","Independent Public Agency or Authority of Transit Service","Rural Reporter","23","Bus","MB","DO","13","00054","West Virginia Non-UZA","1,204,816","https://rapid.nationalrtap.org/GTFSFileManagement/UserUploadFiles/13169/mtawv_gtfs.zip",,,"true","2026 April 09","2026 April 09"
"30141","Butler Transit Authority","Butler","PA","Independent Public Agency or Authority of Transit Service","Reduced Reporter","13","Commuter Bus","CB","PT","4","69697","Pittsburgh, PA","1,745,039","https://butlerivl.availtec.com/InfoPoint/gtfs-zip.ashx",,,"true","2025 December 16","2025 December 09"
"30141","Butler Transit Authority","Butler","PA","Independent Public Agency or Authority of Transit Service","Reduced Reporter","13","Bus","MB","PT","4","69697","Pittsburgh, PA","1,745,039","https://butlerivl.availtec.com/InfoPoint/gtfs-zip.ashx",,,"true","2025 December 16","2025 December 09"
"30147","Town of Chincoteague","Chincoteague","VA","City, County or Local Government Unit or Department of Transportation","Rural Reporter","3","Bus","MB","DO","3","00051","Virginia Non-UZA","2,567,062","https://data.trilliumtransit.com/gtfs/ponyexpress-va-us/ponyexpress-va-us.zip",,,"true","2026 March 25","2026 March 19"
"30149","Fairmont Marion County Transit Authority","Fairmont","WV","Independent Public Agency or Authority of Transit Service","Rural Reporter","24","Bus","MB","DO","11","00054","West Virginia Non-UZA","1,204,816","https://fmcta.com/gtfs/google_transit.zip",,,"true","2025 April 09","2026 February 03"
"30151","New Castle Area Transit Authority","New Castle","PA","Independent Public Agency or Authority of Transit Service","Rural Reporter","51","Commuter Bus","CB","DO","5","00042","Pennsylvania Non-UZA","4,196,634","https://ncata.rideralerts.com/InfoPoint/gtfs-zip.ashx",,,"true","2026 April 27","2026 April 27"
"30151","New Castle Area Transit Authority","New Castle","PA","Independent Public Agency or Authority of Transit Service","Rural Reporter","51","Bus","MB","DO","20","00042","Pennsylvania Non-UZA","4,196,634","https://ncata.rideralerts.com/InfoPoint/gtfs-zip.ashx",,,"true","2026 April 27","2026 April 27"
"30155","Mayor and City Council Town of Ocean City","Ocean City","MD","City, County or Local Government Unit or Department of Transportation","Rural Reporter","43","Bus","MB","DO","41","00024","Maryland Non-UZA","1,214,444","https://oceancitymd.gov/gtfs.zip",,,"true","2026 January 07","2025 December 10"
"30157","Town of Altavista","Altavista","VA","City, County or Local Government Unit or Department of Transportation","Rural Reporter","1","Bus","MB","DO","1","00051","Virginia Non-UZA","2,567,062","https://data.trilliumtransit.com/gtfs/altavista-va-us/altavista-va-us.zip",,,"true","2026 March 25","2026 March 19"
"30164","Town of Bluefield","Bluefield","VA","City, County or Local Government Unit or Department of Transportation","Rural Reporter","3","Bus","MB","DO","3","00051","Virginia Non-UZA","2,567,062","https://data.trilliumtransit.com/gtfs/grahamtransit-va-us/grahamtransit-va-us.zip",,,"true","2026 March 25","2026 March 19"
"30165","Town of Farmville","Farmville","VA","City, County or Local Government Unit or Department of Transportation","Rural Reporter","7","Bus","MB","DO","4","00051","Virginia Non-UZA","2,567,062","https://data.trilliumtransit.com/gtfs/farmville-va-us/farmville-va-us.zip",,,"true","2026 March 25","2026 March 19"
"30170","Endless Mountains Transportation Authority","Mansfield","PA","Independent Public Agency or Authority of Transit Service","Rural Reporter","61","Bus","MB","DO","10","00042","Pennsylvania Non-UZA","4,196,634","https://best.rideralerts.com/infopoint/gtfs-zip.ashx",,,"true","2026 April 27","2026 April 27"
"30172","Bay Aging","Urbanna","VA","Area Agency on Aging","Rural Reporter","36","Bus","MB","DO","1","00051","Virginia Non-UZA","2,567,062","https://data.trilliumtransit.com/gtfs/baytransit-va-us/baytransit-va-us.zip",,,"true","2026 March 25","2026 March 19"
"30174","Appalachian Agency for Senior Citizens","Cedar Bluff","VA","Private-Non-Profit Corporation","Rural Reporter","37","Bus","MB","DO","37","00051","Virginia Non-UZA","2,567,062","https://data.trilliumtransit.com/gtfs/fourcounty-va-us/fourcounty-va-us.zip",,,"true","2026 March 25","2026 March 19"
"30177","Indiana County Transit Authority","Indiana","PA","Independent Public Agency or Authority of Transit Service","Rural Reporter","22","Bus","MB","DO","11","00042","Pennsylvania Non-UZA","4,196,634","https://indigobus.availtec.com/InfoPoint/gtfs-zip.ashx",,,"true","2026 April 27","2026 April 27"
"30178","Unified Human Services Transportation Systems, Inc","Roanoke","VA","Private-Non-Profit Corporation","Rural Reporter","40","Bus","MB","DO","40","00051","Virginia Non-UZA","2,567,062","https://data.trilliumtransit.com/gtfs/radar-va-us/radar-va-us.zip",,,"true","2026 March 25","2026 March 19"
"30183","Tri River Transit","West Hamlin","WV","Independent Public Agency or Authority of Transit Service","Rural Reporter","29","Bus","MB","DO","12","00054","West Virginia Non-UZA","1,204,816","https://tririver.org/gtfs/triRiver.zip",,,"true",,"2026 April 27"
"30184","Town of Blackstone","Blackstone","VA","City, County or Local Government Unit or Department of Transportation","Rural Reporter","8","Bus","MB","DO","8","00051","Virginia Non-UZA","2,567,062","https://data.trilliumtransit.com/gtfs/blackstone-va-us/blackstone-va-us.zip",,,"true","2026 March 25","2026 March 19"
"30185","Crawford Area Transportation Authority","Meadville","PA","Independent Public Agency or Authority of Transit Service","Rural Reporter","67","Bus","MB","DO","11","00042","Pennsylvania Non-UZA","4,196,634","https://catabus.rideralerts.com/InfoPoint/gtfs-zip.ashx",,,"true","2026 April 27","2026 April 27"
"30190","Preston County Sr. Cit, Inc.","Kingwood","WV","Private-Non-Profit Corporation","Rural Reporter","20","Bus","MB","DO","9","00054","West Virginia Non-UZA","1,204,816","https://buckwheatexpress.com/wp-content/uploads/buckwheat3222024.zip",,,"true","2026 April 08","2026 March 09"
"30192","Queen Anne's County","Centreville","MD","City, County or Local Government Unit or Department of Transportation","Reduced Reporter","12","Bus","MB","DO","5","04843","Baltimore, MD","2,212,038","https://rapid.nationalrtap.org/GTFSFileManagement/UserUploadFiles/13182/qac_gftsnew.zip",,,"true","2026 April 23","2026 February 04"
"30194","Mid-County Transit Authority","Kittanning","PA","Independent Public Agency or Authority of Transit Service","Rural Reporter","10","Bus","MB","DO","3","00042","Pennsylvania Non-UZA","4,196,634","https://tact.rideralerts.com/infopoint/gtfs-zip.ashx",,,"true","2026 April 27","2026 April 27"
"30196","Area Transportation Authority of North Central PA","Johnsonburg","PA","Independent Public Agency or Authority of Transit Service","Rural Reporter","71","Bus","MB","DO","32","00042","Pennsylvania Non-UZA","4,196,634","https://rideata.rideralerts.com/InfoPoint/gtfs-zip.ashx",,,"true","2026 April 27","2026 April 27"
"30198","City of Suffolk","Suffolk","VA","City, County or Local Government Unit or Department of Transportation","Reduced Reporter","8","Bus","MB","PT","6","90892","Virginia Beach--Norfolk, VA","1,451,578","https://www.suffolkva.us/DocumentCenter/View/5568/Suffolk-Transit-GTFS",,,"true","2026 February 27","2026 February 27"
"30199","New River Transit Authority","Beckley","WV","Independent Public Agency or Authority of Transit Service","Reduced Reporter","16","Bus","MB","PT","6","06139","Beckley, WV","57,468","https://passio3.com/Beckley/passioTransit/gtfs/google_transit.zip",,,"true","2025 April 29","2026 April 22"
"30200","City of Radford","Radford","VA","City, County or Local Government Unit or Department of Transportation","Reduced Reporter","12","Bus","MB","PT","12","08002","Blacksburg--Christiansburg, VA","72,400","https://passio3.com/radford/passioTransit/gtfs/google_transit.zip",,,"true","2025 December 23","2025 December 23"
"30201","City of Baltimore","Baltimore","MD","City, County or Local Government Unit or Department of Transportation","Full Reporter","23","Ferryboat","FB","PT","3","04843","Baltimore, MD","2,212,038","https://data.trilliumtransit.com/gtfs/harborconnector-md-us/harborconnector-md-us.zip",,,"true","2026 February 05","2026 February 05"
"30201","City of Baltimore","Baltimore","MD","City, County or Local Government Unit or Department of Transportation","Full Reporter","23","Bus","MB","PT","20","04843","Baltimore, MD","2,212,038",,"This agency provided the GTFS as a zip file instead of a public weblink, providing justification for why it could not be hosted. Please contact the agency if you need to access this file.",,"true","2026 February 05","2026 February 05"
"30202","South Central Transit Authority","Lancaster","PA","Independent Public Agency or Authority of Transit Service","Full Reporter","167","Bus","MB","DO","79","47530","Lancaster--Manheim, PA","394,530","https://busfinder.redrosetransit.com/InfoPoint/gtfs-zip.ashx",,,"true","2026 March 12","2026 March 04"
"30202","South Central Transit Authority","Lancaster","PA","Independent Public Agency or Authority of Transit Service","Full Reporter","167","Bus","MB","DO","79","47530","Lancaster--Manheim, PA","394,530","https://busfinder.bartabus.com/InfoPoint/gtfs-zip.ashx",,,"true","2026 March 12","2026 March 04"
"30203","York County","Yorktown","VA","City, County or Local Government Unit or Department of Transportation","Reduced Reporter","3","Bus","MB","DO","3","90892","Virginia Beach--Norfolk, VA","1,451,578","https://www.yorkcounty.gov/DocumentCenter/View/60640/York-County-gtfs",,,"true","2026 February 27","2026 February 27"
"30205","Transit Management of Central Maryland, Inc.","Ellicott City","MD","Other Publicly-Owned or Privately Chartered Corporation","Full Reporter","55","Bus","MB","DO","25","04843","Baltimore, MD","2,212,038","https://data.trilliumtransit.com/gtfs/centralmarylandrta-md-us/centralmarylandrta-md-us.zip",,,"true","2026 February 19","2026 February 09"
"30206","Susquehanna Regional Transportation Authority","Harrisburg","PA","Independent Public Agency or Authority of Transit Service","Full Reporter","346","Commuter Bus","CB","DO","1","37081","Harrisburg, PA","490,859","https://realtime.rabbittransit.org/infopoint/gtfs-zip.ashx",,,"true","2026 March 02","2026 January 27"
"30206","Susquehanna Regional Transportation Authority","Harrisburg","PA","Independent Public Agency or Authority of Transit Service","Full Reporter","346","Commuter Bus","CB","DO","1","37081","Harrisburg, PA","490,859","https://cat.rideralerts.com/InfoPoint/gtfs-zip.ashx",,,"true","2026 March 02","2026 January 27"
"30206","Susquehanna Regional Transportation Authority","Harrisburg","PA","Independent Public Agency or Authority of Transit Service","Full Reporter","346","Commuter Bus","CB","PT","8","37081","Harrisburg, PA","490,859","https://realtime.rabbittransit.org/infopoint/gtfs-zip.ashx",,,"true","2026 March 02","2026 January 27"
"30206","Susquehanna Regional Transportation Authority","Harrisburg","PA","Independent Public Agency or Authority of Transit Service","Full Reporter","346","Bus","MB","DO","6","37081","Harrisburg, PA","490,859","https://realtime.rabbittransit.org/infopoint/gtfs-zip.ashx",,,"true","2026 March 02","2026 January 27"
"30206","Susquehanna Regional Transportation Authority","Harrisburg","PA","Independent Public Agency or Authority of Transit Service","Full Reporter","346","Bus","MB","DO","6","37081","Harrisburg, PA","490,859","https://cat.rideralerts.com/InfoPoint/gtfs-zip.ashx",,,"true","2026 March 02","2026 January 27"
"30206","Susquehanna Regional Transportation Authority","Harrisburg","PA","Independent Public Agency or Authority of Transit Service","Full Reporter","346","Bus","MB","PT","73","37081","Harrisburg, PA","490,859","https://cat.rideralerts.com/InfoPoint/gtfs-zip.ashx",,,"true","2026 March 02","2026 January 27"
"30206","Susquehanna Regional Transportation Authority","Harrisburg","PA","Independent Public Agency or Authority of Transit Service","Full Reporter","346","Bus","MB","PT","73","37081","Harrisburg, PA","490,859","https://realtime.rabbittransit.org/infopoint/gtfs-zip.ashx",,,"true","2026 March 02","2026 January 27"
"30207","RIVER VALLEY TRANSIT AUTHORITY","Williamsport","PA","Independent Public Agency or Authority of Transit Service","Full Reporter","32","Bus","MB","DO","28","95455","Williamsport, PA","55,344","https://my.ridervt.com/InfoPoint/GTFS-Zip.ashx",,,"true","2026 March 23","2026 March 05"
"30208","University of Maryland, College Park","College Park","MD","University","Reduced Reporter","24","Commuter Bus","CB","PT","3","92242","Washington--Arlington, DC--VA--MD","5,174,759","https://data.trilliumtransit.com/gtfs/shuttleum-md-us/shuttleum-md-us.zip",,,"true","2026 February 05","2025 December 15"
"30208","University of Maryland, College Park","College Park","MD","University","Reduced Reporter","24","Bus","MB","DO","14","92242","Washington--Arlington, DC--VA--MD","5,174,759","https://data.trilliumtransit.com/gtfs/shuttleum-md-us/shuttleum-md-us.zip",,,"true","2026 February 05","2025 December 15"
"30209","City of Weirton","Weirton","WV","City, County or Local Government Unit or Department of Transportation","Reduced Reporter","12","Bus","MB","DO","11","84859","Steubenville--Weirton, OH--WV--PA","64,981","https://rapid.nationalrtap.org/GTFSFileManagement/UserUploadFiles/13081/WT_VW_GTFS.zip",,,"true","2026 March 06","2026 March 05"
"30571","Delmarva Community Services Inc.","Cambridge","MD","Private-Non-Profit Corporation","Rural Reporter","39","Bus","MB","DO","18","00024","Maryland Non-UZA","1,214,444","https://rapid.nationalrtap.org/GTFSFileManagement/UserUploadFiles/13663/dcsdct_gtfs.zip",,,"true","2026 January 07","2026 January 05"
"30989","Central Shenandoah Planning District Commission","Staunton","VA","MPO, COG or Other Planning Agency","Reduced Reporter","17","Bus","MB","PT","14","84630","Staunton--Waynesboro, VA","59,065","https://data.trilliumtransit.com/gtfs/brite-va-us/brite-va-us.zip",,,"true","2025 December 15","2026 March 05"
"31025","County of Greensville","Emporia","VA","City, County or Local Government Unit or Department of Transportation","Rural Reporter","1","Bus","MB","DO","1","00051","Virginia Non-UZA","2,567,062","https://data.trilliumtransit.com/gtfs/get-va-us/get-va-us.zip",,,"true","2026 March 25","2026 March 19"
"40001","Chattanooga Area Regional Transportation Authority","Chattanooga","TN","City, County or Local Government Unit or Department of Transportation","Full Reporter","76","Inclined Plane","IP","DO","2","15832","Chattanooga, TN--GA","398,569","https://www.gocarta.org/wp-content/uploads/routes-and-schedules/InclineGTFS.zip",,,"true","2026 February 13","2026 February 05"
"40001","Chattanooga Area Regional Transportation Authority","Chattanooga","TN","City, County or Local Government Unit or Department of Transportation","Full Reporter","76","Bus","MB","DO","54","15832","Chattanooga, TN--GA","398,569","https://raw.githubusercontent.com/gocarta/gtfs/refs/heads/master/gtfs_current.zip",,,"true","2026 February 13","2026 January 13"
"40002","City of Knoxville","Knoxville","TN","City, County or Local Government Unit or Department of Transportation","Full Reporter","64","Bus","MB","DO","44","45640","Knoxville, TN","597,257","https://knoxville.syncromatics.com/gtfs",,,"true","2026 April 23","2026 April 10"
"40003","City of Memphis","Memphis","TN","City, County or Local Government Unit or Department of Transportation","Full Reporter","134","Bus","MB","DO","75","56116","Memphis, TN--MS--AR","1,056,190","https://gtfs.mata.cadavl.com/MATA/GTFS/GTFS_MATA.zip",,,"true","2026 March 20","2026 March 02"
"40003","City of Memphis","Memphis","TN","City, County or Local Government Unit or Department of Transportation","Full Reporter","134","Streetcar Rail","SR","DO","4","56116","Memphis, TN--MS--AR","1,056,190","https://gtfs.mata.cadavl.com/MATA/GTFS/GTFS_MATA.zip",,,"true","2026 March 20","2026 March 11"
"40004","Metropolitan Transit Authority","Madison","TN","Independent Public Agency or Authority of Transit Service","Full Reporter","261","Bus","MB","DO","148","61273","Nashville-Davidson, TN","1,158,642","https://www.wegotransit.com/GoogleExport/google_transit.zip",,,"true","2025 December 15","2026 March 04"
"40005","City of Asheville","Asheville","NC","City, County or Local Government Unit or Department of Transportation","Full Reporter","19","Bus","MB","PT","19","03358","Asheville, NC","285,776","https://data.trilliumtransit.com/gtfs/asheville-nc-us/asheville-nc-us.zip",,,"true","2026 March 02","2026 January 23"
"40006","Cape Fear Public Transportation Authority","Wilmington","NC","Independent Public Agency or Authority of Transit Service","Full Reporter","43","Bus","MB","PT","25","95833","Wilmington, NC","255,329","https://wave.connexionz.net/rtt/public/resource/gtfs.zip",,,"true","2026 February 02","2025 September 25"
"40006","Cape Fear Public Transportation Authority","Wilmington","NC","Independent Public Agency or Authority of Transit Service","Full Reporter","43","Bus","MB","PT","25","95833","Wilmington, NC","255,329","https://gtfs.transitportal.org/CurrentGTFS/Cape%20Fear%20Public%20Transportation%20Authority_129/WAVE.zip",,,"true","2026 February 02","2025 October 21"
"40007","City of Raleigh","Raleigh","NC","City, County or Local Government Unit or Department of Transportation","Full Reporter","254","Bus","MB","PT","86","73261","Raleigh, NC","1,106,646","https://goraleigh.org/gr_gtfs",,,"true","2026 February 18","2026 February 26"
"40008","City of Charlotte North Carolina","Charlotte","NC","City, County or Local Government Unit or Department of Transportation","Full Reporter","296","Commuter Bus","CB","PT","35","15670","Charlotte, NC--SC","1,379,873","https://gtfsrealtime.ridetransit.org/GTFSStatic/GTFS.zip",,,"true","2026 March 25","2026 February 06"
"40008","City of Charlotte North Carolina","Charlotte","NC","City, County or Local Government Unit or Department of Transportation","Full Reporter","296","Light Rail","LR","DO","20","15670","Charlotte, NC--SC","1,379,873","https://gtfsrealtime.ridetransit.org/GTFSStatic/GTFS.zip",,,"true","2026 March 25","2026 February 06"
"40008","City of Charlotte North Carolina","Charlotte","NC","City, County or Local Government Unit or Department of Transportation","Full Reporter","296","Bus","MB","PT","141","15670","Charlotte, NC--SC","1,379,873","https://gtfsrealtime.ridetransit.org/GTFSStatic/GTFS.zip",,,"true","2026 March 25","2026 February 06"
"40008","City of Charlotte North Carolina","Charlotte","NC","City, County or Local Government Unit or Department of Transportation","Full Reporter","296","Streetcar Rail","SR","DO","4","15670","Charlotte, NC--SC","1,379,873","https://gtfsrealtime.ridetransit.org/GTFSStatic/GTFS.zip",,,"true","2026 March 25","2026 February 06"
"40009","City of Fayetteville","Fayetteville","NC","City, County or Local Government Unit or Department of Transportation","Full Reporter","34","Bus","MB","DO","22","29440","Fayetteville, NC","325,008","https://rapid.nationalrtap.org/GTFSFileManagement/UserUploadFiles/13605/google_transit.zip",,,"true","2026 February 05","2026 February 04"
"40011","City of High Point","High Point","NC","City, County or Local Government Unit or Department of Transportation","Reduced Reporter","14","Bus","MB","DO","8","38809","High Point, NC","167,830","https://www.highpointnc.gov/DocumentCenter/View/7138/Transit-Feed",,,"true","2025 November 14","2025 November 04"
"40012","City of Winston Salem","Winston Salem","NC","City, County or Local Government Unit or Department of Transportation","Full Reporter","113","Bus","MB","PT","32","96670","Winston-Salem, NC","420,924","https://ridewsta.com/gtfs",,,"true","2026 February 27","2026 April 27"
"40014","Ms Coast Transportation Authority","Gulfport","MS","Independent Public Agency or Authority of Transit Service","Full Reporter","66","Bus","MB","DO","13","35920","Gulfport--Biloxi, MS","236,344","https://coasttransit.com/wp-content/uploads/2026/03/CTA_MS_GTFS-1.zip",,,"true","2026 April 01","2026 March 27"
"40015","City of Jackson, MS","Jackson","MS","City, County or Local Government Unit or Department of Transportation","Full Reporter","29","Bus","MB","PT","13","42211","Jackson, MS","347,693","https://passio3.com/jtran/passioTransit/gtfs/google_transit.zip",,,"true","2026 April 09","2026 March 24"
"40016","City of Ashland","Ashland","KY","City, County or Local Government Unit or Department of Transportation","Reduced Reporter","11","Bus","MB","DO","5","40753","Huntington, WV--KY--OH","200,157","https://rapid.nationalrtap.org/GTFSFileManagement/UserUploadFiles/12026/AshlandABS_GTFS.zip",,,"true","2025 November 25","2024 October 28"
"40017","Lexington Transit Authority","Lexington","KY","Independent Public Agency or Authority of Transit Service","Full Reporter","102","Bus","MB","DO","59","49582","Lexington-Fayette, KY","315,631","https://mystop.lextran.com/InfoPoint/gtfs-zip.ashx",,,"true","2026 January 14","2025 December 02"
"40018","Transit Authority of River City","Louisville","KY","Independent Public Agency or Authority of Transit Service","Full Reporter","235","Bus","MB","DO","118","51755","Louisville/Jefferson County, KY--IN","974,397","https://tarc.rideralerts.com/InfoPoint/gtfs-zip.ashx",,,"true","2026 April 22","2026 April 21"
"40018","Transit Authority of River City","Louisville","KY","Independent Public Agency or Authority of Transit Service","Full Reporter","235","Bus","MB","PT","2","51755","Louisville/Jefferson County, KY--IN","974,397","https://tarc.rideralerts.com/InfoPoint/gtfs-zip.ashx",,,"true","2026 April 22","2026 April 21"
"40019","Transit Authority of Northern Kentucky","Covington","KY","Independent Public Agency or Authority of Transit Service","Full Reporter","116","Bus","MB","DO","90","16885","Cincinnati, OH--KY","1,686,744","https://tank.rideralerts.com/InfoPoint/GTFS-Zip.ashx",,,"true","2026 February 04","2026 February 02"
"40020","City of Owensboro","Owensboro","KY","City, County or Local Government Unit or Department of Transportation","Reduced Reporter","9","Bus","MB","DO","9","66484","Owensboro, KY","76,433","https://rapid.nationalrtap.org/GTFSFileManagement/UserUploadFiles/13511/OTSGTFS.zip",,,"true","2025 December 18","2025 December 18"
"40021","City of Albany","Albany","GA","City, County or Local Government Unit or Department of Transportation","Full Reporter","12","Bus","MB","DO","8","00901","Albany, GA","85,960","https://gtfs.remix.com/ats_albany_ga_us.zip",,,"true","2026 March 04","2026 March 03"
"40022","Metropolitan Atlanta Rapid Transit Authority","Atlanta","GA","Independent Public Agency or Authority of Transit Service","Full Reporter","861","Heavy Rail","HR","DO","178","03817","Atlanta, GA","5,100,112","https://itsmarta.com/google_transit_feed/google_transit.zip",,,"true","2026 February 17","2025 December 30"
"40022","Metropolitan Atlanta Rapid Transit Authority","Atlanta","GA","Independent Public Agency or Authority of Transit Service","Full Reporter","861","Bus","MB","DO","376","03817","Atlanta, GA","5,100,112","https://itsmarta.com/google_transit_feed/google_transit.zip",,,"true","2026 February 17","2025 December 30"
"40022","Metropolitan Atlanta Rapid Transit Authority","Atlanta","GA","Independent Public Agency or Authority of Transit Service","Full Reporter","861","Streetcar Rail","SR","DO","2","03817","Atlanta, GA","5,100,112","https://itsmarta.com/google_transit_feed/google_transit.zip",,,"true","2026 February 17","2025 December 30"
"40023","Augusta Richmond County Transit Department","Augusta","GA","City, County or Local Government Unit or Department of Transportation","Full Reporter","19","Bus","MB","PT","12","04222","Augusta-Richmond County, GA--SC","431,480","https://gismap.augustaga.gov/AugGAgis/GISWebLinks/Transit/GTFS/",,,"true",,"2026 April 30"
"40023","Augusta Richmond County Transit Department","Augusta","GA","City, County or Local Government Unit or Department of Transportation","Full Reporter","19","Bus","MB","PT","12","04222","Augusta-Richmond County, GA--SC","431,480","https://gismap.augustaga.gov/AugGAgis/GISWebLinks/Transit/GTFS/google_transit.zip",,,"true","2025 May 28","2025 May 27"
"40024","Columbus Consolidated Government","Columbus","GA","City, County or Local Government Unit or Department of Transportation","Reduced Reporter","26","Bus","MB","DO","15","19099","Columbus, GA--AL","267,746","https://metracolumbus.com/gtfs",,,"true","2025 December 01","2025 November 12"
"40025","Chatham Area Transit Authority","Savannah","GA","Independent Public Agency or Authority of Transit Service","Full Reporter","58","Ferryboat","FB","DO","2","79768","Savannah, GA","309,466","https://catchacat.org/wp-content/uploads/GTFSferry.zip",,,"true","2026 January 07","2025 January 31"
"40025","Chatham Area Transit Authority","Savannah","GA","Independent Public Agency or Authority of Transit Service","Full Reporter","58","Bus","MB","DO","33","79768","Savannah, GA","309,466","https://catchacat.org/wp-content/uploads/GTFS.zip",,,"true","2026 January 07","2024 December 20"
"40026","Manatee County Board of County Commissioners","Sarasota","FL","City, County or Local Government Unit or Department of Transportation","Full Reporter","57","Bus","MB","DO","24","09536","Bradenton--Sarasota--Venice, FL","779,075","https://realtimemcat.availtec.com/InfoPoint/GTFS-Zip.ashx",,,"true","2026 April 10","2026 April 09"
"40027","Pinellas Suncoast Transit Authority","Saint Petersburg","FL","Independent Public Agency or Authority of Transit Service","Full Reporter","532","Ferryboat","FB","PT","2","86599","Tampa--St. Petersburg, FL","2,783,045","https://psta.net/latest/google_ferry.zip",,,"true","2026 April 21","2026 March 19"
"40027","Pinellas Suncoast Transit Authority","Saint Petersburg","FL","Independent Public Agency or Authority of Transit Service","Full Reporter","532","Bus","MB","DO","161","86599","Tampa--St. Petersburg, FL","2,783,045","https://psta.net/latest/google_transit.zip",,,"true","2026 April 06","2026 March 17"
"40027","Pinellas Suncoast Transit Authority","Saint Petersburg","FL","Independent Public Agency or Authority of Transit Service","Full Reporter","532","Bus","MB","PT","11","86599","Tampa--St. Petersburg, FL","2,783,045","https://psta.net/latest/google_transit.zip",,,"true","2026 April 06","2026 March 17"
"40027","Pinellas Suncoast Transit Authority","Saint Petersburg","FL","Independent Public Agency or Authority of Transit Service","Full Reporter","532","Bus Rapid Transit","RB","DO","7","86599","Tampa--St. Petersburg, FL","2,783,045","https://psta.net/latest/google_transit.zip",,,"true","2026 April 06","2026 March 17"
"40028","Lee County","Fort Myers","FL","City, County or Local Government Unit or Department of Transportation","Full Reporter","91","Bus","MB","DO","43","13510","Cape Coral, FL","599,242","https://www.leegov.com/leetran/Documents/GTFS.zip",,,"true","2026 March 20","2026 March 03"
"40029","Broward County Board of County Commissioners","Fort Lauderdale","FL","City, County or Local Government Unit or Department of Transportation","Full Reporter","599","Bus","MB","DO","273","56602","Miami--Fort Lauderdale, FL","6,077,522","https://www.broward.org/bct/documents/google_transit.zip",,,"true","2026 April 16","2026 March 16"
"40029","Broward County Board of County Commissioners","Fort Lauderdale","FL","City, County or Local Government Unit or Department of Transportation","Full Reporter","599","Bus","MB","PT","7","56602","Miami--Fort Lauderdale, FL","6,077,522","https://www.broward.org/bct/documents/google_transit.zip",,,"true","2026 April 16","2026 March 16"
"40030","City of Gainesville, FL","Gainesville","FL","City, County or Local Government Unit or Department of Transportation","Full Reporter","99","Bus","MB","DO","80","32167","Gainesville, FL","213,748","https://go-rts.com/wp-content/uploads/2026/01/RTSGTFS_Spring2026_V6.zip",,,"true","2026 February 25","2026 January 23"
"40031","Lakeland Area Mass Transit District","Lakeland","FL","Independent Public Agency or Authority of Transit Service","Full Reporter","87","Bus","MB","DO","38","46828","Lakeland, FL","277,915","https://gtfs.remix.com/LAMTD_Lakeland_Florida_US.zip",,,"true","2026 March 30","2026 March 30"
"40031","Lakeland Area Mass Transit District","Lakeland","FL","Independent Public Agency or Authority of Transit Service","Full Reporter","87","Bus","MB","PT","9","46828","Lakeland, FL","277,915","https://gtfs.remix.com/LAMTD_Lakeland_Florida_US.zip",,,"true","2026 March 30","2026 March 30"
"40032","County of Volusia","Deland","FL","City, County or Local Government Unit or Department of Transportation","Full Reporter","242","Bus","MB","PT","51","22612","Daytona Beach--Palm Coast--Port Orange, FL","402,126","https://www.votran.org/core/fileparse.php/6120/urlt/google_transit-28.zip",,,"true","2025 February 19","2026 March 30"
"40034","County of Miami-Dade","Miami","FL","City, County or Local Government Unit or Department of Transportation","Full Reporter","1,342","Commuter Bus","CB","PT","10","56602","Miami--Fort Lauderdale, FL","6,077,522","https://www.miamidade.gov/transit/googletransit/current/google_transit.zip",,,"true","2026 March 30","2026 March 24"
"40034","County of Miami-Dade","Miami","FL","City, County or Local Government Unit or Department of Transportation","Full Reporter","1,342","Heavy Rail","HR","DO","76","56602","Miami--Fort Lauderdale, FL","6,077,522","https://www.miamidade.gov/transit/googletransit/current/google_transit.zip",,,"true","2026 March 30","2026 March 24"
"40034","County of Miami-Dade","Miami","FL","City, County or Local Government Unit or Department of Transportation","Full Reporter","1,342","Bus","MB","DO","562","56602","Miami--Fort Lauderdale, FL","6,077,522","https://www.miamidade.gov/transit/googletransit/current/google_transit.zip",,,"true","2026 March 30","2026 March 24"
"40034","County of Miami-Dade","Miami","FL","City, County or Local Government Unit or Department of Transportation","Full Reporter","1,342","Bus","MB","PT","64","56602","Miami--Fort Lauderdale, FL","6,077,522","https://www.miamidade.gov/transit/googletransit/current/google_transit.zip",,,"true","2026 March 30","2026 March 24"
"40034","County of Miami-Dade","Miami","FL","City, County or Local Government Unit or Department of Transportation","Full Reporter","1,342","Monorail/Automated Guideway","MG","DO","21","56602","Miami--Fort Lauderdale, FL","6,077,522","https://www.miamidade.gov/transit/googletransit/current/google_transit.zip",,,"true","2026 March 30","2026 March 24"
"40035","Central Florida Regional Transportation Authority","Orlando","FL","Independent Public Agency or Authority of Transit Service","Full Reporter","562","Bus","MB","DO","263","65863","Orlando, FL","1,853,896","http://gtfsrt.golynx.com/gtfsrt/google_transit.zip",,,"true","2026 April 07","2026 March 13"
"40035","Central Florida Regional Transportation Authority","Orlando","FL","Independent Public Agency or Authority of Transit Service","Full Reporter","562","Bus Rapid Transit","RB","DO","8","65863","Orlando, FL","1,853,896","http://gtfsrt.golynx.com/gtfsrt/google_transit.zip",,,"true","2026 April 07","2026 March 13"
"40036","City of Tallahassee","Tallahassee","FL","City, County or Local Government Unit or Department of Transportation","Full Reporter","114","Bus","MB","DO","47","86464","Tallahassee, FL","252,934","https://www.talgov.com/Uploads/Public/documents/starmetro/GTFS.zip",,,"true","2026 April 07","2026 March 17"
"40037","Board of County Commissioners, Palm Beach County","West Palm Beach","FL","City, County or Local Government Unit or Department of Transportation","Full Reporter","398","Bus","MB","DO","118","56602","Miami--Fort Lauderdale, FL","6,077,522","http://www.palmtran.org/feed/google_transit.zip",,,,"2025 May 22","2026 April 28"
"40038","Escambia County Board of County Commissioners, FL","Pensacola","FL","City, County or Local Government Unit or Department of Transportation","Full Reporter","79","Bus","MB","DO","29","68482","Pensacola, FL--AL","390,172",,"This agency provided the GTFS as a zip file instead of a public weblink, providing justification for why it could not be hosted. Please contact the agency if you need to access this file.",,"true","2025 March 14","2025 January 31"
"40040","Jacksonville Transportation Authority","Jacksonville","FL","Independent Public Agency or Authority of Transit Service","Full Reporter","319","Commuter Bus","CB","PT","6","42346","Jacksonville, FL","1,247,374","https://ride.jtafla.com/gtfs-archive/gtfs.zip",,,"true","2026 April 20","2026 March 05"
"40040","Jacksonville Transportation Authority","Jacksonville","FL","Independent Public Agency or Authority of Transit Service","Full Reporter","319","Ferryboat","FB","PT","1","42346","Jacksonville, FL","1,247,374","https://ride.jtafla.com/gtfs-archive/gtfs.zip",,,"true","2026 April 20","2026 March 05"
"40040","Jacksonville Transportation Authority","Jacksonville","FL","Independent Public Agency or Authority of Transit Service","Full Reporter","319","Bus","MB","DO","163","42346","Jacksonville, FL","1,247,374","https://ride.jtafla.com/gtfs-archive/gtfs.zip",,,"true","2026 April 20","2026 March 05"
"40040","Jacksonville Transportation Authority","Jacksonville","FL","Independent Public Agency or Authority of Transit Service","Full Reporter","319","Bus","MB","PT","12","42346","Jacksonville, FL","1,247,374","https://ride.jtafla.com/gtfs-archive/gtfs.zip",,,"true","2026 April 20","2026 March 05"
"40040","Jacksonville Transportation Authority","Jacksonville","FL","Independent Public Agency or Authority of Transit Service","Full Reporter","319","Monorail/Automated Guideway","MG","DO","3","42346","Jacksonville, FL","1,247,374","https://ride.jtafla.com/gtfs-archive/gtfs.zip",,,"true","2026 April 20","2026 March 05"
"40041","Hillsborough Area Regional Transit Authority","Tampa","FL","Independent Public Agency or Authority of Transit Service","Full Reporter","213","Bus","MB","DO","106","86599","Tampa--St. Petersburg, FL","2,783,045","https://www.gohart.org/google/google_transit.zip",,,"true","2026 March 19","2026 February 25"
"40041","Hillsborough Area Regional Transit Authority","Tampa","FL","Independent Public Agency or Authority of Transit Service","Full Reporter","213","Streetcar Rail","SR","DO","5","86599","Tampa--St. Petersburg, FL","2,783,045","https://www.gohart.org/google/google_transit.zip",,,"true","2026 March 19","2026 February 25"
"40042","Birmingham-Jefferson County Transit Authority","Birmingham","AL","Independent Public Agency or Authority of Transit Service","Full Reporter","98","Bus","MB","DO","37","07786","Birmingham, AL","774,956","https://maxtransit.org/?s=gtfs&id=9272",,,"true","2025 April 10","2026 April 20"
"40042","Birmingham-Jefferson County Transit Authority","Birmingham","AL","Independent Public Agency or Authority of Transit Service","Full Reporter","98","Bus Rapid Transit","RB","DO","8","07786","Birmingham, AL","774,956","https://maxtransit.org/?s=gtfs&id=9272",,,"true","2025 April 10","2026 April 20"
"40044","City of Montgomery","Montgomery","AL","City, County or Local Government Unit or Department of Transportation","Full Reporter","40","Bus","MB","DO","25","58600","Montgomery, AL","254,348","https://data.trilliumtransit.com/gtfs/montgomerytransit-al-us/montgomerytransit-al-us.zip",,,"true","2026 April 22","2026 April 13"
"40045","Tuscaloosa County Parking and Transit Authority","Tuscaloosa","AL","Independent Public Agency or Authority of Transit Service","Reduced Reporter","16","Bus","MB","DO","8","89110","Tuscaloosa, AL","156,450","https://passio3.com/tuscaloosatransit/passioTransit/gtfs/google_transit.zip",,,"true","2026 March 03","2026 March 03"
"40046","Sarasota County","Sarasota","FL","City, County or Local Government Unit or Department of Transportation","Full Reporter","127","Bus","MB","DO","33","09536","Bradenton--Sarasota--Venice, FL","779,075","https://breezerider.tripsparkhost.com/gtfs/Static/google_transit.zip",,,"true","2026 April 08","2026 March 31"
"40046","Sarasota County","Sarasota","FL","City, County or Local Government Unit or Department of Transportation","Full Reporter","127","Bus","MB","PT","5","09536","Bradenton--Sarasota--Venice, FL","779,075","https://breezerider.tripsparkhost.com/gtfs/Static/google_transit.zip",,,"true","2026 April 08","2026 March 31"
"40047","Athens-Clarke County Unified Government","Athens","GA","City, County or Local Government Unit or Department of Transportation","Full Reporter","20","Bus","MB","DO","18","03763","Athens-Clarke County, GA","143,213","https://bustracker.accgov.com/InfoPoint/gtfs-zip.ashx",,,"true","2026 March 25","2026 January 06"
"40049","City of Gadsden","Gadsden","AL","City, County or Local Government Unit or Department of Transportation","Reduced Reporter","12","Bus","MB","DO","4","32113","Gadsden, AL","57,975","https://www.cityofgadsden.com/DocumentCenter/View/5370/COG_trips",,,"true","2026 April 02","2026 March 27"
"40051","Town of Chapel Hill","Chapel Hill","NC","City, County or Local Government Unit or Department of Transportation","Full Reporter","91","Bus","MB","DO","77","25228","Durham, NC","396,118","https://mychtransit.org/gtfs",,,"true","2026 February 06","2026 February 04"
"40053","Greenville Transit Authority","Greenville","SC","Independent Public Agency or Authority of Transit Service","Full Reporter","23","Bus","MB","DO","16","35461","Greenville, SC","387,271","https://gtfs.greenlink.cadavl.com/GTA/GTFS/GTFS_GTA.zip",,,"true","2025 November 06","2026 April 20"
"40054","City of Johnson City","Johnson City","TN","City, County or Local Government Unit or Department of Transportation","Reduced Reporter","25","Bus","MB","DO","13","43210","Johnson City, TN","128,519","https://www.johnsoncitytransit.org/google_transit.zip",,,"true","2025 December 23","2025 December 23"
"40055","City of Bristol Tennessee","Bristol","TN","City, County or Local Government Unit or Department of Transportation","Reduced Reporter","7","Bus","MB","DO","3","10351","Bristol, TN--VA","70,638","https://www.bristoltn.org/DocumentCenter/View/10245/btt-bristol-tn-us",,,"true","2026 January 27","2025 December 16"
"40056","Pee Dee Regional Transportation Authority","Florence","SC","Independent Public Agency or Authority of Transit Service","Full Reporter","43","Bus","MB","DO","29","30061","Florence, SC","89,436","https://s3.amazonaws.com/etatransit.gtfs/pdtransit.etaspot.net/gtfs.zip",,,"true","2026 February 09","2026 February 04"
"40057","Jackson Transit Authority","Jackson","TN","Independent Public Agency or Authority of Transit Service","Full Reporter","13","Bus","MB","DO","7","42265","Jackson, TN","72,809","https://rapid.nationalrtap.org/GTFSFileManagement/UserUploadFiles/11658/jta_tn_gtfs.zip",,,"true","2026 February 17","2026 January 27"
"40058","City of Rome","Rome","GA","City, County or Local Government Unit or Department of Transportation","Full Reporter","12","Bus","MB","DO","6","76204","Rome, GA","60,403","https://rapid.nationalrtap.org/GTFSFileManagement/UserUploadFiles/11649/RTD_GA_GTFS.zip",,,"true","2025 May 12","2025 January 07"
"40060","City of Hattiesburg","Hattiesburg","MS","City, County or Local Government Unit or Department of Transportation","Reduced Reporter","10","Bus","MB","DO","7","37594","Hattiesburg, MS","80,821","https://rapid.nationalrtap.org/GTFSFileManagement/UserUploadFiles/14790/HCT_MS_GTFS.zip",,,"true","2026 April 22","2026 April 21"
"40063","Brevard Board of County Commissioners","Titusville","FL","City, County or Local Government Unit or Department of Transportation","Full Reporter","92","Bus","MB","DO","35","67105","Palm Bay--Melbourne, FL","510,675","https://321transit.com/forms/request-for-gtfs-data/",,,"true","2026 March 31","2026 April 16"
"40064","East Alabama Regional Planning and Development Commission","Anniston","AL","MPO, COG or Other Planning Agency","Reduced Reporter","28","Bus","MB","PT","4","02629","Anniston--Oxford, AL","78,302","https://www.earpdc.org/wp-content/uploads/static/ACTS_GTFS_Current.zip",,,"true","2026 March 13","2026 March 11"
"40071","City of Huntsville, Alabama","Huntsville","AL","City, County or Local Government Unit or Department of Transportation","Full Reporter","36","Bus","MB","DO","17","40780","Huntsville, AL","329,066","https://maps.huntsvilleal.gov/GoogleTransit/google_transit.zip",,,"true","2026 March 06","2026 February 19"
"40073","Lee-Russell Council of Governments","Opelika","AL","MPO, COG or Other Planning Agency","Reduced Reporter","20","Bus","MB","DO","4","04033","Auburn, AL","100,842","https://rapid.nationalrtap.org/GTFSFileManagement/UserUploadFiles/13363/lrcog_al_gtfs.zip",,,"true","2026 April 03","2026 April 02"
"40074","Pasco County Board of County Commissioners","New Port Richey","FL","City, County or Local Government Unit or Department of Transportation","Full Reporter","38","Bus","MB","DO","23","86599","Tampa--St. Petersburg, FL","2,783,045","https://gopasco.rideralerts.com/InfoPoint/gtfs-zip.ashx",,,"true","2026 February 13","2025 March 24"
"40077","South Florida Regional Transportation Authority","Pompano Beach","FL","Independent Public Agency or Authority of Transit Service","Full Reporter","50","Commuter Rail","CR","PT","47","56602","Miami--Fort Lauderdale, FL","6,077,522","https://gtfs.tri-rail.com/gtfs.zip",,,"true","2026 February 04","2026 January 05"
"40077","South Florida Regional Transportation Authority","Pompano Beach","FL","Independent Public Agency or Authority of Transit Service","Full Reporter","50","Bus","MB","PT","3","56602","Miami--Fort Lauderdale, FL","6,077,522","https://gtfs.tri-rail.com/gtfs.zip",,,"true","2026 February 04","2026 January 05"
"40078","Cobb County","Marietta","GA","City, County or Local Government Unit or Department of Transportation","Full Reporter","78","Commuter Bus","CB","PT","9","03817","Atlanta, GA","5,100,112","https://cobb.rideralerts.com/InfoPoint/GTFS-Zip.ashx",,,"true","2026 April 01","2025 April 30"
"40078","Cobb County","Marietta","GA","City, County or Local Government Unit or Department of Transportation","Full Reporter","78","Bus","MB","PT","53","03817","Atlanta, GA","5,100,112","https://cobb.rideralerts.com/InfoPoint/GTFS-Zip.ashx",,,"true","2026 April 01","2026 March 12"
"40080","City of Kingsport","Kingsport","TN","City, County or Local Government Unit or Department of Transportation","Reduced Reporter","11","Bus","MB","DO","5","45235","Kingsport, TN--VA","98,411","https://api.transloc.com/gtfs/kats.zip",,,"true","2026 April 01","2026 February 02"
"40081","City of Anderson","Anderson","SC","City, County or Local Government Unit or Department of Transportation","Reduced Reporter","6","Bus","MB","DO","6","02420","Anderson--Clemson, SC","118,369","https://www.cityofandersonsc.com/wp-content/uploads/2026/02/GTFS_ECT.zip",,,"true","2025 November 10","2026 February 27"
"40082","County of Douglas","Douglasville","GA","City, County or Local Government Unit or Department of Transportation","Full Reporter","21","Bus","MB","PT","9","03817","Atlanta, GA","5,100,112","https://gtfs.remix.com/Connect_Douglas_US.zip",,,"true","2025 May 13","2026 April 29"
"40086","Metropolitan Bus Authority","San Juan","PR","Independent Public Agency or Authority of Transit Service","Full Reporter","112","Bus","MB","DO","84","79093","San Juan, PR","1,844,410","https://docs.pr.gov/files/ATI/DATOS_ABIERTOS/GTFS/PRITA_GTFS.zip",,,"true","2026 February 19","2026 February 12"
"40087","City of Durham","Durham","NC","City, County or Local Government Unit or Department of Transportation","Full Reporter","106","Bus","MB","PT","43","25228","Durham, NC","396,118","https://godurham.rideralerts.com/InfoPoint/GTFS-Zip.ashx",,,"true","2026 March 18","2026 March 05"
"40092","City of Clarksville","Clarksville","TN","City, County or Local Government Unit or Department of Transportation","Reduced Reporter","29","Bus","MB","DO","17","17317","Clarksville, TN--KY","200,947","https://www.clarksvilletn.gov/DocumentCenter/View/7132/CTS-11252025-GTFS-Data",,,"true","2025 December 11","2026 March 04"
"40093","City of Greensboro","Greensboro","NC","City, County or Local Government Unit or Department of Transportation","Full Reporter","83","Bus","MB","PT","41","35164","Greensboro, NC","338,928","https://trackmygta.com/gtfs",,,"true","2026 January 07","2025 November 21"
"40094","Alternativa de Transporte Integrado","San Juan","PR","State Government Unit or Department of Transportation","Full Reporter","57","Heavy Rail","HR","PT","32","79093","San Juan, PR","1,844,410","https://docs.pr.gov/files/ATI/DATOS_ABIERTOS/GTFS/PRITA_GTFS.zip",,,"true","2026 March 09","2026 February 27"
"40094","Alternativa de Transporte Integrado","San Juan","PR","State Government Unit or Department of Transportation","Full Reporter","57","Bus","MB","PT","24","79093","San Juan, PR","1,844,410","https://docs.pr.gov/files/ATI/DATOS_ABIERTOS/GTFS/PRITA_GTFS.zip",,,"true","2026 March 09","2026 February 27"
"40095","City of Greenville","Greenville","NC","City, County or Local Government Unit or Department of Transportation","Reduced Reporter","12","Bus","MB","DO","6","35380","Greenville, NC","120,150","https://s3.amazonaws.com/etatransit.gtfs/great.etaspot.net/gtfs.zip",,,"true","2025 December 11","2026 April 06"
"40096","City of Rocky Mount","Rocky Mount","NC","City, County or Local Government Unit or Department of Transportation","Reduced Reporter","26","Bus","MB","PT","6","75988","Rocky Mount, NC","63,297","https://data.trilliumtransit.com/gtfs/tarriver-nc-us/tarriver-nc-us.zip",,,"true","2025 December 15","2025 December 15"
"40100","Santee Wateree Regional Transportation Authority","Sumter","SC","Independent Public Agency or Authority of Transit Service","Full Reporter","44","Commuter Bus","CB","DO","1","85708","Sumter, SC","68,825","https://santeebus.com/gtfs",,,"true","2026 February 26","2025 October 17"
"40100","Santee Wateree Regional Transportation Authority","Sumter","SC","Independent Public Agency or Authority of Transit Service","Full Reporter","44","Bus","MB","DO","11","85708","Sumter, SC","68,825","https://santeebus.com/gtfs",,,"true","2026 February 26","2025 October 17"
"40101","City of Spartanburg South Carolina","Spartanburg","SC","Independent Public Agency or Authority of Transit Service","Reduced Reporter","8","Bus","MB","DO","8","83548","Spartanburg, SC","196,943","https://www.dropbox.com/scl/fi/tdz7t9ywd7qyt3286vz1t/Sparta-GTFS-Feed-2026.01.zip?rlkey=uapqrq2xekdntbcjfa8o0j64f&st=b3wqem8h&dl=1",,,"true","2026 January 15","2026 January 15"
"40102","Waccamaw Regional Transportation Authority","Conway","SC","Independent Public Agency or Authority of Transit Service","Full Reporter","43","Bus","MB","DO","25","60895","Myrtle Beach--North Myrtle Beach, SC--NC","298,954","http://coastrta.com/gtfs/GTFS.zip",,,"false","2026 April 08","2025 April 02"
"40104","Indian River County","Vero Beach","FL","City, County or Local Government Unit or Department of Transportation","Full Reporter","24","Bus","MB","PT","14","90406","Vero Beach--Sebastian, FL","174,292","https://ftis.org/ftde/40104-IndianRiverTransit/gtfs.zip",,,"true","2026 April 01","2026 March 17"
"40108","Research Triangle Regional Public Transportation Authority","Durham","NC","Independent Public Agency or Authority of Transit Service","Full Reporter","91","Bus","MB","DO","43","25228","Durham, NC","396,118","https://gotriangle.org/gtfs",,,"true","2026 March 18","2026 February 26"
"40108","Research Triangle Regional Public Transportation Authority","Durham","NC","Independent Public Agency or Authority of Transit Service","Full Reporter","91","Bus","MB","PT","7","25228","Durham, NC","396,118","https://goraleigh.org/gr_gtfs",,,"true","2026 March 18","2026 February 11"
"40108","Research Triangle Regional Public Transportation Authority","Durham","NC","Independent Public Agency or Authority of Transit Service","Full Reporter","91","Bus","MB","PT","7","25228","Durham, NC","396,118","https://mychtransit.org/gtfs",,,"true","2026 March 18","2026 February 11"
"40110","Charleston Area Regional Transportation Authority","North Charleston","SC","Independent Public Agency or Authority of Transit Service","Full Reporter","98","Commuter Bus","CB","PT","4","15508","Charleston, SC","684,773","https://data.trilliumtransit.com/gtfs/carta-sc-us/carta-sc-us.zip",,,"true","2026 March 12","2025 December 10"
"40110","Charleston Area Regional Transportation Authority","North Charleston","SC","Independent Public Agency or Authority of Transit Service","Full Reporter","98","Bus","MB","PT","67","15508","Charleston, SC","684,773","https://data.trilliumtransit.com/gtfs/carta-sc-us/carta-sc-us.zip",,,"true","2026 March 12","2025 December 10"
"40112","City of San Juan","San Juan","PR","City, County or Local Government Unit or Department of Transportation","Reduced Reporter","18","Bus","MB","DO","18","79093","San Juan, PR","1,844,410","https://rapid.nationalrtap.org/GTFSFileManagement/UserUploadFiles/13135/SANJUANGTFS.zip",,,"true","2026 February 04","2026 April 27"
"40114","Municipality of Aguada","Aguada","PR","City, County or Local Government Unit or Department of Transportation","Reduced Reporter","2","Bus","MB","DO","1","00631","Aguadilla--Isabela--San Sebastián, PR","232,573","https://aguada.gov.pr/wp-content/uploads/2026/01/Aguada_pr_gtfs.zip",,,"true","2026 January 15","2026 January 09"
"40115","Municipality of Caguas","Caguas","PR","City, County or Local Government Unit or Department of Transportation","Reduced Reporter","24","Bus","MB","DO","16","79093","San Juan, PR","1,844,410","https://rapid.nationalrtap.org/GTFSFileManagement/UserUploadFiles/13083/False.zip",,,"true","2025 November 17","2026 February 27"
"40117","Municipality of Vega Baja","Vega Baja","PR","City, County or Local Government Unit or Department of Transportation","Reduced Reporter","9","Bus","MB","DO","6","79093","San Juan, PR","1,844,410","https://irp.cdn-website.com/cc52f313/files/uploaded/VB_25.zip",,,"true","2026 January 08","2025 November 25"
"40120","City of Ocala, Florida","Ocala","FL","City, County or Local Government Unit or Department of Transportation","Reduced Reporter","8","Bus","MB","PT","8","64567","Ocala, FL","182,647","https://www.ocalafl.gov/home/showpublisheddocument/30354/639053877658815322",,,"true","2026 February 03","2026 February 02"
"40121","Municipality of Hormigueros","Hormigueros","PR","City, County or Local Government Unit or Department of Transportation","Reduced Reporter","6","Bus","MB","DO","4","55738","Mayagüez, PR","91,583","https://www.municipiohormiguerospr.com/_files/archives/37d3b3_b84467350f334c69b093e1ee0b8d6a22.zip?dn=Hormigueros_PR_GTFS.zip",,,"true","2026 February 02","2026 March 03"
"40122","Municipality of Cayey","Cayey","PR","City, County or Local Government Unit or Department of Transportation","Reduced Reporter","7","Bus","MB","DO","5","79093","San Juan, PR","1,844,410","https://irp.cdn-website.com/b047f9ca/files/uploaded/Dec25.zip",,,"true","2026 January 29","2026 April 27"
"40123","Municipality of Gurabo","Gurabo","PR","City, County or Local Government Unit or Department of Transportation","Reduced Reporter","5","Bus","MB","DO","3","79093","San Juan, PR","1,844,410","https://irp.cdn-website.com/8cf1cb31/files/uploaded/Feed_25_.zip",,,"true","2026 February 02","2026 February 28"
"40124","Municipality of Cidra","Cidra","PR","City, County or Local Government Unit or Department of Transportation","Reduced Reporter","6","Bus","MB","DO","3","79093","San Juan, PR","1,844,410","https://rapid.nationalrtap.org/GTFSFileManagement/UserUploadFiles/13157/cidra_pr_gtfs.zip",,,"true","2026 March 12","2026 March 12"
"40125","Municipality of Carolina","Carolina","PR","City, County or Local Government Unit or Department of Transportation","Reduced Reporter","22","Bus","MB","DO","20","79093","San Juan, PR","1,844,410","https://docs.pr.gov/files/ATI/DATOS_ABIERTOS/MUNICIPIOS/CAROLINA/GTFS_SITRAC_10_MAR_2026.zip",,,"true","2026 January 09","2026 March 12"
"40126","Municipality of Humacao","Humacao","PR","City, County or Local Government Unit or Department of Transportation","Reduced Reporter","3","Bus","MB","DO","2","79093","San Juan, PR","1,844,410","https://rapid.nationalrtap.org/GTFSFileManagement/UserUploadFiles/13135/HUMACAOGTFS.zip",,,"true","2026 February 19","2026 April 10"
"40128","Okaloosa County Board of County Commissioners","Crestview","FL","City, County or Local Government Unit or Department of Transportation","Full Reporter","42","Bus","MB","PT","10","61372","Navarre--Miramar Beach--Destin, FL","226,213","https://www.ecrider.org/wp-content/uploads/2025/09/Okaloosa-GTFS.zip",,,"true","2026 February 24","2025 September 18"
"40130","Macon-Bibb County Transit Authority","Macon","GA","Independent Public Agency or Authority of Transit Service","Reduced Reporter","29","Bus","MB","DO","18","52822","Macon-Bibb County, GA","140,111","https://myride.mbcta.net/gtfs/google_transit.zip",,,"true","2026 March 18","2026 March 18"
"40131","Davidson County","Lexington","NC","City, County or Local Government Unit or Department of Transportation","Reduced Reporter","19","Bus","MB","DO","7","38809","High Point, NC","167,830","https://gtfs.transitportal.org/CurrentGTFS/Davidson%20County_57/DCTS.zip",,,"true","2025 December 15","2025 October 21"
"40132","Goldsboro-Wayne Transportation Authority","Goldsboro","NC","Independent Public Agency or Authority of Transit Service","Reduced Reporter","21","Bus","MB","DO","5","33814","Goldsboro, NC","54,456","https://gtfs.transitportal.org/CurrentGTFS/Goldsboro-Wayne_191/Goldsboro-Wayne.zip",,,"true","2026 March 12","2025 October 21"
"40137","Municipality of Bayamon","Bayamon","PR","City, County or Local Government Unit or Department of Transportation","Reduced Reporter","21","Bus","MB","DO","16","79093","San Juan, PR","1,844,410","https://rapid.nationalrtap.org/GTFSFileManagement/UserUploadFiles/11391/MunBayamonGTFS.zip",,,"true","2026 February 27","2026 April 23"
"40138","Gwinnett County Board of Commissioners","Lawrenceville","GA","City, County or Local Government Unit or Department of Transportation","Full Reporter","79","Bus","MB","PT","35","03817","Atlanta, GA","5,100,112","https://realtimegwinnett.availtec.com/infopoint/gtfs-zip.ashx",,,,"2025 June 02","2026 April 29"
"40140","Collier County","Naples","FL","City, County or Local Government Unit or Department of Transportation","Full Reporter","55","Bus","MB","PT","19","08974","Bonita Springs--Estero, FL","425,675","https://cat.cadavl.com:4431/CAT/GTFS/GTFS_CAT.zip",,,"true","2026 March 25","2026 March 23"
"40141","Central Midlands Regional Transportation Authority","Columbia","SC","Independent Public Agency or Authority of Transit Service","Full Reporter","96","Bus","MB","PT","50","18964","Columbia, SC","590,407","https://comet.mapstrat.com/current/google_transit.zip",,,"true","2026 March 12","2026 February 27"
"40143","Town of Cary","Cary","NC","City, County or Local Government Unit or Department of Transportation","Reduced Reporter","27","Bus","MB","PT","12","73261","Raleigh, NC","1,106,646","https://www.gocary.org/_GTFS",,,"true","2026 January 20","2026 January 02"
"40144","City of Gainesville","Gainesville","GA","City, County or Local Government Unit or Department of Transportation","Reduced Reporter","17","Bus","MB","DO","2","32194","Gainesville, GA","164,365","https://rapid.nationalrtap.org/GTFSFileManagement/UserUploadFiles/11952/hat_gtfs.zip",,,"true","2025 December 05","2025 December 04"
"40145","Municipality of Manati","Manati","PR","City, County or Local Government Unit or Department of Transportation","Reduced Reporter","7","Bus","MB","DO","4","79093","San Juan, PR","1,844,410","https://rapid.nationalrtap.org/GTFSFileManagement/UserUploadFiles/11425/MunManati_GTFS_1.zip",,,"true","2026 January 14","2026 April 21"
"40146","Hernando County Board of County Commissioners","Brooksville","FL","City, County or Local Government Unit or Department of Transportation","Reduced Reporter","17","Bus","MB","PT","14","84024","Spring Hill, FL","169,050","https://www.hernandocounty.us/media/u5visq0k/gtfs-file.zip",,,"true","2026 March 13","2026 January 30"
"40147","North Carolina State University","Raleigh","NC","University","Full Reporter","28","Bus","MB","PT","28","73261","Raleigh, NC","1,106,646","https://passio3.com/ncstateuni/passioTransit/gtfs/google_transit.zip",,,"true","2026 February 10","2026 February 10"
"40150","Municipality of Barceloneta","Barceloneta","PR","City, County or Local Government Unit or Department of Transportation","Reduced Reporter","7","Bus","MB","DO","3","05040","Barceloneta--Florida--Bajadero, PR","65,070","https://irp.cdn-website.com/ff96f00c/files/uploaded/Nov25_BAR.zip",,,"true","2026 January 07","2025 November 24"
"40151","Municipality of Hatillo","Hatillo","PR","City, County or Local Government Unit or Department of Transportation","Reduced Reporter","6","Bus","MB","DO","1","03034","Arecibo, PR","123,724","https://rapid.nationalrtap.org/GTFSFileManagement/UserUploadFiles/12028/MH_PR_GTFS.zip",,,"true","2026 January 05","2025 November 13"
"40155","St Johns County, Florida","Saint Augustine","FL","City, County or Local Government Unit or Department of Transportation","Reduced Reporter","29","Bus","MB","DO","9","77230","St. Augustine, FL","91,786","https://rapid.nationalrtap.org/GTFSFileManagement/UserUploadFiles/11581/sunshinebus.zip",,,"true","2026 April 01","2026 March 30"
"40156","Lower Savannah COG","Aiken","SC","MPO, COG or Other Planning Agency","Reduced Reporter","3","Bus","MB","PT","3","04222","Augusta-Richmond County, GA--SC","431,480","https://rapid.nationalrtap.org/GTFSFileManagement/UserUploadFiles/13670/BFE_GTFS.zip",,,"true","2026 February 04","2026 January 08"
"40158","Lake County Board of County Commissioners","Tavares","FL","City, County or Local Government Unit or Department of Transportation","Full Reporter","44","Bus","MB","PT","14","48799","Leesburg--Eustis--Tavares, FL","151,523","https://ridelakexpress.com/gtfs/gtfs.zip",,,"true","2026 April 06","2026 April 21"
"40159","Regional Transportation Authority","Madison","TN","Independent Public Agency or Authority of Transit Service","Full Reporter","24","Commuter Bus","CB","PT","14","61273","Nashville-Davidson, TN","1,158,642","https://www.wegotransit.com/GoogleExport/google_transit.zip",,,"true","2026 February 10","2026 January 16"
"40159","Regional Transportation Authority","Madison","TN","Independent Public Agency or Authority of Transit Service","Full Reporter","24","Commuter Rail","CR","PT","7","61273","Nashville-Davidson, TN","1,158,642","https://www.wegotransit.com/GoogleExport/google_transit.zip",,,"true","2026 February 10","2026 March 04"
"40160","Municipality of Camuy","Camuy","PR","City, County or Local Government Unit or Department of Transportation","Reduced Reporter","10","Bus","MB","PT","7","03034","Arecibo, PR","123,724","https://irp.cdn-website.com/2ad25a15/files/uploaded/trips_1.zip",,,"true","2026 January 09","2026 February 28"
"40162","Franklin Transit Authority","Franklin","TN","City, County or Local Government Unit or Department of Transportation","Reduced Reporter","16","Bus","MB","PT","6","61273","Nashville-Davidson, TN","1,158,642","https://data.trilliumtransit.com/gtfs/tma-tn-us/tma-tn-us.zip",,,"true","2025 December 08","2025 November 18"
"40163","Municipality of Catano","Catano","PR","City, County or Local Government Unit or Department of Transportation","Reduced Reporter","4","Bus","MB","DO","1","79093","San Juan, PR","1,844,410","https://irp.cdn-website.com/9d80bc33/files/uploaded/CAT_GTFS_JAN26-c26dcabb.zip",,,"true","2026 February 10","2026 January 04"
"40164","Municipality of Fajardo","Fajardo","PR","City, County or Local Government Unit or Department of Transportation","Reduced Reporter","7","Bus","MB","DO","4","28981","Fajardo, PR","68,587","https://rapid.nationalrtap.org/GTFSFileManagement/UserUploadFiles/13411/fajardo_pr_gtfs.zip",,,"true","2026 January 28","2025 August 26"
"40165","Municipality of Juncos","Juncos","PR","City, County or Local Government Unit or Department of Transportation","Reduced Reporter","7","Bus","MB","DO","5","79093","San Juan, PR","1,844,410","https://rapid.nationalrtap.org/GTFSFileManagement/UserUploadFiles/7711/MunJuncosGTFS.zip",,,"true","2026 February 19","2026 March 11"
"40166","City of Jacksonville","Jacksonville","NC","City, County or Local Government Unit or Department of Transportation","Reduced Reporter","9","Bus","MB","DO","9","42400","Jacksonville, NC","111,224","https://passio3.com/jacksonville/passioTransit/gtfs/google_transit.zip",,,"true","2026 March 17","2026 February 27"
"40167","City of Concord","Concord","NC","City, County or Local Government Unit or Department of Transportation","Reduced Reporter","13","Bus","MB","PT","8","19558","Concord, NC","278,612","https://trackingckrider.com/gtfs",,,"true","2025 December 09","2026 February 25"
"40170","Southeast Tennessee Human Resource Agency","Dunlap","TN","Other Publicly-Owned or Privately Chartered Corporation","Reduced Reporter","15","Bus","MB","DO","7","17722","Cleveland, TN","73,918","https://passio3.com/cuats/passioTransit/gtfs/google_transit.zip",,,"true","2025 December 15","2026 April 30"
"40172","Western Piedmont Regional Transit Authority","Newton","NC","Independent Public Agency or Authority of Transit Service","Full Reporter","46","Bus","MB","DO","8","38647","Hickory, NC","201,511","https://rapid.nationalrtap.org/GTFSFileManagement/UserUploadFiles/7944/UpdateGTFS_Feed_greenway.zip",,,"true","2026 February 02","2026 April 27"
"40173","Piedmont Authority for Regional Transportation","Greensboro","NC","Independent Public Agency or Authority of Transit Service","Full Reporter","56","Commuter Bus","CB","PT","22","35164","Greensboro, NC","338,928","https://rapid.nationalrtap.org/GTFSFileManagement/UserUploadFiles/5137/GTFS.zip",,,"true","2026 January 06","2026 February 27"
"40174","Municipality of Yauco","Yauco","PR","City, County or Local Government Unit or Department of Transportation","Reduced Reporter","25","Bus","MB","DO","21","97561","Yauco, PR","63,885","https://irp.cdn-website.com/e5e76d6f/files/uploaded/routes_1.zip",,,"true","2025 December 04","2026 February 28"
"40175","Puerto Rico Maritime Transport Authority","Guaynabo","PR","State Government Unit or Department of Transportation","Full Reporter","10","Ferryboat","FB","PT","10","79093","San Juan, PR","1,844,410","https://docs.pr.gov/files/ATI/DATOS_ABIERTOS/GTFS/PRITA_GTFS.zip",,,"true","2026 March 05","2026 February 11"
"40180","University of Georgia","Athens","GA","University","Full Reporter","56","Bus","MB","DO","48","03763","Athens-Clarke County, GA","143,213","https://passio3.com/uga/passioTransit/gtfs/google_transit.zip",,,"true","2026 March 04","2026 February 27"
"40182","Municipality of Toa Baja","Toa Baja","PR","City, County or Local Government Unit or Department of Transportation","Reduced Reporter","7","Bus","MB","DO","4","79093","San Juan, PR","1,844,410","https://www.toabaja.com/wp-content/uploads/2024/08/GTFS-Files.zip",,,"true","2026 January 15","2025 December 23"
"40183","Municipality of San Sebastian","San Sebastian","PR","City, County or Local Government Unit or Department of Transportation","Reduced Reporter","9","Bus","MB","DO","2","00631","Aguadilla--Isabela--San Sebastián, PR","232,573","https://rapid.nationalrtap.org/GTFSFileManagement/UserUploadFiles/13190/sansebastian_pr_gtfs.zip",,,"true","2026 February 18","2026 February 17"
"40184","City of Bowling Green","Bowling Green","KY","City, County or Local Government Unit or Department of Transportation","Reduced Reporter","14","Bus","MB","PT","10","09379","Bowling Green, KY","97,814","https://gobg.transloc.com/Secure/Admin/Reports/GTFSDownload.aspx",,,"true","2025 December 22","2026 February 27"
"40185","Bay County Transportation Planning Organization","Panama City","FL","MPO, COG or Other Planning Agency","Full Reporter","30","Bus","MB","PT","10","67305","Panama City--Panama City Beach, FL","162,060","https://passio3.com/bayway/passioTransit/gtfs/google_transit.zip",,,"true","2026 March 11","2026 February 27"
"40186","City of Murfreesboro","Murfreesboro","TN","City, County or Local Government Unit or Department of Transportation","Reduced Reporter","7","Bus","MB","DO","7","60733","Murfreesboro, TN","177,313","https://murfreesborotransit.tripsparkhost.com/gtfs/google_transit.zip",,,"true","2025 December 17","2026 January 16"
"40188","Government of the Virgin Islands","Charlotte Amalie","VI","State Government Unit or Department of Transportation","Reduced Reporter","27","Bus","MB","DO","11","00078","Virgin Islands, VI","87,146","https://rapid.nationalrtap.org/GTFSFileManagement/UserUploadFiles/11872/vitran_gtfs.zip",,,"true","2026 April 03","2026 March 25"
"40190","East Tennessee Human Resource Agency, Inc.","Knoxville","TN","Other Publicly-Owned or Privately Chartered Corporation","Reduced Reporter","82","Bus","MB","DO","5","59410","Morristown, TN","66,539","https://www.lakewaytransit.com/_files/archives/880354_b56875322c4549f8953673b3d9ab4e0a.zip?dn=google_transit%20(1).zip",,,"true","2026 January 28","2025 December 16"
"40192","Martin County","Stuart","FL","City, County or Local Government Unit or Department of Transportation","Full Reporter","11","Commuter Bus","CB","PT","2","71479","Port St. Lucie, FL","437,745","https://myride.martin.fl.us/gtfs/CBOnly_google_transit.zip",,,"true","2026 March 03","2026 March 03"
"40192","Martin County","Stuart","FL","City, County or Local Government Unit or Department of Transportation","Full Reporter","11","Bus","MB","PT","7","71479","Port St. Lucie, FL","437,745","https://myride.martin.fl.us/gtfs/MBOnly_google_transit.zip",,,"true","2026 March 03","2026 March 03"
"40193","City of Hinesville, Georgia","Hinesville","GA","City, County or Local Government Unit or Department of Transportation","Reduced Reporter","12","Bus","MB","DO","3","39133","Hinesville, GA","53,107","https://api.transloc.com/gtfs/liberty.zip",,,"true",,"2026 April 29"
"40194","Municipality of Mayaguez","Mayaguez","PR","City, County or Local Government Unit or Department of Transportation","Reduced Reporter","19","Bus","MB","DO","7","55738","Mayagüez, PR","91,583","https://irp.cdn-website.com/9a5ad2c1/files/uploaded/Nov25_Feed.zip",,,"true","2026 February 04","2026 January 15"
"40194","Municipality of Mayaguez","Mayaguez","PR","City, County or Local Government Unit or Department of Transportation","Reduced Reporter","19","Bus","MB","PT","10","55738","Mayagüez, PR","91,583","https://irp.cdn-website.com/9a5ad2c1/files/uploaded/Nov25_Feed.zip",,,"true","2026 February 04","2026 January 15"
"40195","Municipality of San Lorenzo","San Lorenzo","PR","City, County or Local Government Unit or Department of Transportation","Reduced Reporter","9","Bus","MB","DO","7","79093","San Juan, PR","1,844,410","https://rapid.nationalrtap.org/GTFSFileManagement/UserUploadFiles/13208/GTFSFeedSanLorenzo.zip",,,"true","2025 December 01","2025 March 11"
"40198","Municipality of Dorado","Dorado","PR","City, County or Local Government Unit or Department of Transportation","Reduced Reporter","6","Bus","MB","PT","4","79093","San Juan, PR","1,844,410","https://irp.cdn-website.com/fca78933/files/uploaded/DORADO+GTFS.zip",,,"true","2026 February 10","2026 February 27"
"40199","Autonomous Municipality of Vega Alta","Vega Alta","PR","City, County or Local Government Unit or Department of Transportation","Reduced Reporter","7","Bus","MB","DO","5","79093","San Juan, PR","1,844,410","https://rapid.nationalrtap.org/GTFSFileManagement/UserUploadFiles/13135/VEGAALTAGTFS.zip",,,"true","2026 January 28","2026 April 10"
"40201","Municipality of Guaynabo","Guaynabo","PR","City, County or Local Government Unit or Department of Transportation","Reduced Reporter","14","Bus","MB","DO","12","79093","San Juan, PR","1,844,410","https://rapid.nationalrtap.org/GTFSFileManagement/UserUploadFiles/12044/MAG_GTFS_PR.zip",,,"true","2026 February 02","2025 December 11"
"40205","The County of Iredell","Statesville","NC","City, County or Local Government Unit or Department of Transportation","Reduced Reporter","25","Bus","MB","DO","3","15670","Charlotte, NC--SC","1,379,873","https://gtfs.remix.com/icats_statesville_nc_us.zip",,,"true","2026 March 04","2026 March 03"
"40206","Berkeley Charleston Dorchester RTMA","Moncks Corner","SC","Independent Public Agency or Authority of Transit Service","Reduced Reporter","28","Bus","MB","DO","28","15508","Charleston, SC","684,773","https://data.trilliumtransit.com/gtfs/tricountylink-sc-us/tricountylink-sc-us.zip",,,"true","2026 January 29","2025 December 10"
"40208","City of Clemson","Clemson","SC","City, County or Local Government Unit or Department of Transportation","Reduced Reporter","17","Bus","MB","DO","17","02420","Anderson--Clemson, SC","118,369",,"This agency provided the GTFS as a zip file instead of a public weblink, providing justification for why it could not be hosted. Please contact the agency if you need to access this file.","true","true","2026 March 17","2025 January 27"
"40210","Craven County","New Bern","NC","City, County or Local Government Unit or Department of Transportation","Rural Reporter","17","Bus","MB","DO","3","00037","North Carolina Non-UZA","4,506,122","https://gtfs.transitportal.org/CurrentGTFS/Craven%20Area%20Rrural%20Transit%20System_251/CARTS.zip",,,"true","2026 January 22","2025 October 15"
"40218","City of La Grange","La Grange","KY","City, County or Local Government Unit or Department of Transportation","Rural Reporter","1","Bus","MB","DO","1","00021","Kentucky Non-UZA","2,626,585","https://rapid.nationalrtap.org/GTFSFileManagement/UserUploadFiles/12040/OPB_KY_GTFS.zip",,,"true","2025 November 20","2024 October 29"
"40224","Buncombe County","Asheville","NC","City, County or Local Government Unit or Department of Transportation","Full Reporter","32","Bus","MB","PT","3","03358","Asheville, NC","285,776","https://www.buncombenc.gov/DocumentCenter/View/2215/GTFS-Data-ZIP",,,"true","2025 December 09","2025 December 03"
"40226","Mountain Projects, Inc.","Waynesville","NC","Private-Non-Profit Corporation","Rural Reporter","13","Bus","MB","DO","2","00037","North Carolina Non-UZA","4,506,122","https://gtfs.transitportal.org/CurrentGTFS/Haywood%20County_Mountain%20Projects_87/Mountain%20Project.zip",,,"true","2026 January 22","2025 October 15"
"40229","Henderson County","Hendersonville","NC","City, County or Local Government Unit or Department of Transportation","Reduced Reporter","4","Bus","MB","PT","3","03358","Asheville, NC","285,776",,"This agency provided the GTFS as a zip file instead of a public weblink, providing justification for why it could not be hosted. Please contact the agency if you need to access this file.",,"true","2026 January 05","2025 February 28"
"40231","Orange County","Hillsborough","NC","City, County or Local Government Unit or Department of Transportation","Reduced Reporter","16","Bus","MB","DO","5","25228","Durham, NC","396,118","https://rapid.nationalrtap.org/GTFSFileManagement/UserUploadFiles/11645/OCPT_NC_GTFS.zip",,,"true","2025 November 06","2026 March 02"
"40232","Central Florida Commuter Rail","Tallahassee","FL","State Government Unit or Department of Transportation","Full Reporter","21","Commuter Rail","CR","PT","21","65863","Orlando, FL","1,853,896","https://corporate.sunrail.com/gtfs/google_transit.zip",,,"true","2026 March 05","2026 March 04"
"40233","City of Salisbury","Salisbury","NC","City, County or Local Government Unit or Department of Transportation","Reduced Reporter","5","Bus","MB","DO","3","19558","Concord, NC","278,612","https://rapid.nationalrtap.org/GTFSFileManagement/UserUploadFiles/13035/GTFSExportSource.zip",,,"true","2025 December 16","2026 April 21"
"40234","Autonomous Municipality of Ponce","Ponce","PR","City, County or Local Government Unit or Department of Transportation","Reduced Reporter","25","Bus","MB","DO","14","70642","Ponce, PR","118,345","https://rapid.nationalrtap.org/GTFSFileManagement/UserUploadFiles/13098/Sitras_GTFSModificado.zip",,,"true","2025 December 09","2026 March 03"
"40238","City of Coconut Creek","Coconut Creek","FL","City, County or Local Government Unit or Department of Transportation","Reduced Reporter","3","Bus","MB","DO","3","56602","Miami--Fort Lauderdale, FL","6,077,522","https://www.coconutcreek.net/docs/default-source/pwdocs/gtfs/coconutcreekgtfs.zip",,,"true","2026 March 03","2026 March 03"
"40239","City of Deerfield Beach","Deerfield Beach","FL","City, County or Local Government Unit or Department of Transportation","Reduced Reporter","2","Bus","MB","DO","2","56602","Miami--Fort Lauderdale, FL","6,077,522","https://rapid.nationalrtap.org/GTFSFileManagement/UserUploadFiles/13107/Deerfield_FY25_GTFS.zip",,,"true","2026 February 27","2026 February 27"
"40240","City of Lighthouse Point","Lighthouse Point","FL","City, County or Local Government Unit or Department of Transportation","Reduced Reporter","1","Bus","MB","DO","1","56602","Miami--Fort Lauderdale, FL","6,077,522","https://rapid.nationalrtap.org/GTFSFileManagement/UserUploadFiles/13186/lighthousepoint_fl_gtfs.zip",,,"true","2026 March 09","2026 March 09"
"40241","City of Miramar","Miramar","FL","City, County or Local Government Unit or Department of Transportation","Reduced Reporter","6","Bus","MB","DO","4","56602","Miami--Fort Lauderdale, FL","6,077,522","https://rapid.nationalrtap.org/GTFSFileManagement/UserUploadFiles/11651/Miramarfl_gtfs.zip",,,"true","2026 March 17","2026 March 17"
"40248","Town of Hillsboro Beach","Hillsboro Beach","FL","City, County or Local Government Unit or Department of Transportation","Reduced Reporter","1","Bus","MB","PT","1","56602","Miami--Fort Lauderdale, FL","6,077,522","https://rapid.nationalrtap.org/GTFSFileManagement/UserUploadFiles/13238/Hillsboro_gtfs.zip",,,"true","2026 March 10","2026 March 09"
"40249","City of Hallandale Beach","Hallandale Beach","FL","City, County or Local Government Unit or Department of Transportation","Reduced Reporter","9","Bus","MB","PT","9","56602","Miami--Fort Lauderdale, FL","6,077,522","https://cohb.org/DocumentCenter/View/37350/Hallandale_FY25_GTFSzip",,,"true","2026 March 18","2026 March 18"
"40250","City of Lauderdale Lakes","Lauderdale Lakes","FL","City, County or Local Government Unit or Department of Transportation","Reduced Reporter","2","Bus","MB","PT","2","56602","Miami--Fort Lauderdale, FL","6,077,522","https://rapid.nationalrtap.org/GTFSFileManagement/UserUploadFiles/13259/Lauderdale_Lakes_FY25_GTFS.zip",,,"true","2026 March 04","2026 March 04"
"40251","City of Pembroke Pines","Pembroke Pines","FL","City, County or Local Government Unit or Department of Transportation","Reduced Reporter","7","Bus","MB","PT","7","56602","Miami--Fort Lauderdale, FL","6,077,522","https://fl-pembrokepines.civicplus.com/DocumentCenter/View/26343/Pembroke_Pines_FY26_gtfs",,,"true","2026 March 09","2026 March 09"
"40252","City Of Burlington","Burlington","NC","City, County or Local Government Unit or Department of Transportation","Reduced Reporter","7","Bus","MB","PT","5","11728","Burlington, NC","145,311","https://mylinktransit.org/gtfs",,,"true","2026 March 10","2026 March 06"
"40253","City of Coral Springs","Coral Springs","FL","City, County or Local Government Unit or Department of Transportation","Reduced Reporter","2","Bus","MB","PT","2","56602","Miami--Fort Lauderdale, FL","6,077,522","https://rapid.nationalrtap.org/GTFSFileManagement/UserUploadFiles/13723/calendar_dates.zip",,,"true","2026 March 10","2026 February 17"
"40254","City of Lauderhill","Lauderhill","FL","City, County or Local Government Unit or Department of Transportation","Reduced Reporter","7","Bus","MB","PT","7","56602","Miami--Fort Lauderdale, FL","6,077,522","https://rapid.nationalrtap.org/GTFSFileManagement/UserUploadFiles/13175/GTFS.zip",,,"true","2026 March 31","2026 March 04"
"40255","City of Hollywood","Hollywood","FL","City, County or Local Government Unit or Department of Transportation","Reduced Reporter","5","Bus","MB","PT","5","56602","Miami--Fort Lauderdale, FL","6,077,522","https://www.hollywoodfl.org/DocumentCenter/View/27454/Hollywood_FY2025_GTFSzip",,,"true","2026 April 22","2026 April 16"
"40256","City of Margate","Margate","FL","City, County or Local Government Unit or Department of Transportation","Reduced Reporter","8","Bus","MB","PT","3","56602","Miami--Fort Lauderdale, FL","6,077,522","https://drive.usercontent.google.com/uc?id=1wstnsVIA3zGW6CWXjF5hzqKb95vgibwO&export=download",,,"true","2026 February 06","2025 December 18"
"40257","City of Pompano Beach","Pompano Beach","FL","City, County or Local Government Unit or Department of Transportation","Reduced Reporter","4","Bus","MB","PT","4","56602","Miami--Fort Lauderdale, FL","6,077,522","https://cdn.pompanobeachfl.gov/city/pages/residents/GoogleTransit.zip",,,"true","2026 March 30","2026 March 26"
"40261","City of Dania Beach","Dania","FL","City, County or Local Government Unit or Department of Transportation","Reduced Reporter","2","Bus","MB","PT","2","56602","Miami--Fort Lauderdale, FL","6,077,522","https://rapid.nationalrtap.org/GTFSFileManagement/UserUploadFiles/13065/Dania_Beach_gtfs.zip",,,"true","2026 April 01","2026 March 31"
"40262","Town of Davie","Davie","FL","City, County or Local Government Unit or Department of Transportation","Reduced Reporter","6","Bus","MB","PT","6","56602","Miami--Fort Lauderdale, FL","6,077,522","https://www.davie-fl.gov/DocumentCenter/View/24635/Davie_FY25_GTFS",,,"true","2026 March 18","2026 March 17"
"40269","Municipality of Añasco","Anasco","PR","City, County or Local Government Unit or Department of Transportation","Reduced Reporter","5","Bus","MB","DO","3","00631","Aguadilla--Isabela--San Sebastián, PR","232,573","https://www.municipiodeanasco.com/_files/archives/7d32eb_1c433dd599ef45ce98ffbd7032df005e.zip?dn=Anasco_GTFS_2025-10-29.zip",,,"true","2026 February 04","2026 February 27"
"40270","City of Rock Hill","Rock Hill","SC","City, County or Local Government Unit or Department of Transportation","Reduced Reporter","8","Bus","MB","DO","8","75745","Rock Hill, SC","218,443","https://myriderockhill.com/my-ride-gtfs/",,,"true","2025 December 08","2025 December 02"
"40275","City of North Lauderdale","North Lauderdale","FL","City, County or Local Government Unit or Department of Transportation","Reduced Reporter","2","Bus","MB","PT","2","56602","Miami--Fort Lauderdale, FL","6,077,522",,"This agency provided the GTFS as a zip file instead of a public weblink, providing justification for why it could not be hosted. Please contact the agency if you need to access this file.",,"true","2026 April 13","2026 March 19"
"40277","Town of Apex","Apex","NC","City, County or Local Government Unit or Department of Transportation","Reduced Reporter","3","Bus","MB","PT","1","73261","Raleigh, NC","1,106,646","https://gocary.org/_gtfs",,,"true","2026 February 02","2026 January 21"
"40278","Municipality of Cabo Rojo","Cabo Rojo","PR","City, County or Local Government Unit or Department of Transportation","Reduced Reporter","7","Bus","MB","PT","7","78985","San Germán--Cabo Rojo--Sabana Grande, PR","97,241","https://rapid.nationalrtap.org/GTFSFileManagement/UserUploadFiles/13135/CABOROJOGTFS.zip",,,"true","2025 December 04","2026 April 10"
"40279","Municipality of Canovanas","Canovanas","PR","City, County or Local Government Unit or Department of Transportation","Reduced Reporter","10","Bus","MB","DO","6","79093","San Juan, PR","1,844,410","https://rapid.nationalrtap.org/GTFSFileManagement/UserUploadFiles/13057/GTFS_Canovanas.zip",,,"true","2026 February 26","2026 April 27"
"40280","Municipality of Corozal","Corozal","PR","City, County or Local Government Unit or Department of Transportation","Reduced Reporter","3","Bus","MB","DO","3","79093","San Juan, PR","1,844,410","https://rapid.nationalrtap.org/GTFSFileManagement/UserUploadFiles/13135/COROZALGTFS.zip",,,"true","2026 February 02","2026 April 10"
"40918","Wilkes Transportation Authority","Wilkesboro","NC","Independent Public Agency or Authority of Transit Service","Rural Reporter","23","Bus","MB","DO","1","00037","North Carolina Non-UZA","4,506,122","https://gtfs.transitportal.org/CurrentGTFS/Wilkes%20Transportation%20Authority_193/WTA.zip",,,"true","2026 January 22","2025 October 21"
"40920","Ride Solution","Palatka","FL","Private-Non-Profit Corporation","Rural Reporter","9","Bus","MB","DO","1","00012","Florida Non-UZA","2,423,098",,,,"true","2026 January 12","2026 March 02"
"40929","Rockingham County Council on Aging","Reidsville","NC","City, County or Local Government Unit or Department of Transportation","Rural Reporter","15","Bus","MB","DO","3","00037","North Carolina Non-UZA","4,506,122","https://gtfs.transitportal.org/CurrentGTFS/Rockingham%20County%20Council%20on%20Aging_157/SKAT.zip",,,"true","2026 January 22","2025 October 21"
"40948","Bluegrass Community Action Agency","Frankfort","KY","Private-Non-Profit Corporation","Rural Reporter","125","Bus","MB","DO","12","00021","Kentucky Non-UZA","2,626,585","https://data.trilliumtransit.com/gtfs/bgcap-ky-us/bgcap-ky-us.zip",,,"true","2025 November 20","2026 March 05"
"40952","Williamsburg County","Kingstree","SC","City, County or Local Government Unit or Department of Transportation","Rural Reporter","20","Commuter Bus","CB","DO","4","00045","South Carolina Non-UZA","2,074,919","https://rapid.nationalrtap.org/GTFSFileManagement/UserUploadFiles/12064/google_transit.zip",,,"true","2026 March 13","2026 March 10"
"40953","Pennyrile Allied Community Services, Inc.","Hopkinsville","KY","Private-Non-Profit Corporation","Rural Reporter","109","Bus","MB","DO","4","00021","Kentucky Non-UZA","2,626,585","https://rapid.nationalrtap.org/GTFSFileManagement/UserUploadFiles/12000/pacs_ky_gtfs.zip",,,"true","2025 November 20","2024 October 04"
"40958","Municipality of Orocovis","Orocovis","PR","City, County or Local Government Unit or Department of Transportation","Reduced Reporter","2","Bus","MB","DO","1","79093","San Juan, PR","1,844,410","https://rapid.nationalrtap.org/GTFSFileManagement/UserUploadFiles/13187/orocovis_pr_gtfs.zip",,,"true","2026 March 09","2026 February 26"
"40978","Upper-Cumberland Human Resource Agency","Cookeville","TN","Independent Public Agency or Authority of Transit Service","Rural Reporter","105","Bus","MB","DO","20","00047","Tennessee Non-UZA","3,066,916",,"This agency provided the GTFS as a zip file instead of a public weblink, providing justification for why it could not be hosted. Please contact the agency if you need to access this file.",,"true","2026 February 19","2025 December 17"
"40979","KY River Foothills Development Council, Inc.","Richmond","KY","Private-Non-Profit Corporation","Rural Reporter","29","Bus","MB","DO","8","00021","Kentucky Non-UZA","2,626,585","https://rapid.nationalrtap.org/GTFSFileManagement/UserUploadFiles/11965/KRFDCTransitGTFS.zip",,,"true","2026 April 09","2024 October 04"
"40983","Rutherford County","Rutherfordton","NC","City, County or Local Government Unit or Department of Transportation","Rural Reporter","15","Bus","MB","DO","2","00037","North Carolina Non-UZA","4,506,122","https://gtfs.transitportal.org/CurrentGTFS/Rutherford%20County_161/Rutherford.zip",,,"true","2026 January 22","2025 October 15"
"40989","Southeast Tennessee Human Resource Agency-Rural Division","Dunlap","TN","Independent Public Agency or Authority of Transit Service","Rural Reporter","83","Bus","MB","DO","4","00047","Tennessee Non-UZA","3,066,916","https://www.sethratransit.org/s/GTFS-25-26.zip",,,"true","2026 February 19","2026 March 03"
"40991","Municipality of Utuado","Utuado","PR","City, County or Local Government Unit or Department of Transportation","Rural Reporter","1","Bus","MB","DO","1","00072","Puerto Rico Non-UZA","463,143","https://rapid.nationalrtap.org/GTFSFileManagement/UserUploadFiles/13334/utuado_pr_gtfs.zip",,,"true","2026 January 16","2026 April 22"
"40991","Municipality of Utuado","Utuado","PR","City, County or Local Government Unit or Department of Transportation","Rural Reporter","1","Bus","MB","DO","1","00072","Puerto Rico Non-UZA","463,143","https://rapid.nationalrtap.org/GTFSFileManagement/UserUploadFiles/13334/utuado_pr_gtfs.zip",,,"false","2026 January 16","2026 April 22"
"40999","Sumter County Board of County Commissioners","Wildwood","FL","City, County or Local Government Unit or Department of Transportation","Reduced Reporter","21","Bus","MB","PT","2","87285","The Villages--Lady Lake, FL","161,736","https://ftis.org/FTDE/SumterCO_gtfs.zip",,,"true","2026 April 09","2026 April 09"
"41003","Fairfield County Transit System","Winnsboro","SC","City, County or Local Government Unit or Department of Transportation","Rural Reporter","17","Bus","MB","DO","3","00045","South Carolina Non-UZA","2,074,919","https://rapid.nationalrtap.org/GTFSFileManagement/UserUploadFiles/12074/FCTS_GTFS.zip",,,"true","2026 March 25","2026 March 09"
"41010","Person County","Roxboro","NC","City, County or Local Government Unit or Department of Transportation","Rural Reporter","11","Bus","MB","DO","2","00037","North Carolina Non-UZA","4,506,122","https://gtfs.transitportal.org/CurrentGTFS/Person%20County_145/PATS.zip",,,"true","2026 January 22","2025 October 15"
"41013","Paducah Transit Authority","Paducah","KY","Independent Public Agency or Authority of Transit Service","Reduced Reporter","26","Bus","MB","DO","4","66781","Paducah, KY--IL","50,833","https://myride.paducahtransit.com/gtfs/google_transit.zip",,,"true","2025 December 12","2026 April 22"
"41029","Ashe County Transportation Authority Inc","West Jefferson","NC","Independent Public Agency or Authority of Transit Service","Rural Reporter","17","Bus","MB","DO","2","00037","North Carolina Non-UZA","4,506,122","https://gtfs.transitportal.org/CurrentGTFS/Ashe%20County%20Transportation%20Authority_9/ACTA.zip",,,"true","2026 January 22","2025 October 15"
"41030","Mississippi State University","Mississippi State","MS","University","Rural Reporter","37","Bus","MB","DO","33","00028","Mississippi Non-UZA","2,100,239","https://www.smart.msstate.edu/gtfs-data/download",,,"true","2026 April 27","2026 April 23"
"41032","City of Maysville","Maysville","KY","City, County or Local Government Unit or Department of Transportation","Rural Reporter","7","Bus","MB","DO","7","00021","Kentucky Non-UZA","2,626,585","https://rapid.nationalrtap.org/GTFSFileManagement/UserUploadFiles/11892/maysville_ky_gtfs.zip",,,"true","2025 November 20","2026 March 05"
"41043","Mitchell County Transportation Authority","Bakersville","NC","City, County or Local Government Unit or Department of Transportation","Rural Reporter","13","Bus","MB","DO","1","00037","North Carolina Non-UZA","4,506,122","https://gtfs.transitportal.org/CurrentGTFS/Mitchell%20County%20Transportation%20Authority_121/MitchellCounty.zip",,,"true","2025 December 09","2025 October 15"
"41048","Kerr Area Transportation Authority","Henderson","NC","Independent Public Agency or Authority of Transit Service","Rural Reporter","38","Bus","MB","DO","1","00037","North Carolina Non-UZA","4,506,122","https://gtfs.transitportal.org/CurrentGTFS/Kerr%20Area%20Transportation%20Authority_185/KARTS.zip",,,"true","2026 January 22","2026 January 12"
"41052","City of Oxford","Oxford","MS","City, County or Local Government Unit or Department of Transportation","Rural Reporter","36","Bus","MB","DO","34","00028","Mississippi Non-UZA","2,100,239","https://www.outransit.com/routes",,,"true",,"2026 April 24"
"41053","Murray-Calloway County Transit Authority","Murray","KY","Independent Public Agency or Authority of Transit Service","Rural Reporter","30","Bus","MB","DO","3","00021","Kentucky Non-UZA","2,626,585","https://rapid.nationalrtap.org/GTFSFileManagement/UserUploadFiles/11961/mcta_ky_gtfs.zip",,,"true","2025 December 15","2024 October 04"
"41060","City of Key West","Key West","FL","City, County or Local Government Unit or Department of Transportation","Rural Reporter","11","Bus","MB","DO","5","00012","Florida Non-UZA","2,423,098",,,,"true","2026 January 12","2026 March 02"
"41069","Cherokee County","Murphy","NC","City, County or Local Government Unit or Department of Transportation","Rural Reporter","7","Bus","MB","DO","1","00037","North Carolina Non-UZA","4,506,122","https://gtfs.transitportal.org/CurrentGTFS/Cherokee%20County_39/Cherokee.zip",,,"true","2026 January 22","2025 October 09"
"41083","City of Glasgow","Glasgow","KY","City, County or Local Government Unit or Department of Transportation","Rural Reporter","2","Bus","MB","DO","2","00021","Kentucky Non-UZA","2,626,585","https://rapid.nationalrtap.org/GTFSFileManagement/UserUploadFiles/11923/glasgow_gtfs.zip",,,"true","2025 November 20","2026 March 05"
"41092","Lowcountry Regional Transportation Authority","Bluffton","SC","Independent Public Agency or Authority of Transit Service","Reduced Reporter","25","Commuter Bus","CB","DO","7","08601","Bluffton East--Hilton Head Island, SC","71,824","https://trackthebreeze.com/gtfs",,,"true","2026 January 22","2025 December 09"
"41092","Lowcountry Regional Transportation Authority","Bluffton","SC","Independent Public Agency or Authority of Transit Service","Reduced Reporter","25","Bus","MB","DO","8","08601","Bluffton East--Hilton Head Island, SC","71,824","https://trackthebreeze.com/gtfs",,,"true","2026 January 22","2025 December 09"
"41102","City of Gatlinburg","Gatlinburg","TN","City, County or Local Government Unit or Department of Transportation","Rural Reporter","6","Bus","MB","DO","6","00047","Tennessee Non-UZA","3,066,916","https://gatlinburg.connexionz.net/rtt/public/resource/gtfs.zip",,,"true","2026 February 19","2026 March 03"
"41115","Transylvania County","Brevard","NC","City, County or Local Government Unit or Department of Transportation","Rural Reporter","7","Bus","MB","DO","1","00037","North Carolina Non-UZA","4,506,122","https://gtfs.transitportal.org/CurrentGTFS/Transylvania%20County_175/Transylvania.zip",,,"true","2026 January 22","2025 October 09"
"41118","Birmingham Regional Paratransit Consortium","Birmingham","AL","Private-Non-Profit Corporation","Reduced Reporter","25","Bus","MB","DO","1","07786","Birmingham, AL","774,956","https://www.clastran.com/_files/archives/866304_1257fc996ab741c69f3afd6a25304e90.zip?dn=2025.02.07%20Columbiana%20Trolley%20GTFS%20Feed%20(latest%20version).zip",,,"true","2026 February 03","2025 April 14"
"41120","City of Frankfort","Frankfort","KY","City, County or Local Government Unit or Department of Transportation","Rural Reporter","25","Bus","MB","DO","5","00021","Kentucky Non-UZA","2,626,585","https://rapid.nationalrtap.org/GTFSFileManagement/UserUploadFiles/7604/GTFS_FrankfortTransit_2024.zip",,,"true","2025 November 20","2024 October 04"
"41127","AppalCart","Boone","NC","Independent Public Agency or Authority of Transit Service","Rural Reporter","41","Bus","MB","DO","29","00037","North Carolina Non-UZA","4,506,122","https://gtfs.transitportal.org/CurrentGTFS/AppalCART_189/AppalCART.zip",,,"true","2026 January 22","2025 October 09"
"41136","City of Pigeon Forge","Pigeon Forge","TN","City, County or Local Government Unit or Department of Transportation","Rural Reporter","18","Bus","MB","DO","17","00047","Tennessee Non-UZA","3,066,916","https://pigeonforge.connexionz.net/rtt/public/resource/gtfs.zip",,,"true","2026 February 19","2026 March 03"
"41153","Big Bend Transit","Tallahassee","FL","Private-Non-Profit Corporation","Rural Reporter","68","Bus","MB","DO","7","00012","Florida Non-UZA","2,423,098","https://ftis.org/FTDE/4R02-41153-BigBendTransit/google_transit.zip",,,"true","2025 December 24","2026 March 02"
"41157","County of Citrus","Inverness","FL","City, County or Local Government Unit or Department of Transportation","Reduced Reporter","19","Bus","MB","DO","5","07472","Beverly Hills--Homosassa Springs--Pine Ridge, FL","96,729","https://www.citruscounty.gov/CCT%20GTFS%2012-4-25.zip",,,"true","2026 April 24","2026 April 24"
"41167","Jackson County","Sylva","NC","City, County or Local Government Unit or Department of Transportation","Rural Reporter","8","Bus","MB","DO","2","00037","North Carolina Non-UZA","4,506,122","https://gtfs.transitportal.org/CurrentGTFS/Jackson%20County_99/JacksonTrolly.zip",,,"true","2026 January 22","2025 December 15"
"41170","Baker Council on Aging","Macclenny","FL","Private-Non-Profit Corporation","Rural Reporter","19","Bus","MB","DO","2","00012","Florida Non-UZA","2,423,098",,,,"true","2026 January 12","2026 March 02"
"41191","Macon County","Franklin","NC","City, County or Local Government Unit or Department of Transportation","Rural Reporter","13","Bus","MB","DO","3","00037","North Carolina Non-UZA","4,506,122","https://gtfs.transitportal.org/CurrentGTFS/Macon%20County_113/MaconCounty.zip",,,"true","2026 January 22","2026 March 02"
"41199","Board of County Commissioners of St. Lucie County","Fort Pierce","FL","City, County or Local Government Unit or Department of Transportation","Full Reporter","60","Bus","MB","PT","14","71479","Port St. Lucie, FL","437,745","https://rapid.nationalrtap.org/GTFSFileManagement/UserUploadFiles/7851/2337GTFS41199.zip",,,"true","2026 February 11","2026 February 10"
"42000","Atlanta-Region Transit Link Authority","Atlanta","GA","State Government Unit or Department of Transportation","Full Reporter","265","Commuter Bus","CB","PT","80","03817","Atlanta, GA","5,100,112","https://gamobility.info/wp-content/uploads/2025/09/google_transit.zip",,,"true","2026 February 23","2026 February 05"
"44913","Eastern Band of Cherokee Indians","Cherokee","NC","Tribe","Reduced Reporter","21","Bus","MB","DO","10","00037","North Carolina Non-UZA","4,506,122","https://rapid.nationalrtap.org/GTFSFileManagement/UserUploadFiles/11723/ecbi_gtfs.zip",,,"true","2026 March 23","2026 March 06"
"44929","City of Fort Lauderdale","Fort Lauderdale","FL","City, County or Local Government Unit or Department of Transportation","Full Reporter","12","Ferryboat","FB","PT","1","56602","Miami--Fort Lauderdale, FL","6,077,522","https://rapid.nationalrtap.org/GTFSFileManagement/UserUploadFiles/11865/watertrolley_ftl_gtfs.zip",,,"true","2026 April 16","2026 April 15"
"44929","City of Fort Lauderdale","Fort Lauderdale","FL","City, County or Local Government Unit or Department of Transportation","Full Reporter","12","Bus","MB","PT","11","56602","Miami--Fort Lauderdale, FL","6,077,522","https://rapid.nationalrtap.org/GTFSFileManagement/UserUploadFiles/11865/CFL_FL_GTFS.zip",,,"true","2026 April 16","2026 March 23"
"44932","City of Tamarac","Tamarac","FL","City, County or Local Government Unit or Department of Transportation","Reduced Reporter","2","Bus","MB","DO","2","56602","Miami--Fort Lauderdale, FL","6,077,522","https://www.tamarac.gov/DocumentCenter/View/14554/Tamarac_FY25_GTFS",,,"true","2026 March 25","2026 March 05"
"44938","Central Florida Regional Planning Council","Bartow","FL","MPO, COG or Other Planning Agency","Rural Reporter","22","Bus","MB","DO","2","00012","Florida Non-UZA","2,423,098",,,,"true","2025 December 24","2026 March 02"
"44941","Municipality of Jayuya","Jayuya","PR","City, County or Local Government Unit or Department of Transportation","Rural Reporter","7","Bus","MB","DO","7","00072","Puerto Rico Non-UZA","463,143","https://rapid.nationalrtap.org/GTFSFileManagement/UserUploadFiles/13334/jayuya_pr_gtfs.zip",,,"false","2026 January 16","2026 April 22"
"44941","Municipality of Jayuya","Jayuya","PR","City, County or Local Government Unit or Department of Transportation","Rural Reporter","7","Bus","MB","DO","7","00072","Puerto Rico Non-UZA","463,143","https://rapid.nationalrtap.org/GTFSFileManagement/UserUploadFiles/13334/jayuya_pr_gtfs.zip",,,"true","2026 January 16","2026 April 22"
"44942","Municipality of Coamo","Coamo","PR","City, County or Local Government Unit or Department of Transportation","Rural Reporter","6","Bus","MB","DO","1","00072","Puerto Rico Non-UZA","463,143","https://rapid.nationalrtap.org/GTFSFileManagement/UserUploadFiles/13334/coama_pr_gtfs.zip",,,"true","2026 January 16","2026 March 03"
"44942","Municipality of Coamo","Coamo","PR","City, County or Local Government Unit or Department of Transportation","Rural Reporter","6","Bus","MB","DO","1","00072","Puerto Rico Non-UZA","463,143","https://rapid.nationalrtap.org/GTFSFileManagement/UserUploadFiles/13334/coama_pr_gtfs.zip",,,"false","2026 January 16","2026 March 03"
"44943","Municipality of Vieques","Vieques","PR","City, County or Local Government Unit or Department of Transportation","Rural Reporter","3","Bus","MB","DO","3","00072","Puerto Rico Non-UZA","463,143","https://rapid.nationalrtap.org/GTFSFileManagement/UserUploadFiles/13334/vieques_pr_gtfs.zip",,,"false","2026 January 16","2026 April 22"
"44943","Municipality of Vieques","Vieques","PR","City, County or Local Government Unit or Department of Transportation","Rural Reporter","3","Bus","MB","DO","3","00072","Puerto Rico Non-UZA","463,143","https://rapid.nationalrtap.org/GTFSFileManagement/UserUploadFiles/13334/vieques_pr_gtfs.zip",,,"true","2026 January 16","2026 April 22"
"44944","City of Scottsville","Scottsville","KY","City, County or Local Government Unit or Department of Transportation","Rural Reporter","2","Bus","MB","DO","2","00021","Kentucky Non-UZA","2,626,585","https://rapid.nationalrtap.org/GTFSFileManagement/UserUploadFiles/11892/SCOT_GTFS.zip",,,"true","2025 November 20","2024 August 08"
"44947","County of Hyde","Swanquarter","NC","City, County or Local Government Unit or Department of Transportation","Rural Reporter","2","Bus","MB","PT","2","00037","North Carolina Non-UZA","4,506,122","https://gtfs.transitportal.org/CurrentGTFS/Ocracoke%20Tram_%208/OcracokeTram.zip",,,"true","2026 March 04","2025 November 21"
"44958","North Carolina Department of Transportation -- Ferry Division","Raleigh","NC","State Government Unit or Department of Transportation","Rural Reporter","17","Ferryboat","FB","PT","17","00037","North Carolina Non-UZA","4,506,122","https://gtfs.transitportal.org/CurrentGTFS/NC%20Ferries_6/NC_Ferry.zip",,,"true","2026 March 04","2025 October 15"
"44976","Municipality of Patillas","Patillas","PR","City, County or Local Government Unit or Department of Transportation","Rural Reporter","8","Bus","MB","DO","8","00072","Puerto Rico Non-UZA","463,143","https://rapid.nationalrtap.org/GTFSFileManagement/UserUploadFiles/13334/patillas_pr_gtfs.zip",,,"false","2026 February 03","2026 April 22"
"44976","Municipality of Patillas","Patillas","PR","City, County or Local Government Unit or Department of Transportation","Rural Reporter","8","Bus","MB","DO","8","00072","Puerto Rico Non-UZA","463,143","https://rapid.nationalrtap.org/GTFSFileManagement/UserUploadFiles/13334/patillas_pr_gtfs.zip",,,"true","2026 February 03","2026 April 22"
"44980","Hendry Co. BOCC","Labelle","FL","City, County or Local Government Unit or Department of Transportation","Rural Reporter","15","Bus","MB","DO","5","00012","Florida Non-UZA","2,423,098",,,,"true","2026 January 12","2026 March 02"
"44984","City of Henderson KY","Henderson","KY","City, County or Local Government Unit or Department of Transportation","Rural Reporter","5","Bus","MB","DO","3","00021","Kentucky Non-UZA","2,626,585","https://rapid.nationalrtap.org/GTFSFileManagement/UserUploadFiles/12032/HART_KY_GTFS.zip",,,"true","2025 November 20","2026 March 05"
"50001","City of Appleton","Appleton","WI","City, County or Local Government Unit or Department of Transportation","Full Reporter","47","Bus","MB","DO","21","02764","Appleton, WI","230,967","https://ridemyvalleytransit.com/gtfs",,,"true","2025 May 01","2024 April 30"
"50001","City of Appleton","Appleton","WI","City, County or Local Government Unit or Department of Transportation","Full Reporter","47","Bus","MB","PT","1","02764","Appleton, WI","230,967","https://ridemyvalleytransit.com/gtfs",,,"true","2025 May 01","2024 April 30"
"50002","City of Green Bay","Green Bay","WI","City, County or Local Government Unit or Department of Transportation","Full Reporter","27","Bus","MB","DO","15","34813","Green Bay, WI","224,156","https://www.greenbaywi.gov/DocumentCenter/View/12124/Transit-Data-March-2026",,,"true",,"2026 April 29"
"50003","City of Kenosha","Kenosha","WI","City, County or Local Government Unit or Department of Transportation","Full Reporter","57","Bus","MB","DO","41","44506","Kenosha, WI","125,865","https://kenoshatransit.com/gtfs",,,"true","2025 May 27","2026 April 24"
"50003","City of Kenosha","Kenosha","WI","City, County or Local Government Unit or Department of Transportation","Full Reporter","57","Streetcar Rail","SR","DO","2","44506","Kenosha, WI","125,865","https://kenoshatransit.com/gtfs",,,"true","2025 June 25","2026 April 24"
"50004","City of La Crosse","La Crosse","WI","City, County or Local Government Unit or Department of Transportation","Full Reporter","26","Bus","MB","DO","16","45910","La Crosse, WI--MN","98,872","https://static.cityoflacrosse.org/mtu/GTFS_Feed_CityofLaCrosse.zip",,,"true","2025 May 22","2026 April 29"
"50005","City of Madison","Madison","WI","City, County or Local Government Unit or Department of Transportation","Full Reporter","162","Bus","MB","DO","103","53200","Madison, WI","450,305","http://transitdata.cityofmadison.com/GTFS/mmt_gtfs.zip",,,"true","2025 July 02","2026 April 23"
"50005","City of Madison","Madison","WI","City, County or Local Government Unit or Department of Transportation","Full Reporter","162","Bus Rapid Transit","RB","DO","29","53200","Madison, WI","450,305","http://transitdata.cityofmadison.com/GTFS/mmt_gtfs.zip",,,"true","2025 July 02","2026 April 23"
"50006","City of Racine, Wisconsin","Racine","WI","City, County or Local Government Unit or Department of Transportation","Full Reporter","39","Commuter Bus","CB","PT","3","73153","Racine, WI","134,877","https://rapid.nationalrtap.org/GTFSFileManagement/UserUploadFiles/13248/KenoshaGTSFile.zip",,,"true","2025 May 07","2026 April 23"
"50006","City of Racine, Wisconsin","Racine","WI","City, County or Local Government Unit or Department of Transportation","Full Reporter","39","Bus","MB","DO","29","73153","Racine, WI","134,877","https://racine.connexionz.net/rtt/public/resource/gtfs.zip",,,"true","2025 May 07","2026 April 23"
"50007","Bay Mills Indian Community","Brimley","MI","Tribe","Reduced Reporter","1","Bus","MB","DO","1","00026","Michigan Non-UZA","3,418,966","https://rapid.nationalrtap.org/GTFSFileManagement/UserUploadFiles/13078/bmic_mi_gtfs.zip",,,"true","2026 January 30","2026 January 27"
"50008","Milwaukee County","Milwaukee","WI","City, County or Local Government Unit or Department of Transportation","Full Reporter","370","Bus","MB","PT","278","57466","Milwaukee, WI","1,306,795","https://kamino.mcts.org/gtfs/google_transit.zip",,,"true","2025 June 03","2026 April 21"
"50009","City of Oshkosh, Wisconsin","Oshkosh","WI","City, County or Local Government Unit or Department of Transportation","Reduced Reporter","18","Bus","MB","DO","10","66160","Oshkosh, WI","76,190","https://data.trilliumtransit.com/gtfs/oshkosh-wi-us/oshkosh-wi-us.zip",,,"true","2026 April 22","2026 January 29"
"50010","METRO Regional Transit Authority","Akron","OH","Independent Public Agency or Authority of Transit Service","Full Reporter","195","Bus","MB","DO","116","00766","Akron, OH","541,879","https://www.yourmetrobus.org/Data/Sites/2/gtfs-data/metro_rta_gtfs.zip",,,"true","2025 May 06","2024 April 12"
"50011","Stark Area Regional Transit Authority","Canton","OH","Independent Public Agency or Authority of Transit Service","Full Reporter","66","Bus","MB","DO","36","13375","Canton, OH","295,319",,"This agency provided the GTFS as a zip file instead of a public weblink, providing justification for why it could not be hosted. Please contact the agency if you need to access this file.",,"true","2025 June 25","2024 April 22"
"50012","Southwest Ohio Regional Transit Authority","Cincinnati","OH","Independent Public Agency or Authority of Transit Service","Full Reporter","314","Bus","MB","DO","254","16885","Cincinnati, OH--KY","1,686,744","https://www.go-metro.com/uploads/GTFS/google_transit_info.zip",,,"true","2025 May 15","2026 April 22"
"50015","The Greater Cleveland Regional Transit Authority","Cleveland","OH","Independent Public Agency or Authority of Transit Service","Full Reporter","409","Heavy Rail","HR","DO","16","17668","Cleveland, OH","1,712,178","https://www.riderta.com/sites/default/files/gtfs/latest/google_transit.zip",,,"true","2025 May 19","2026 April 22"
"50015","The Greater Cleveland Regional Transit Authority","Cleveland","OH","Independent Public Agency or Authority of Transit Service","Full Reporter","409","Light Rail","LR","DO","7","17668","Cleveland, OH","1,712,178","https://www.riderta.com/sites/default/files/gtfs/latest/google_transit.zip",,,"true","2025 May 19","2026 April 22"
"50015","The Greater Cleveland Regional Transit Authority","Cleveland","OH","Independent Public Agency or Authority of Transit Service","Full Reporter","409","Bus","MB","DO","232","17668","Cleveland, OH","1,712,178","https://www.riderta.com/sites/default/files/gtfs/latest/google_transit.zip",,,"true","2025 May 19","2026 April 22"
"50015","The Greater Cleveland Regional Transit Authority","Cleveland","OH","Independent Public Agency or Authority of Transit Service","Full Reporter","409","Bus Rapid Transit","RB","DO","7","17668","Cleveland, OH","1,712,178","https://www.riderta.com/sites/default/files/gtfs/latest/google_transit.zip",,,"true","2025 May 19","2026 April 22"
"50016","Central Ohio Transit Authority","Columbus","OH","Independent Public Agency or Authority of Transit Service","Full Reporter","291","Bus","MB","DO","198","19234","Columbus, OH","1,567,254","https://www.cota.com/data/cota.gtfs.zip",,,"true","2025 May 02","2024 April 17"
"50017","Greater Dayton Regional Transit Authority","Dayton","OH","Independent Public Agency or Authority of Transit Service","Full Reporter","136","Bus","MB","DO","62","22528","Dayton, OH","674,046","http://Proc.greaterdaytonrta.org/gtfs/google_transit.zip",,,"true","2025 June 16","2026 April 22"
"50017","Greater Dayton Regional Transit Authority","Dayton","OH","Independent Public Agency or Authority of Transit Service","Full Reporter","136","Trolleybus","TB","DO","21","22528","Dayton, OH","674,046","http://Proc.greaterdaytonrta.org/gtfs/google_transit.zip",,,"true","2025 June 16","2026 April 22"
"50019","City of Middletown","Middletown","OH","City, County or Local Government Unit or Department of Transportation","Reduced Reporter","6","Bus","MB","DO","4","56926","Middletown, OH","93,608","https://buztrakr.com/gtfs",,,"true","2025 May 12","2026 April 22"
"50020","City of Springfield, Ohio","Springfield","OH","City, County or Local Government Unit or Department of Transportation","Reduced Reporter","28","Bus","MB","PT","13","83980","Springfield, OH","82,369","https://rapid.nationalrtap.org/GTFSFileManagement/UserUploadFiles/11869/SCAT_GTFS.zip",,,"true","2025 May 02","2026 April 30"
"50021","Portage Area Regional Transportation Authority","Kent","OH","Independent Public Agency or Authority of Transit Service","Full Reporter","44","Bus","MB","DO","19","00766","Akron, OH","541,879","https://passio3.com/parta/passioTransit/gtfs/google_transit.zip",,,"true","2025 May 06","2026 April 27"
"50022","Toledo Area Regional Transit Authority","Toledo","OH","Independent Public Agency or Authority of Transit Service","Full Reporter","107","Bus","MB","DO","44","87868","Toledo, OH--MI","497,952","https://s3.amazonaws.com/etatransit.gtfs/tarta.etaspot.net/gtfs.zip",,,"true","2025 April 02","2026 March 20"
"50024","Western Reserve Transit Authority","Youngstown","OH","Independent Public Agency or Authority of Transit Service","Full Reporter","55","Bus","MB","DO","39","97831","Youngstown, OH","320,901","https://www.wrtaonline.com/wp-content/uploads/2026/04/google_transit.zip",,,"true","2026 April 29","2026 April 29"
"50025","Duluth Transit Authority","Duluth","MN","Independent Public Agency or Authority of Transit Service","Full Reporter","55","Bus","MB","DO","46","24850","Duluth, MN--WI","119,411","https://duluthtransit.com/gtf/google_transit.zip",,,"true","2025 June 03","2026 April 30"
"50026","City of Moorhead","Moorhead","MN","City, County or Local Government Unit or Department of Transportation","Full Reporter","11","Bus","MB","PT","8","29089","Fargo, ND--MN","216,214","https://ridematbus.com/gtfs",,,,,"2026 April 29"
"50027","Metro Transit","Minneapolis","MN","Subsidiary Unit of a Transit Agency, Reporting Separately","Full Reporter","632","Commuter Rail","CR","PT","20","57628","Minneapolis--St. Paul, MN","2,914,866","https://svc.metrotransit.org/mtgtfs/gtfs.zip",,,"true","2025 May 28","2024 April 25"
"50027","Metro Transit","Minneapolis","MN","Subsidiary Unit of a Transit Agency, Reporting Separately","Full Reporter","632","Light Rail","LR","DO","66","57628","Minneapolis--St. Paul, MN","2,914,866","https://svc.metrotransit.org/mtgtfs/gtfs.zip",,,"true","2025 May 28","2024 April 25"
"50027","Metro Transit","Minneapolis","MN","Subsidiary Unit of a Transit Agency, Reporting Separately","Full Reporter","632","Bus","MB","DO","536","57628","Minneapolis--St. Paul, MN","2,914,866","https://svc.metrotransit.org/mtgtfs/gtfs.zip",,,"true","2025 May 28","2024 April 25"
"50027","Metro Transit","Minneapolis","MN","Subsidiary Unit of a Transit Agency, Reporting Separately","Full Reporter","632","Bus Rapid Transit","RB","DO","10","57628","Minneapolis--St. Paul, MN","2,914,866","https://svc.metrotransit.org/mtgtfs/gtfs.zip",,,"true",,"2026 April 23"
"50028","St. Cloud Metropolitan Transit Commission","Saint Cloud","MN","Independent Public Agency or Authority of Transit Service","Full Reporter","49","Commuter Bus","CB","DO","2","77338","St. Cloud, MN","117,638","https://ridemetrobus.com/transit/google_transit.zip",,,"true","2025 March 03","2024 January 17"
"50028","St. Cloud Metropolitan Transit Commission","Saint Cloud","MN","Independent Public Agency or Authority of Transit Service","Full Reporter","49","Bus","MB","DO","20","77338","St. Cloud, MN","117,638","https://ridemetrobus.com/transit/google_transit.zip",,,"true","2025 March 03","2026 April 13"
"50029","Bay Metropolitan Transit Authority","Bay City","MI","Independent Public Agency or Authority of Transit Service","Full Reporter","46","Bus","MB","DO","30","05869","Bay City, MI","68,472","https://rapid.nationalrtap.org/GTFSFileManagement/UserUploadFiles/11684/BMTA_GTFS.zip",,,"true","2026 April 06","2026 March 26"
"50030","City of Battle Creek","Battle Creek","MI","City, County or Local Government Unit or Department of Transportation","Reduced Reporter","16","Bus","MB","DO","8","05707","Battle Creek, MI","75,513","https://rapid.nationalrtap.org/GTFSFileManagement/UserUploadFiles/5397/battlecreek_mi_gtfs.zip",,,"true","2026 April 14","2026 April 14"
"50031","Suburban Mobility Authority for Regional Transportation","Detroit","MI","Independent Public Agency or Authority of Transit Service","Full Reporter","265","Bus","MB","DO","147","23824","Detroit, MI","3,776,890","https://apps1.smartbus.org/gtfs/SMART_GTFS.zip",,,"true","2025 December 12","2025 November 24"
"50032","Mass Transportation Authority","Flint","MI","Independent Public Agency or Authority of Transit Service","Full Reporter","230","Commuter Bus","CB","DO","9","29872","Flint, MI","298,964","https://rapid.nationalrtap.org/GTFSFileManagement/UserUploadFiles/5191/google_transit.zip",,,"true","2026 March 30","2025 March 25"
"50032","Mass Transportation Authority","Flint","MI","Independent Public Agency or Authority of Transit Service","Full Reporter","230","Bus","MB","DO","68","29872","Flint, MI","298,964","https://rapid.nationalrtap.org/GTFSFileManagement/UserUploadFiles/5191/google_transit.zip",,,"true","2026 March 30","2024 April 15"
"50033","Interurban Transit Partnership","Grand Rapids","MI","Independent Public Agency or Authority of Transit Service","Full Reporter","177","Bus","MB","DO","105","34300","Grand Rapids, MI","605,666","https://connect.ridetherapid.org/InfoPoint/gtfs-zip.ashx",,,"true","2026 April 28","2026 April 09"
"50033","Interurban Transit Partnership","Grand Rapids","MI","Independent Public Agency or Authority of Transit Service","Full Reporter","177","Bus Rapid Transit","RB","DO","8","34300","Grand Rapids, MI","605,666","https://connect.ridetherapid.org/InfoPoint/gtfs-zip.ashx",,,"true","2026 April 28","2026 April 09"
"50034","City of Jackson Transportation Authority","Jackson","MI","Independent Public Agency or Authority of Transit Service","Full Reporter","19","Bus","MB","DO","9","42157","Jackson, MI","84,307","https://mijata.org/wp-content/uploads/2025/03/GTFS-Data-2025_Final.zip",,,"true","2026 April 02","2026 March 31"
"50035","Central County Transportation Authority","Kalamazoo","MI","Independent Public Agency or Authority of Transit Service","Full Reporter","79","Bus","MB","DO","29","43723","Kalamazoo, MI","204,562","https://trackmybus.kmetro.org/InfoPoint/gtfs-zip.ashx",,,"true","2026 March 06","2026 February 13"
"50036","Capital Area Transportation Authority","Lansing","MI","Independent Public Agency or Authority of Transit Service","Full Reporter","184","Bus","MB","DO","90","47719","Lansing, MI","318,300","https://rapid.nationalrtap.org/GTFSFileManagement/UserUploadFiles/13088/google_transit.zip",,,"true","2026 March 18","2025 January 13"
"50037","County of Muskegon","Muskegon","MI","City, County or Local Government Unit or Department of Transportation","Reduced Reporter","18","Bus","MB","DO","9","60841","Muskegon--Norton Shores, MI","166,414","https://muskegon.connexionz.net/rtt/public/resource/gtfs.zip",,,"true","2026 March 04","2026 February 21"
"50038","City of Niles","Niles","MI","City, County or Local Government Unit or Department of Transportation","Reduced Reporter","8","Bus","MB","DO","1","83116","South Bend, IN--MI","278,921","https://gtfs.macog.com/NilesDialARide/google_transit.zip",,,"true","2026 March 10","2026 January 30"
"50039","Saginaw Transit Authority Regional Service","Saginaw","MI","Independent Public Agency or Authority of Transit Service","Full Reporter","47","Bus","MB","DO","21","77149","Saginaw, MI","116,058","https://saginaw-stars.com/stars_4_29.zip",,,"true","2026 April 21","2026 April 09"
"50040","Ann Arbor Area Transportation Authority","Ann Arbor","MI","Independent Public Agency or Authority of Transit Service","Full Reporter","243","Bus","MB","DO","81","02602","Ann Arbor, MI","317,689","https://www.theride.org/sites/default/files/google/google_transit.zip",,,"true","2026 April 07","2026 April 27"
"50042","City of East Chicago","East Chicago","IN","City, County or Local Government Unit or Department of Transportation","Reduced Reporter","3","Bus","MB","DO","2","16264","Chicago, IL--IN","8,671,746","https://rapid.nationalrtap.org/GTFSFileManagement/UserUploadFiles/12052/EastChicagoTransitGTFS.zip",,,"true","2026 April 16","2026 March 23"
"50043","City of Evansville","Evansville","IN","City, County or Local Government Unit or Department of Transportation","Full Reporter","33","Bus","MB","DO","17","28333","Evansville, IN","206,855","https://metsmyride.evansville.in.gov/gtfs/google_transit.zip",,,"true","2025 April 30","2026 April 22"
"50044","Fort Wayne Public Transportation Corporation","Fort Wayne","IN","Independent Public Agency or Authority of Transit Service","Full Reporter","56","Bus","MB","DO","25","31087","Fort Wayne, IN","335,934","https://gtfs.remix.com/citilink_fortwayne_in_us.zip",,,"true","2025 May 06","2026 March 03"
"50045","Gary Public Transportation Corporation","Gary","IN","Independent Public Agency or Authority of Transit Service","Full Reporter","20","Bus","MB","DO","16","16264","Chicago, IL--IN","8,671,746","https://gptc-gtfs.s3.us-east-2.amazonaws.com/gptc_gtfs.zip",,,,"2025 June 24","2026 April 21"
"50047","Bloomington-Normal Public Transit System","Normal","IL","Independent Public Agency or Authority of Transit Service","Full Reporter","47","Bus","MB","DO","22","08407","Bloomington--Normal, IL","134,100","https://rideconnecttransit.com/gtfs",,,"true","2025 November 20","2025 November 07"
"50050","Indianapolis and Marion County Public Transportation","Indianapolis","IN","Independent Public Agency or Authority of Transit Service","Full Reporter","207","Bus","MB","DO","106","41212","Indianapolis, IN","1,699,881","https://realtime.indygo.net/InfoPoint/gtfs-zip.ashx",,,"true","2025 July 03","2026 April 21"
"50050","Indianapolis and Marion County Public Transportation","Indianapolis","IN","Independent Public Agency or Authority of Transit Service","Full Reporter","207","Bus Rapid Transit","RB","DO","27","41212","Indianapolis, IN","1,699,881","https://realtime.indygo.net/InfoPoint/gtfs-zip.ashx",,,"true","2025 July 03","2026 April 29"
"50051","Greater Lafayette Public Transportation Corporation","Lafayette","IN","Independent Public Agency or Authority of Transit Service","Full Reporter","54","Bus","MB","DO","41","46018","Lafayette, IN","157,100","https://bus.gocitybus.com/GTFSRT/citybus-lafayette-in-us.zip",,,"true","2025 May 09","2024 May 21"
"50052","South Bend Public Transportation Corporation","South Bend","IN","Independent Public Agency or Authority of Transit Service","Full Reporter","60","Bus","MB","DO","42","83116","South Bend, IN--MI","278,921","http://macog.com/google/transpo/google_transit.zip",,,"true","2025 April 18","2026 April 21"
"50053","City of Terre Haute","Terre Haute","IN","City, County or Local Government Unit or Department of Transportation","Full Reporter","10","Bus","MB","DO","8","87139","Terre Haute, IN","79,862","https://rapid.nationalrtap.org/GTFSFileManagement/UserUploadFiles/13594/terrehaute_in_gtfs.zip",,,"true","2026 April 27","2026 April 23"
"50054","Muncie Indiana Transit System","Muncie","IN","Independent Public Agency or Authority of Transit Service","Full Reporter","36","Bus","MB","DO","27","60625","Muncie, IN","84,382","https://www.mitsbus.org/wp-content/uploads/2026/04/MITS2026GTFS.zip",,,"true","2026 April 22","2026 April 28"
"50056","Greater Peoria Mass Transit District","Peoria","IL","Independent Public Agency or Authority of Transit Service","Full Reporter","72","Bus","MB","DO","39","68509","Peoria, IL","259,781","https://www.ridecitylink.org/wp-content/uploads/ridecitylink-il-us.zip",,,"true","2026 April 09","2026 April 09"
"50057","Rock Island County Metropolitan Mass Transit District","Moline","IL","Independent Public Agency or Authority of Transit Service","Full Reporter","63","Ferryboat","FB","PT","3","22366","Davenport, IA--IL","285,211","https://www.metroqc.com/DocumentCenter/View/404/google_transit",,,"true","2026 February 12","2026 March 03"
"50057","Rock Island County Metropolitan Mass Transit District","Moline","IL","Independent Public Agency or Authority of Transit Service","Full Reporter","63","Bus","MB","DO","47","22366","Davenport, IA--IL","285,211","https://www.metroqc.com/DocumentCenter/View/404/google_transit",,,"true","2026 February 12","2026 March 03"
"50058","Rockford Mass Transit District","Rockford","IL","Independent Public Agency or Authority of Transit Service","Full Reporter","61","Bus","MB","DO","29","75718","Rockford, IL","276,443","https://rmtd.org/rmtdgtfs/GTFS_FILES.zip",,,"true","2026 March 16","2026 February 26"
"50059","Springfield Mass Transit District","Springfield","IL","Independent Public Agency or Authority of Transit Service","Full Reporter","69","Bus","MB","DO","48","83899","Springfield, IL","159,265",,"This agency provided the GTFS as a zip file instead of a public weblink, providing justification for why it could not be hosted. Please contact the agency if you need to access this file.",,"true","2026 January 26","2026 January 12"
"50060","Champaign-Urbana Mass Transit District","Urbana","IL","Independent Public Agency or Authority of Transit Service","Full Reporter","121","Bus","MB","DO","103","15211","Champaign, IL","147,452","https://developer.mtd.org/gtfs/google_transit.zip",,,"true","2026 February 27","2026 February 27"
"50061","City of Decatur, Il","Decatur","IL","City, County or Local Government Unit or Department of Transportation","Full Reporter","40","Bus","MB","PT","22","22717","Decatur, IL","86,287","https://gtfs.remix.com/dpts_decatur_il_us.zip",,,"true","2026 April 27","2026 April 27"
"50066","Chicago Transit Authority","Chicago","IL","Independent Public Agency or Authority of Transit Service","Full Reporter","2,575","Heavy Rail","HR","DO","1,011","16264","Chicago, IL--IN","8,671,746","https://www.transitchicago.com/downloads/sch_data/google_transit.zip",,,"true","2025 May 19","2026 April 22"
"50066","Chicago Transit Authority","Chicago","IL","Independent Public Agency or Authority of Transit Service","Full Reporter","2,575","Bus","MB","DO","1,564","16264","Chicago, IL--IN","8,671,746","https://www.transitchicago.com/downloads/sch_data/google_transit.zip",,,"true","2025 May 19","2026 April 22"
"50088","City of Sheboygan","Sheboygan","WI","City, County or Local Government Unit or Department of Transportation","Reduced Reporter","20","Bus","MB","DO","15","81118","Sheboygan, WI","74,369","https://data.trilliumtransit.com/gtfs/sheboygan-wi-us/sheboygan-wi-us.zip",,,"true","2026 April 20","2026 January 30"
"50090","Richland County Transit","Mansfield","OH","Independent Public Agency or Authority of Transit Service","Reduced Reporter","12","Bus","MB","PT","7","54091","Mansfield, OH","73,545","https://www.rcrpc.org/_files/archives/4d4050_9a351a66288a4d669aa32606b88be094.zip?dn=GTFS2026.zip",,,"true","2025 May 15","2026 April 29"
"50091","City of Wausau, Wisconsin","Wausau","WI","City, County or Local Government Unit or Department of Transportation","Reduced Reporter","23","Bus","MB","DO","20","93025","Wausau, WI","77,429","https://data.trilliumtransit.com/gtfs/wausau-wi-us/wausau-wi-us.zip",,,"true","2025 May 05","2026 April 21"
"50092","City of Rochester, Minnesota","Rochester","MN","City, County or Local Government Unit or Department of Transportation","Full Reporter","57","Bus","MB","PT","43","75637","Rochester, MN","121,587","https://gtfs.rpt.cadavl.com/RPT/GTFS/GTFS_RPT.zip",,,"true","2026 April 15","2026 April 23"
"50093","Lima Allen County Regional Transit Authority","Lima","OH","Independent Public Agency or Authority of Transit Service","Reduced Reporter","17","Bus","MB","DO","9","49852","Lima, OH","68,630","https://www.acrta.com/wp-content/uploads/2024/05/acrta_gtfs.zip",,,"true","2025 May 01","2024 May 23"
"50093","Lima Allen County Regional Transit Authority","Lima","OH","Independent Public Agency or Authority of Transit Service","Reduced Reporter","17","Bus","MB","DO","9","49852","Lima, OH","68,630","https://acrta.com/gtfs-feed/",,,"true",,"2026 April 30"
"50095","Lorain County","Elyria","OH","City, County or Local Government Unit or Department of Transportation","Reduced Reporter","26","Bus","MB","PT","4","51364","Lorain--Elyria, OH","199,067","https://gtfs.remix.com/Lorain_County_Transit_US.zip",,,"true","2025 May 08","2024 December 17"
"50096","City of Waukesha","Waukesha","WI","City, County or Local Government Unit or Department of Transportation","Full Reporter","25","Bus","MB","DO","15","57466","Milwaukee, WI","1,306,795","https://mywaukeshametro.com/gtfs",,,"true","2025 June 02","2026 April 30"
"50098","City of Michigan","Michigan City","IN","City, County or Local Government Unit or Department of Transportation","Reduced Reporter","7","Commuter Bus","CB","DO","1","56656","Michigan City--La Porte, IN--MI","71,367","https://rapid.nationalrtap.org/GTFSFileManagement/UserUploadFiles/12037/GTFS_MCT_all.zip",,,"true","2025 May 05","2024 October 31"
"50098","City of Michigan","Michigan City","IN","City, County or Local Government Unit or Department of Transportation","Reduced Reporter","7","Bus","MB","DO","4","56656","Michigan City--La Porte, IN--MI","71,367","https://rapid.nationalrtap.org/GTFSFileManagement/UserUploadFiles/12037/GTFS_MCT_all.zip",,,"true","2025 May 05","2024 October 31"
"50099","City of Eau Claire","Eau Claire","WI","City, County or Local Government Unit or Department of Transportation","Full Reporter","37","Bus","MB","DO","15","26038","Eau Claire, WI","105,475","https://gtfs.ect.cadavl.com/ECT/GTFS/GTFS_ECT.zip",,,"true","2025 June 18","2026 April 27"
"50104","Northern Indiana Commuter Transportation District","Chesterton","IN","Independent Public Agency or Authority of Transit Service","Full Reporter","70","Commuter Rail","CR","DO","70","16264","Chicago, IL--IN","8,671,746","https://www.mysouthshoreline.com/google/google_transit.zip",,,"true","2025 June 17","2025 June 17"
"50108","City of Janesville","Janesville","WI","City, County or Local Government Unit or Department of Transportation","Reduced Reporter","17","Bus","MB","DO","15","42562","Janesville, WI","72,285","https://data.trilliumtransit.com/gtfs/jts-wi-us/jts-wi-us.zip",,,"true","2026 April 16","2026 April 09"
"50109","City of Beloit","Beloit","WI","City, County or Local Government Unit or Department of Transportation","Reduced Reporter","0","Bus","MB","DO","0","06760","Beloit, WI--IL","63,073","https://rapid.nationalrtap.org/GTFSFileManagement/UserUploadFiles/13178/beloittransit-wi-us10-2022.zip",,,,"2025 June 30","2025 June 30"
"50110","Bloomington Public Transportation Corporation","Bloomington","IN","Independent Public Agency or Authority of Transit Service","Full Reporter","45","Bus","MB","DO","27","08380","Bloomington, IN","110,103","https://s3.amazonaws.com/etatransit.gtfs/bloomingtontransit.etaspot.net/gtfs.zip",,,"true","2026 April 20","2026 February 04"
"50113","Pace, the Suburban Bus Division of the Regional Transportation Authority","Arlington Heights","IL","Independent Public Agency or Authority of Transit Service","Full Reporter","972","Bus","MB","DO","503","16264","Chicago, IL--IN","8,671,746","https://www.pacebus.com/gtfsdownload",,,"true","2025 May 23","2026 April 21"
"50113","Pace, the Suburban Bus Division of the Regional Transportation Authority","Arlington Heights","IL","Independent Public Agency or Authority of Transit Service","Full Reporter","972","Bus","MB","PT","27","16264","Chicago, IL--IN","8,671,746","https://www.pacebus.com/gtfsdownload",,,"true","2025 May 23","2026 April 21"
"50117","Laketran","Painesville","OH","Independent Public Agency or Authority of Transit Service","Full Reporter","118","Commuter Bus","CB","DO","14","17668","Cleveland, OH","1,712,178","https://rapid.nationalrtap.org/GTFSFileManagement/UserUploadFiles/14786/Laketran_oh_gtfs.zip",,,"true","2025 June 13","2026 April 27"
"50117","Laketran","Painesville","OH","Independent Public Agency or Authority of Transit Service","Full Reporter","118","Bus","MB","DO","19","17668","Cleveland, OH","1,712,178","https://rapid.nationalrtap.org/GTFSFileManagement/UserUploadFiles/14786/Laketran_oh_gtfs.zip",,,"true","2025 June 13","2026 April 27"
"50118","Northeast Illinois Regional Commuter Railroad Corporation","Chicago","IL","Independent Public Agency or Authority of Transit Service","Full Reporter","964","Commuter Rail","CR","DO","799","16264","Chicago, IL--IN","8,671,746","https://schedules.metrarail.com/gtfs/schedule.zip",,,"true","2025 May 21","2026 April 21"
"50118","Northeast Illinois Regional Commuter Railroad Corporation","Chicago","IL","Independent Public Agency or Authority of Transit Service","Full Reporter","964","Commuter Rail","CR","PT","165","16264","Chicago, IL--IN","8,671,746","https://schedules.metrarail.com/gtfs/schedule.zip",,,"true","2025 May 21","2026 April 21"
"50119","City of Detroit","Detroit","MI","City, County or Local Government Unit or Department of Transportation","Full Reporter","292","Bus","MB","DO","200","23824","Detroit, MI","3,776,890","https://www.detroitmi.gov/Portals/0/docs/deptoftransportation/pdfs/ddot_gtfs.zip",,,"true","2026 January 13","2025 December 15"
"50132","Twin Cities Area Transportation Authority","Benton Harbor","MI","Independent Public Agency or Authority of Transit Service","Reduced Reporter","17","Bus","MB","DO","3","07138","Benton Harbor--Lincoln--St. Joseph, MI","61,888","https://rapid.nationalrtap.org/GTFSFileManagement/UserUploadFiles/13299/GTFS_TCATA.zip",,,"true","2026 April 21","2026 February 27"
"50141","Detroit Transportation Corporation","Detroit","MI","Independent Public Agency or Authority of Transit Service","Full Reporter","8","Monorail/Automated Guideway","MG","DO","8","23824","Detroit, MI","3,776,890","https://hosted-gtfs-feeds.s3.us-east-1.amazonaws.com/DPM/gtfs.zip",,,"true","2026 April 01","2026 April 28"
"50142","Steel Valley Regional Transit Authority","Steubenville","OH","Independent Public Agency or Authority of Transit Service","Reduced Reporter","11","Bus","MB","DO","10","84859","Steubenville--Weirton, OH--WV--PA","64,981","https://svrta.com/wp-content/uploads/2025/12/svrta-steubenville-oh-us-2.zip",,,"true","2025 May 14","2026 April 29"
"50145","City of Kokomo","Kokomo","IN","City, County or Local Government Unit or Department of Transportation","Full Reporter","30","Bus","MB","DO","5","45694","Kokomo, IN","62,576","https://rapid.nationalrtap.org/GTFSFileManagement/UserUploadFiles/11767/CityofKokomo_Transit.zip",,,"true","2026 April 08","2024 April 17"
"50146","Madison County Transit District","Pontoon Beach","IL","Independent Public Agency or Authority of Transit Service","Full Reporter","115","Bus","MB","PT","67","77770","St. Louis, MO--IL","2,156,323","https://nextmctbus.org/gtfs",,,"true","2026 February 05","2026 March 09"
"50148","Blue Water Area Transportation Commission","Port Huron","MI","Independent Public Agency or Authority of Transit Service","Full Reporter","224","Commuter Bus","CB","DO","3","71155","Port Huron, MI","82,226","https://gtfs.remix.com/bwat_porthuron_mi_us.zip",,,"true","2026 April 28","2026 March 31"
"50148","Blue Water Area Transportation Commission","Port Huron","MI","Independent Public Agency or Authority of Transit Service","Full Reporter","224","Bus","MB","DO","9","71155","Port Huron, MI","82,226","https://gtfs.remix.com/bwat_porthuron_mi_us.zip",,,"true","2026 April 28","2026 March 31"
"50149","Michiana Area Council of Governments","South Bend","IN","MPO, COG or Other Planning Agency","Full Reporter","29","Bus","MB","PT","9","26794","Elkhart, IN--MI","148,199","http://gtfs.macog.com/google_transit.zip",,,"true",,"2026 January 05"
"50149","Michiana Area Council of Governments","South Bend","IN","MPO, COG or Other Planning Agency","Full Reporter","29","Bus","MB","PT","9","26794","Elkhart, IN--MI","148,199","https://macog.com/google/google_transit.zip",,,"true","2025 May 07","2024 May 16"
"50149","Michiana Area Council of Governments","South Bend","IN","MPO, COG or Other Planning Agency","Full Reporter","29","Bus","MB","PT","9","26794","Elkhart, IN--MI","148,199","http://gtfs.macog.com/InterurbanTrolley/google_transit.zip",,,"true",,"2026 January 05"
"50154","Metropolitan Council","Saint Paul","MN","City, County or Local Government Unit or Department of Transportation","Full Reporter","711","Bus","MB","PT","73","57628","Minneapolis--St. Paul, MN","2,914,866","https://svc.metrotransit.org/mtgtfs/gtfs.zip",,,"true","2025 May 07","2024 April 25"
"50157","Butler County Regional Transit Authority","Hamilton","OH","Independent Public Agency or Authority of Transit Service","Full Reporter","49","Commuter Bus","CB","DO","4","16885","Cincinnati, OH--KY","1,686,744","https://buztrakr.com/gtfs",,,"true","2025 June 02","2026 April 23"
"50157","Butler County Regional Transit Authority","Hamilton","OH","Independent Public Agency or Authority of Transit Service","Full Reporter","49","Bus","MB","DO","20","16885","Cincinnati, OH--KY","1,686,744","https://buztrakr.com/gtfs",,,"true","2025 May 27","2026 April 29"
"50158","University of Michigan Parking and Transportation Services","Ann Arbor","MI","University","Full Reporter","46","Bus","MB","DO","46","02602","Ann Arbor, MI","317,689","https://webapps.fo.umich.edu/transit_uploads/google_transit.zip",,,"true","2025 December 02","2026 February 27"
"50159","River Valley Metro Mass Transit District","Bourbonnais","IL","City, County or Local Government Unit or Department of Transportation","Full Reporter","19","Commuter Bus","CB","PT","2","43885","Kankakee, IL","66,530","https://rapid.nationalrtap.org/GTFSFileManagement/UserUploadFiles/13076/Transit.zip",,,"true","2026 March 05","2026 March 02"
"50159","River Valley Metro Mass Transit District","Bourbonnais","IL","City, County or Local Government Unit or Department of Transportation","Full Reporter","19","Bus","MB","PT","14","43885","Kankakee, IL","66,530","https://rapid.nationalrtap.org/GTFSFileManagement/UserUploadFiles/13076/Transit.zip",,,"true","2026 March 05","2026 March 02"
"50163","Licking County, Ohio","Newark","OH","City, County or Local Government Unit or Department of Transportation","Full Reporter","34","Bus","MB","DO","6","61705","Newark, OH","81,223","https://transit.lickingcounty.gov/api/exports/gtfs",,,"true","2025 May 08","2024 May 16"
"50166","Clermont County, Ohio","Batavia","OH","City, County or Local Government Unit or Department of Transportation","Full Reporter","34","Bus","MB","DO","6","16885","Cincinnati, OH--KY","1,686,744","https://ctc.clermontcountyohio.gov/wp-content/uploads/sites/35/2025/06/CTC.zip",,,"true","2025 June 17","2026 April 21"
"50171","Fond du Lac, Wisconsin","Fond Du Lac","WI","City, County or Local Government Unit or Department of Transportation","Reduced Reporter","22","Bus","MB","DO","7","30223","Fond du Lac, WI","54,731","https://raw.githubusercontent.com/FDLAT/gtfs/main/gtfs.zip.zip",,,"true","2026 April 02","2026 April 01"
"50171","Fond du Lac, Wisconsin","Fond Du Lac","WI","City, County or Local Government Unit or Department of Transportation","Reduced Reporter","22","Bus","MB","PT","1","30223","Fond du Lac, WI","54,731","https://raw.githubusercontent.com/FDLAT/gtfs/main/gtfs.zip.zip",,,"true","2026 April 02","2026 April 01"
"50174","City of Danville","Danville","IL","City, County or Local Government Unit or Department of Transportation","Reduced Reporter","12","Bus","MB","DO","10","15211","Champaign, IL","147,452","https://jhbbjhc.r.tsp1-brevo.net/tr/cl/IZAyb-NdI09SSSsI-c9q-yJOV0BWwvRetMbMDNBsQemqBEj2l-Z99wHkvbjXcznuj5-aQGQJ5qUMw8M72BrF8kql8HcFv1aPL-nKlLjbQaWH6YGMjQcPriioTsbl8BOHF3agwGZI0n4H56y4n0TOd9VzICSJNqbqPhepR5pHwTgyevGE4jPcoqab-fD1-vi5U6_zXwOHm0ALLAAVpgHV5sqMCnHzns_VUxC3ZRkDiOpbO4epuyANpJqCcdLE05QZgKk4lKZFGefgpN4nK2Wg68XRwQhqhnKYhk_ZZmjBxUY_vso0PemE0ICaO9SEx3Av_k2PMgShq0NTFhnPjelsVHZl2gn4M-R87bd37is",,,"true","2026 February 04","2026 January 29"
"50176","City of DeKalb","Dekalb","IL","City, County or Local Government Unit or Department of Transportation","Full Reporter","33","Bus","MB","PT","19","22960","DeKalb, IL","64,736","https://cityofdekalb.com/DocumentCenter/View/20120/cityofdekalb-il-us",,,"true","2026 January 09","2025 December 01"
"50177","City of Columbus","Columbus","IN","City, County or Local Government Unit or Department of Transportation","Reduced Reporter","11","Bus","MB","DO","5","19126","Columbus, IN","60,982","https://columbusindianatransit.com/gtfs",,,"true","2026 April 02","2026 March 26"
"50183","City of Valparaiso","Valparaiso","IN","City, County or Local Government Unit or Department of Transportation","Reduced Reporter","9","Commuter Bus","CB","PT","5","90095","Valparaiso--Shorewood Forest, IN","51,867","https://data.trilliumtransit.com/gtfs/valpotransit-chi-us/valpotransit-chi-us.zip",,,"true","2025 February 07","2026 February 06"
"50183","City of Valparaiso","Valparaiso","IN","City, County or Local Government Unit or Department of Transportation","Reduced Reporter","9","Bus","MB","PT","4","90095","Valparaiso--Shorewood Forest, IN","51,867","https://data.trilliumtransit.com/gtfs/valpotransit-chi-us/valpotransit-chi-us.zip",,,"true","2025 February 07","2026 February 06"
"50184","Macatawa Area Express Transportation Authority","Holland","MI","Independent Public Agency or Authority of Transit Service","Full Reporter","23","Bus","MB","DO","8","39430","Holland, MI","107,034","https://catchamax.org/wp-content/maxgtfs/MAXGTFS.zip",,,"true","2026 January 23","2026 January 16"
"50186","Lawrence County Port Authority","Ironton","OH","Independent Public Agency or Authority of Transit Service","Reduced Reporter","0","Bus","MB","PT","0","40753","Huntington, WV--KY--OH","200,157","http://www.ilcao.org/wp-content/uploads/2024/06/LCTFeed.zip",,,,"2025 May 12","2024 June 10"
"50196","Harbor Transit Multi-Modal Transportation System","Grand Haven","MI","Independent Public Agency or Authority of Transit Service","Reduced Reporter","27","Bus","MB","DO","2","60841","Muskegon--Norton Shores, MI","166,414","https://gtfs.remix.com/harbor_transit_us.zip",,,"true","2026 March 05","2026 April 21"
"50204","Jackson County Mass Transit District","Carbondale","IL","Independent Public Agency or Authority of Transit Service","Rural Reporter","21","Bus","MB","DO","21","00017","Illinois Non-UZA","2,638,201","https://passio3.com/JCMTD/passioTransit/gtfs/google_transit.zip",,,"true","2026 April 08","2026 April 01"
"50205","City of Mankato","Mankato","MN","City, County or Local Government Unit or Department of Transportation","Reduced Reporter","18","Bus","MB","DO","10","53983","Mankato, MN","60,206","https://content.mankatomn.gov/transit/google_transit.zip",,,"true",,"2026 April 24"
"50209","Central Indiana Regional Transportation Authority","Indianapolis","IN","Independent Public Agency or Authority of Transit Service","Full Reporter","16","Bus","MB","PT","2","41212","Indianapolis, IN","1,699,881","https://rapid.nationalrtap.org/GTFSFileManagement/UserUploadFiles/11596/CIRTA_GTFS.zip",,,"true","2025 May 07","2026 April 29"
"50211","Rides Mass Transit District","Harrisburg","IL","Independent Public Agency or Authority of Transit Service","Rural Reporter","113","Bus","MB","DO","4","00017","Illinois Non-UZA","2,638,201","https://rapid.nationalrtap.org/GTFSFileManagement/UserUploadFiles/13041/google_transit.zip",,,"true","2026 January 27","2025 December 16"
"50226","Dunn County Transit Commission","Menomonie","WI","Independent Public Agency or Authority of Transit Service","Rural Reporter","4","Bus","MB","DO","2","00055","Wisconsin Non-UZA","2,782,206","https://rapid.nationalrtap.org/GTFSFileManagement/UserUploadFiles/13162/DunnCountygtfsfinal.zip",,,"true","2026 March 05","2026 February 09"
"50232","City of Macomb","Macomb","IL","City, County or Local Government Unit or Department of Transportation","Rural Reporter","16","Bus","MB","DO","8","00017","Illinois Non-UZA","2,638,201","https://api.transloc.com/gtfs/wiu.zip",,,"true","2026 January 27","2025 December 19"
"50241","Eastern Upper Peninsula Transportation Authority","Sault Sainte Marie","MI","Independent Public Agency or Authority of Transit Service","Rural Reporter","12","Ferryboat","FB","DO","3","00026","Michigan Non-UZA","3,418,966","https://rapid.nationalrtap.org/GTFSFileManagement/UserUploadFiles/13125/eupta_mi_gtfs.zip",,,"true","2026 March 17","2026 March 11"
"50241","Eastern Upper Peninsula Transportation Authority","Sault Sainte Marie","MI","Independent Public Agency or Authority of Transit Service","Rural Reporter","12","Bus","MB","DO","6","00026","Michigan Non-UZA","3,418,966","https://rapid.nationalrtap.org/GTFSFileManagement/UserUploadFiles/13125/eupta_mi_gtfs.zip",,,"true","2026 March 17","2026 March 11"
"50244","Isabella County Transportation Commission","Mt. Pleasant","MI","Independent Public Agency or Authority of Transit Service","Rural Reporter","38","Bus","MB","DO","5","00026","Michigan Non-UZA","3,418,966","https://rapid.nationalrtap.org/GTFSFileManagement/UserUploadFiles/11499/ICTC_MI_GTFS.zip",,,"true","2025 February 23","2026 April 08"
"50249","City of Richmond","Richmond","IN","City, County or Local Government Unit or Department of Transportation","Rural Reporter","8","Bus","MB","DO","5","00018","Indiana Non-UZA","2,718,298","https://rapid.nationalrtap.org/GTFSFileManagement/UserUploadFiles/11554/rvt_gtfs.zip",,,"true","2025 April 23","2026 April 20"
"50256","Access Johnson County","Franklin","IN","Private-Non-Profit Corporation","Reduced Reporter","16","Bus","MB","DO","6","41212","Indianapolis, IN","1,699,881","https://rapid.nationalrtap.org/GTFSFileManagement/UserUploadFiles/11596/CIRTA_GTFS.zip",,,"true","2025 April 25","2024 May 20"
"50256","Access Johnson County","Franklin","IN","Private-Non-Profit Corporation","Reduced Reporter","16","Bus","MB","DO","6","41212","Indianapolis, IN","1,699,881",,"This agency provided the GTFS as a zip file instead of a public weblink, providing justification for why it could not be hosted. Please contact the agency if you need to access this file.",,"true",,"2026 April 30"
"50258","City of Quincy","Quincy","IL","City, County or Local Government Unit or Department of Transportation","Rural Reporter","18","Bus","MB","DO","8","00017","Illinois Non-UZA","2,638,201","https://rapid.nationalrtap.org/GTFSFileManagement/UserUploadFiles/13050/qtl_il_gtf.zip",,,"true","2026 April 08","2026 April 01"
"50269","Champaign County","Urbana","IL","City, County or Local Government Unit or Department of Transportation","Rural Reporter","12","Bus","MB","PT","6","00017","Illinois Non-UZA","2,638,201","https://c-carts.com/api/gtfs",,,"true","2026 April 08","2026 April 01"
"50275","Knox Area Transit","Mount Vernon","OH","City, County or Local Government Unit or Department of Transportation","Rural Reporter","25","Bus","MB","DO","5","00039","Ohio Non-UZA","4,126,404","https://knoxcountytransit.com/content/uploads/2026/02/kct-gtfs.zip",,,"true","2025 May 07","2026 April 27"
"50276","Four Rivers Resource Services","Boonville","IN","Private-Non-Profit Corporation","Rural Reporter","47","Bus","MB","DO","3","00018","Indiana Non-UZA","2,718,298","https://ridesolution.org/wp-content/uploads/2024/04/Ride_Solution-WATSGTFSFeed.zip",,,"true","2025 April 28","2026 April 20"
"50278","Athens Transit","Glouster","OH","Private-Non-Profit Corporation","Rural Reporter","16","Bus","MB","DO","7","00039","Ohio Non-UZA","4,126,404","https://hapcap.org/wp-content/uploads/2025/03/GTFS.zip",,,"true","2025 June 24","2026 April 27"
"50281","Cass County Transportation","Logansport","IN","Private-Non-Profit Corporation","Rural Reporter","17","Bus","MB","DO","2","00018","Indiana Non-UZA","2,718,298","https://www.casstransit.com/feeds/GTFS/CassGTFSFeed.zip",,,"true","2025 April 23","2026 April 20"
"50282","Kalkaska Public Transit Authority","Kalkaska","MI","Independent Public Agency or Authority of Transit Service","Rural Reporter","18","Bus","MB","DO","6","00026","Michigan Non-UZA","3,418,966","https://kalkaskatransit.com/list-of-services",,,"true","2025 February 23","2026 April 10"
"50295","Rusk County Transit Commission","Ladysmith","WI","Independent Public Agency or Authority of Transit Service","Rural Reporter","18","Bus","MB","DO","6","00055","Wisconsin Non-UZA","2,782,206","https://rapid.nationalrtap.org/GTFSFileManagement/UserUploadFiles/13162/RCTCGTFSfeedfinal.zip",,,"true","2026 March 05","2026 April 21"
"50308","Area 10 Council on Aging of Monroe County","Ellettsville","IN","Area Agency on Aging","Rural Reporter","12","Bus","MB","DO","1","00018","Indiana Non-UZA","2,718,298","https://area10agency.org/wp-content/uploads/2024/01/Area10RTGTFS.zip",,,"true","2025 April 23","2026 April 20"
"50315","Shawnee Mass Transit District","Vienna","IL","Independent Public Agency or Authority of Transit Service","Rural Reporter","45","Bus","MB","DO","39","00017","Illinois Non-UZA","2,638,201","https://shawneemtd.com/wp-content/uploads/SMTD-GTFS.zip",,,"true","2026 April 08","2026 April 01"
"50327","South Central Illinois Mass Transit District","Centralia","IL","Independent Public Agency or Authority of Transit Service","Rural Reporter","112","Bus","MB","DO","18","00017","Illinois Non-UZA","2,638,201","https://rapid.nationalrtap.org/GTFSFileManagement/UserUploadFiles/11388/SCT-GTFS.zip",,,"true","2026 January 27","2025 December 11"
"50334","Prairie Five CAC, Inc.","Montevideo","MN","Private-Non-Profit Corporation","Rural Reporter","34","Bus","MB","DO","1","00027","Minnesota Non-UZA","2,336,986","https://hub-mndot-prod.camsys-apps.com/static/v1/gtfs/prairiefive-mn-us/prairie_five.zip",,,"true","2026 January 09","2025 December 18"
"50337","Branch Area Transit Authority","Coldwater","MI","Independent Public Agency or Authority of Transit Service","Rural Reporter","14","Bus","MB","DO","1","00026","Michigan Non-UZA","3,418,966","https://rapid.nationalrtap.org//GTFSFileManagement/UserUploadFiles/13158/Bata.zip",,,"true","2026 March 17","2026 March 11"
"50341","South East Area Transit","Zanesville","OH","Independent Public Agency or Authority of Transit Service","Rural Reporter","64","Bus","MB","DO","4","00039","Ohio Non-UZA","4,126,404","https://www.seatbus.org/media/SEAT-GTFS-Feed.zip",,,"true",,"2026 April 27"
"50343","Perry County Transit","New Lexington","OH","City, County or Local Government Unit or Department of Transportation","Rural Reporter","24","Bus","MB","DO","3","00039","Ohio Non-UZA","4,126,404","https://www.perrycountytransit.com/Perry-GTFS-Feed.zip",,,"true","2025 May 07","2026 April 27"
"50347","Blue River Services","Corydon","IN","Private-Non-Profit Corporation","Rural Reporter","8","Bus","MB","DO","2","00018","Indiana Non-UZA","2,718,298","https://www.brsinc.org/s/BRSFeed.zip",,,"true","2025 April 23","2026 April 20"
"50349","Winona, City of","Winona","MN","City, County or Local Government Unit or Department of Transportation","Rural Reporter","6","Bus","MB","DO","5","00027","Minnesota Non-UZA","2,336,986","https://hub-mndot-prod.camsys-apps.com/static/v1/gtfs/winona-static/winona_transit_fixed.zip",,,"true","2026 January 09","2025 December 17"
"50359","City of Stevens Point","Stevens Point","WI","City, County or Local Government Unit or Department of Transportation","Rural Reporter","14","Bus","MB","DO","7","00055","Wisconsin Non-UZA","2,782,206","https://passio3.com/centraltrans/passioTransit/gtfs/google_transit.zip",,,"true","2026 March 05","2026 March 04"
"50383","Van Buren County Board of Commissioners","Paw Paw","MI","City, County or Local Government Unit or Department of Transportation","Rural Reporter","21","Bus","MB","DO","3","00026","Michigan Non-UZA","3,418,966","https://rapid.nationalrtap.org/GTFSFileManagement/UserUploadFiles/11608/VBPT_GTFS_2025.zip",,,"true","2025 March 05","2026 March 11"
"50384","Brown County","New Ulm","MN","City, County or Local Government Unit or Department of Transportation","Rural Reporter","8","Bus","MB","DO","1","00027","Minnesota Non-UZA","2,336,986","https://hub-mndot-prod.camsys-apps.com/static/v1/gtfs/browncounty-mn-us/brown_county.zip",,,"true","2026 January 09","2025 December 18"
"50386","City of Houghton","Houghton","MI","City, County or Local Government Unit or Department of Transportation","Rural Reporter","7","Bus","MB","DO","2","00026","Michigan Non-UZA","3,418,966","https://rapid.nationalrtap.org/GTFSFileManagement/UserUploadFiles/11734/gtfstransit.zip",,,"true","2026 March 17","2026 March 11"
"50390","Ashtabula County Transportation System","Jefferson","OH","City, County or Local Government Unit or Department of Transportation","Rural Reporter","16","Bus","MB","PT","4","00039","Ohio Non-UZA","4,126,404","https://www.acdjfs.org/_files/archives/0efb20_e40523ff6b8b481891801bb80f1164f4.zip?dn=ashtabula_gtfs.zip",,,"true","2025 May 07","2026 April 27"
"50392","YMCA of Vincennes","Vincennes","IN","Private-Non-Profit Corporation","Rural Reporter","19","Bus","MB","DO","1","00018","Indiana Non-UZA","2,718,298","https://passio3.com/ymcavango/passioTransit/gtfs/google_transit.zip___.YzJ1OnN0YXRlb2ZpbmRpYW5hOmM6bzpiN2YwMjVkNDQ1OWQyNTRiODIxMWEzODFhMzZlMzliZjo3Ojg4Yzk6MzY1ZjJiYmQ2ZWRiNDUxZTk1ODI5YjU4YWY0ZWM3MzJhMGU4NjQwMWJkNTQ4ZmVlMzM5YzQ5MjUzOTA1OWQwZjpoOlQ6Tg",,,"true",,"2026 April 20"
"50397","Hubbard County","Park Rapids","MN","City, County or Local Government Unit or Department of Transportation","Rural Reporter","6","Bus","MB","DO","1","00027","Minnesota Non-UZA","2,336,986","https://hub-mndot-prod.camsys-apps.com/static/v1/gtfs/hubbardcounty-mn-us/heartland_express.zip",,,"true","2026 April 14","2026 March 04"
"50401","Bay Area Rural Transit Commission","Ashland","WI","Independent Public Agency or Authority of Transit Service","Rural Reporter","17","Bus","MB","DO","11","00055","Wisconsin Non-UZA","2,782,206","https://rapid.nationalrtap.org/GTFSFileManagement/UserUploadFiles/13162/BARTfeedFinal.zip",,,"true","2026 March 05","2026 February 09"
"50406","Lancaster Public Transit System","Lancaster","OH","City, County or Local Government Unit or Department of Transportation","Reduced Reporter","16","Bus","MB","DO","6","19234","Columbus, OH","1,567,254","https://www.co.fairfield.oh.us/transit/FCT-oh-us.zip",,,"true","2025 May 19","2026 April 30"
"50410","Fayette County Transportation Program","Washington Court House","OH","Private-Non-Profit Corporation","Rural Reporter","15","Bus","MB","DO","1","00039","Ohio Non-UZA","4,126,404","https://www.cacfayettecounty.org/wp-content/uploads/2026/04/m-w-f-10-4.zip",,,"true","2025 May 07","2026 April 27"
"50413","Bay Area Transportation Authority","Traverse City","MI","Independent Public Agency or Authority of Transit Service","Full Reporter","49","Bus","MB","DO","22","88300","Traverse City--Garfield, MI","56,890","https://www.batabustracker.com/gtfs",,,"true","2026 March 03","2026 February 10"
"50427","Marquette County Transit Authority","Marquette","MI","Independent Public Agency or Authority of Transit Service","Rural Reporter","29","Bus","MB","DO","12","00026","Michigan Non-UZA","3,418,966","https://rapid.nationalrtap.org/GTFSFileManagement/UserUploadFiles/0/MQT_GTFS.zip",,,"true","2025 February 23","2026 March 11"
"50429","Chillicothe Transit System","Chillicothe","OH","City, County or Local Government Unit or Department of Transportation","Rural Reporter","18","Bus","MB","DO","5","00039","Ohio Non-UZA","4,126,404",,"This agency provided the GTFS as a zip file instead of a public weblink, providing justification for why it could not be hosted. Please contact the agency if you need to access this file.",,"true","2025 June 25","2026 April 27"
"50431","City of Platteville","Platteville","WI","City, County or Local Government Unit or Department of Transportation","Rural Reporter","5","Bus","MB","PT","2","00055","Wisconsin Non-UZA","2,782,206","https://rapid.nationalrtap.org/GTFSFileManagement/UserUploadFiles/13162/PlattevilleGTFS2026.zip",,,"true","2026 March 31","2026 March 31"
"50433","Great Lakes Community Action Partnership","Fremont","OH","Private-Non-Profit Corporation","Rural Reporter","13","Bus","MB","DO","4","00039","Ohio Non-UZA","4,126,404","https://www.glcap.org/media/qhndxr5m/gtfs-txt-files.zip",,,"true","2025 June 24","2026 April 27"
"50434","Pickaway Area Rural Transit","Circleville","OH","Private-Non-Profit Corporation","Rural Reporter","8","Bus","MB","DO","2","00039","Ohio Non-UZA","4,126,404","https://www.picca.info/s/Pickaway_GTFS.zip",,,"true","2025 June 18","2026 April 27"
"50436","St. Joseph County Transportation Authority","Three Rivers","MI","Independent Public Agency or Authority of Transit Service","Rural Reporter","26","Bus","MB","DO","2","00026","Michigan Non-UZA","3,418,966","https://rapid.nationalrtap.org/GTFSFileManagement/UserUploadFiles/13142/StJoseph.zip",,,"true","2026 March 17","2026 March 11"
"50437","City of Big Rapids","Big Rapids","MI","City, County or Local Government Unit or Department of Transportation","Rural Reporter","7","Bus","MB","DO","1","00026","Michigan Non-UZA","3,418,966","https://rapid.nationalrtap.org/GTFSFileManagement/UserUploadFiles/13245/DARTGTFS.zip",,,"true","2026 March 17","2026 March 11"
"50438","Logan Transit System","Glouster","OH","Private-Non-Profit Corporation","Rural Reporter","13","Bus","MB","DO","3","00039","Ohio Non-UZA","4,126,404","https://hapcap.org/wp-content/uploads/2025/03/Hocking-Hills-Weekend-Loop-GTFS-2024.zip",,,"true","2025 May 07","2026 April 27"
"50440","Seneca-Crawford Area Transportation","Tiffin","OH","Private-Non-Profit Corporation","Rural Reporter","36","Bus","MB","DO","2","00039","Ohio Non-UZA","4,126,404","https://ncatohio.org/mt-content/uploads/2026/01/2026-ncat-gtfs-feeds.zip",,,"true","2025 May 07","2026 April 27"
"50442","County of La Crosse","La Crosse","WI","City, County or Local Government Unit or Department of Transportation","Rural Reporter","4","Bus","MB","PT","4","00055","Wisconsin Non-UZA","2,782,206","https://rapid.nationalrtap.org/GTFSFileManagement/UserUploadFiles/13162/SMRTfeedfinal2026.zip",,,"true","2026 March 05","2026 March 05"
"50447","Coles County","Charleston","IL","City, County or Local Government Unit or Department of Transportation","Rural Reporter","15","Bus","MB","PT","2","00017","Illinois Non-UZA","2,638,201","https://rapid.nationalrtap.org/GTFSFileManagement/UserUploadFiles/11549/coles_co_dar_il_gtfs.zip",,,"true","2026 April 08","2026 April 01"
"50450","Cedar Valley Services, Inc.","Austin","MN","Private-Non-Profit Corporation","Rural Reporter","29","Bus","MB","DO","15","00027","Minnesota Non-UZA","2,336,986","https://hub-mndot-prod.camsys-apps.com/static/v1/gtfs/smart-mn-us/smart.zip",,,"true","2026 January 09","2025 December 18"
"50461","City of Manitowoc","Manitowoc","WI","City, County or Local Government Unit or Department of Transportation","Rural Reporter","7","Bus","MB","DO","6","00055","Wisconsin Non-UZA","2,782,206","https://rapid.nationalrtap.org/GTFSFileManagement/UserUploadFiles/13162/MMTfeedfinal.zip",,,"true","2026 March 05","2026 February 09"
"50464","Pike County/Community Action Transit System","Piketon","OH","Private-Non-Profit Corporation","Rural Reporter","8","Bus","MB","DO","2","00039","Ohio Non-UZA","4,126,404","https://rapid.nationalrtap.org/GTFSFileManagement/UserUploadFiles/13277/cats_gtfs(1).zip",,,"true","2025 May 08","2026 April 27"
"50471","Southwestern MN Opportunity Council, Inc.","Worthington","MN","Private-Non-Profit Corporation","Rural Reporter","5","Bus","MB","DO","2","00027","Minnesota Non-UZA","2,336,986","https://hub-mndot-prod.camsys-apps.com/static/v1/gtfs/prairielandtransit-mn-us/prarieland_transit.zip",,,"true","2026 April 14","2026 March 04"
"50474","Tri-County Action Program, Inc.","Waite Park","MN","Private-Non-Profit Corporation","Rural Reporter","21","Bus","MB","DO","10","00027","Minnesota Non-UZA","2,336,986","https://hub-mndot-prod.camsys-apps.com/static/v1/gtfs/tricap-mn-us/tricap.zip",,,"true","2026 January 09","2025 December 18"
"50476","Yates Township","Idlewild","MI","City, County or Local Government Unit or Department of Transportation","Rural Reporter","19","Bus","MB","DO","1","00026","Michigan Non-UZA","3,418,966","https://www.yatesdialaride.com/_files/archives/111d5a_7aef7d3817c54a8fa551652cebe7be39.zip?dn=yatesdar_MI_gtfs%20(1).zip",,,"true","2026 March 17","2026 March 11"
"50485","City of Marion","Marion","IN","City, County or Local Government Unit or Department of Transportation","Rural Reporter","7","Bus","MB","DO","5","00018","Indiana Non-UZA","2,718,298","https://rapid.nationalrtap.org/GTFSFileManagement/UserUploadFiles/11837/MTS_Upload.zip",,,"true","2025 April 28","2026 April 20"
"50487","City of Sault Sainte Marie","Sault Sainte Marie","MI","City, County or Local Government Unit or Department of Transportation","Rural Reporter","6","Bus","MB","DO","2","00026","Michigan Non-UZA","3,418,966","https://rapid.nationalrtap.org/GTFSFileManagement/UserUploadFiles/13163/Sault_GTFS.zip",,,"true","2026 March 17","2026 April 23"
"50489","Paul Bunyan Transit","Bemidji","MN","Private-Non-Profit Corporation","Rural Reporter","11","Bus","MB","DO","1","00027","Minnesota Non-UZA","2,336,986","https://hub-mndot-prod.camsys-apps.com/static/v1/gtfs/paulbunyantransit-mn-us/paul_bunyan.zip",,,"true","2026 April 14","2026 March 04"
"50493","West Central Indiana Economic Development District","Terre Haute","IN","Area Agency on Aging","Rural Reporter","10","Bus","MB","DO","1","00018","Indiana Non-UZA","2,718,298","https://rapid.nationalrtap.org/GTFSFileManagement/UserUploadFiles/13730/WCIEDD_IN_gtfs.zip",,,"true",,"2026 April 20"
"50502","City of Galesburg","Galesburg","IL","City, County or Local Government Unit or Department of Transportation","Rural Reporter","10","Bus","MB","DO","4","00017","Illinois Non-UZA","2,638,201","https://gis.ci.galesburg.il.us/cityofgalesburg-il-us.zip",,,"true","2026 January 27","2025 December 12"
"50510","Three Rivers Community Action, Inc.","Zumbrota","MN","Private-Non-Profit Corporation","Rural Reporter","21","Bus","MB","DO","10","00027","Minnesota Non-UZA","2,336,986","https://hub-mndot-prod.camsys-apps.com/static/v1/gtfs/threerivers-mn-us/hiawathaland_transit.zip",,,"true","2026 April 14","2026 March 04"
"50515","University of Minnesota","Minneapolis","MN","University","Full Reporter","18","Bus","MB","PT","18","57628","Minneapolis--St. Paul, MN","2,914,866","https://data.peaktransit.com/staticgtfs/88/gtfs.zip",,,"true","2026 February 18","2026 February 04"
"50516","City of Plymouth","Minneapolis","MN","City, County or Local Government Unit or Department of Transportation","Full Reporter","21","Bus","MB","PT","15","57628","Minneapolis--St. Paul, MN","2,914,866","https://svc.metrotransit.org/mtgtfs/gtfs.zip",,,"true","2026 February 20","2026 April 23"
"50518","SouthWest Transit","Eden Prairie","MN","Independent Public Agency or Authority of Transit Service","Full Reporter","41","Bus","MB","PT","19","57628","Minneapolis--St. Paul, MN","2,914,866","https://svc.metrotransit.org/mtgtfs/gtfs.zip",,,"true","2025 May 28","2026 April 28"
"50519","Minnesota Valley Transit Authority","Burnsville","MN","Independent Public Agency or Authority of Transit Service","Full Reporter","151","Bus","MB","PT","118","57628","Minneapolis--St. Paul, MN","2,914,866","https://srv.mvta.com/InfoPoint/gtfs-zip.ashx",,,"true","2025 May 08","2026 April 22"
"50520","Arrowhead Economic Opportunity Agency, Inc.","Virginia","MN","Private-Non-Profit Corporation","Rural Reporter","97","Bus","MB","DO","60","00027","Minnesota Non-UZA","2,336,986","https://data.trilliumtransit.com/gtfs/arrowheadnorthstlouiscounty-mn-us/arrowheadnorthstlouiscounty-mn-us.zip",,,"false","2026 April 13","2026 February 26"
"50520","Arrowhead Economic Opportunity Agency, Inc.","Virginia","MN","Private-Non-Profit Corporation","Rural Reporter","97","Bus","MB","DO","60","00027","Minnesota Non-UZA","2,336,986","https://data.trilliumtransit.com/gtfs/arrowheadisanticounty-mn-us/arrowheadisanticounty-mn-us.zip",,,"false","2026 April 13","2026 February 26"
"50520","Arrowhead Economic Opportunity Agency, Inc.","Virginia","MN","Private-Non-Profit Corporation","Rural Reporter","97","Bus","MB","DO","60","00027","Minnesota Non-UZA","2,336,986","https://data.trilliumtransit.com/gtfs/arrowheadatkinscounty-mn-us/arrowheadatkinscounty-mn-us.zip",,,"false","2026 April 13","2026 February 26"
"50520","Arrowhead Economic Opportunity Agency, Inc.","Virginia","MN","Private-Non-Profit Corporation","Rural Reporter","97","Bus","MB","DO","60","00027","Minnesota Non-UZA","2,336,986","https://data.trilliumtransit.com/gtfs/arrowheadlakecounty-mn-us/arrowheadlakecounty-mn-us.zip",,,"false","2026 April 13","2026 February 26"
"50520","Arrowhead Economic Opportunity Agency, Inc.","Virginia","MN","Private-Non-Profit Corporation","Rural Reporter","97","Bus","MB","DO","60","00027","Minnesota Non-UZA","2,336,986","https://data.trilliumtransit.com/gtfs/arrowheadcookcounty-mn-us/arrowheadcookcounty-mn-us.zip",,,"false","2026 April 13","2026 February 26"
"50520","Arrowhead Economic Opportunity Agency, Inc.","Virginia","MN","Private-Non-Profit Corporation","Rural Reporter","97","Bus","MB","DO","60","00027","Minnesota Non-UZA","2,336,986","https://data.trilliumtransit.com/gtfs/arrowheadsouthstlouiscounty-mn-us/arrowheadsouthstlouiscounty-mn-us.zip",,,"false","2026 April 13","2026 February 26"
"50520","Arrowhead Economic Opportunity Agency, Inc.","Virginia","MN","Private-Non-Profit Corporation","Rural Reporter","97","Bus","MB","DO","60","00027","Minnesota Non-UZA","2,336,986","https://data.trilliumtransit.com/gtfs/arrowheadkoochichingcounty-mn-us/arrowheadkoochichingcounty-mn-us.zip",,,"false","2026 April 13","2026 February 26"
"50520","Arrowhead Economic Opportunity Agency, Inc.","Virginia","MN","Private-Non-Profit Corporation","Rural Reporter","97","Bus","MB","DO","60","00027","Minnesota Non-UZA","2,336,986","https://data.trilliumtransit.com/gtfs/arrowheadchisagocounty-mn-us/arrowheadchisagocounty-mn-us.zip",,,"false","2026 April 13","2026 February 26"
"50521","Chicago Water Taxi (Wendella)","Chicago","IL","Private-For-Profit Corporation","Full Reporter","3","Ferryboat","FB","DO","3","16264","Chicago, IL--IN","8,671,746","https://data.trilliumtransit.com/gtfs/chicagowatertaxi-il-us/chicagowatertaxi-il-us.zip",,,"true","2025 May 20","2026 April 23"
"50522","Lake Erie Transportation Commission","Monroe","MI","Independent Public Agency or Authority of Transit Service","Full Reporter","23","Bus","MB","DO","8","58357","Monroe, MI","57,260","https://www.lakeerietransit.com/gtfs/lake-erie-transit-gtfs.zip",,,"true","2026 January 28","2026 January 22"
"50560","Village of Norridge","Norridge","IL","City, County or Local Government Unit or Department of Transportation","Reduced Reporter","1","Bus","MB","DO","1","16264","Chicago, IL--IN","8,671,746","https://rapid.nationalrtap.org/GTFSFileManagement/UserUploadFiles/13185/norridge_IL_gtfs.zip",,,"true","2025 December 15","2025 February 25"
"50561","Triton College","River Grove","IL","University","Reduced Reporter","2","Bus","MB","DO","2","16264","Chicago, IL--IN","8,671,746","https://rapid.nationalrtap.org/GTFSFileManagement/UserUploadFiles/12079/Google_Transit.zip",,,"true","2026 February 03","2025 December 19"
"50569","Chicago State University","Chicago","IL","University","Reduced Reporter","2","Bus","MB","DO","2","16264","Chicago, IL--IN","8,671,746","https://www.csu.edu/dosa/resources/gtfs.zip",,,"true","2026 April 16","2026 April 16"
"50571","Regional Transit Authority of Southeast Michigan","Detroit","MI","Independent Public Agency or Authority of Transit Service","Full Reporter","9","Commuter Bus","CB","PT","5","23824","Detroit, MI","3,776,890","https://gtfs.watevrawanabi.com/d2a2-dax-gtfs.zip",,,"true","2026 March 27","2026 March 24"
"50571","Regional Transit Authority of Southeast Michigan","Detroit","MI","Independent Public Agency or Authority of Transit Service","Full Reporter","9","Streetcar Rail","SR","DO","4","23824","Detroit, MI","3,776,890","https://s3.amazonaws.com/etatransit.gtfs/qline.etaspot.net/gtfs.zip",,,"true","2026 March 10","2026 March 04"
"55228","Menominee Indian Tribe of Wisconsin","Keshena","WI","Tribe","Reduced Reporter","26","Bus","MB","DO","10","00055","Wisconsin Non-UZA","2,782,206","https://rapid.nationalrtap.org/GTFSFileManagement/UserUploadFiles/13094/MITW_WI_GTFS.zip",,,"true","2026 March 04","2026 February 13"
"55246","Fond du Lac Reservation","Carlton","MN","Tribe","Reduced Reporter","9","Bus","MB","DO","1","00027","Minnesota Non-UZA","2,336,986",,"This agency provided the GTFS as a zip file instead of a public weblink, providing justification for why it could not be hosted. Please contact the agency if you need to access this file.",,"false","2025 April 11","2026 April 23"
"55252","Bois Forte Band of Chippewa","Orr","MN","Tribe","Reduced Reporter","4","Commuter Bus","CB","DO","2","00027","Minnesota Non-UZA","2,336,986","https://rapid.nationalrtap.org/GTFSFileManagement/UserUploadFiles/13228/bigwoods_mn_gtfs.zip",,,"true","2026 March 12","2026 March 10"
"55258","Leech Lake Band of Ojibwe","Cass Lake","MN","Tribe","Reduced Reporter","9","Bus","MB","DO","2","00027","Minnesota Non-UZA","2,336,986","https://rapid.nationalrtap.org/GTFSFileManagement/UserUploadFiles/13028/LLBO_GTFS.zip",,,"true","2026 March 30","2026 March 30"
"55270","White Earth Band of Chippewa","Ogema","MN","Tribe","Reduced Reporter","10","Bus","MB","DO","10","00027","Minnesota Non-UZA","2,336,986","https://rapid.nationalrtap.org/GTFSFileManagement/UserUploadFiles/12008/WhiteEarthGTFS(6).zip",,,"true","2026 February 12","2026 March 25"
"55282","Bad River Band of Lake Superior Tribe of Chippewa","Odanah","WI","Tribe","Reduced Reporter","2","Bus","MB","DO","2","00055","Wisconsin Non-UZA","2,782,206","https://rapid.nationalrtap.org/GTFSFileManagement/UserUploadFiles/11604/feed.zip",,,"true","2026 February 27","2026 February 05"
"55311","City of Cincinnati","Cincinnati","OH","City, County or Local Government Unit or Department of Transportation","Full Reporter","4","Streetcar Rail","SR","PT","4","16885","Cincinnati, OH--KY","1,686,744","https://www.go-metro.com/uploads/GTFS/google_transit_info.zip",,,"true","2026 March 03","2026 March 03"
"55312","City of Milwaukee","Milwaukee","WI","City, County or Local Government Unit or Department of Transportation","Full Reporter","4","Streetcar Rail","SR","PT","4","57466","Milwaukee, WI","1,306,795","https://thehopmke.transloc.com/secure/admin/Reports/GTFSDownload.aspx",,,"true","2026 April 27","2026 April 27"
"55314","Central Community Transit Joint Powers Board","Willmar","MN","MPO, COG or Other Planning Agency","Rural Reporter","32","Bus","MB","DO","2","00027","Minnesota Non-UZA","2,336,986","https://hub-mndot-prod.camsys-apps.com/static/v1/gtfs/cctbus-mn-us/cct_bus.zip",,,"true","2026 January 09","2025 December 18"
"55319","Oneida-Vilas Transit Commission","Rhinelander","WI","Independent Public Agency or Authority of Transit Service","Rural Reporter","11","Bus","MB","DO","2","00055","Wisconsin Non-UZA","2,782,206","https://rapid.nationalrtap.org/GTFSFileManagement/UserUploadFiles/13162/NTCfeedFinal.zip",,,"true","2026 March 05","2026 February 09"
"55320","Faribault-Martin Counties Joint Powers","Fairmont","MN","MPO, COG or Other Planning Agency","Rural Reporter","9","Bus","MB","DO","3","00027","Minnesota Non-UZA","2,336,986","https://hub-mndot-prod.camsys-apps.com/static/v1/gtfs/prairielakes-mn-us/prairie_lakes.zip",,,"true","2026 April 14","2026 March 04"
"55322","Western-Washtenaw Area Value Express","Dexter","MI","Private-Non-Profit Corporation","Rural Reporter","18","Bus","MB","DO","3","00026","Michigan Non-UZA","3,418,966","https://rapid.nationalrtap.org/GTFSFileManagement/UserUploadFiles/13087/WAVE_GTFS_2025-2029_updated.zip",,,"true","2026 March 17","2026 March 11"
"55326","United Community Action Partnership, Inc.","Marshall","MN","Private-Non-Profit Corporation","Rural Reporter","40","Bus","MB","DO","3","00027","Minnesota Non-UZA","2,336,986","https://hub-mndot-prod.camsys-apps.com/static/v1/gtfs/unitedcap-mn-us/united_community.zip",,,"true","2026 January 09","2025 December 15"
"55681","City of Wooster","Wooster","OH","City, County or Local Government Unit or Department of Transportation","Rural Reporter","8","Bus","MB","PT","2","00039","Ohio Non-UZA","4,126,404","https://rapid.nationalrtap.org/GTFSFileManagement/UserUploadFiles/13597/WayGo_OH_GTFS.zip",,,"true",,"2026 April 27"
"60001","City of Amarillo","Amarillo","TX","City, County or Local Government Unit or Department of Transportation","Reduced Reporter","23","Bus","MB","DO","12","01927","Amarillo, TX","205,860","https://rapid.nationalrtap.org/GTFSFileManagement/UserUploadFiles/12076/ACT_GTFS_24.zip",,,"true","2026 February 12","2026 February 27"
"60006","City of El Paso","El Paso","TX","City, County or Local Government Unit or Department of Transportation","Full Reporter","160","Bus","MB","DO","89","27253","El Paso, TX--NM","854,584","https://transit.sunmetro.net/google_transit/google_transit.zip",,,"true","2026 April 29","2026 April 09"
"60006","City of El Paso","El Paso","TX","City, County or Local Government Unit or Department of Transportation","Full Reporter","160","Bus","MB","PT","12","27253","El Paso, TX--NM","854,584","https://transit.sunmetro.net/google_transit/google_transit.zip",,,"true","2026 April 29","2026 April 09"
"60006","City of El Paso","El Paso","TX","City, County or Local Government Unit or Department of Transportation","Full Reporter","160","Streetcar Rail","SR","DO","3","27253","El Paso, TX--NM","854,584","https://transit.sunmetro.net/google_transit/google_transit.zip",,,"true","2026 April 29","2026 April 09"
"60007","Fort Worth Transportation Authority","Fort Worth","TX","Independent Public Agency or Authority of Transit Service","Full Reporter","501","Commuter Rail","CR","PT","20","22042","Dallas--Fort Worth--Arlington, TX","5,732,354","https://gtfsdata.ridetm.org/gtfs/fwtatransitdata.zip",,,"true","2026 April 03","2026 April 24"
"60007","Fort Worth Transportation Authority","Fort Worth","TX","Independent Public Agency or Authority of Transit Service","Full Reporter","501","Bus","MB","DO","117","22042","Dallas--Fort Worth--Arlington, TX","5,732,354","https://gtfsdata.ridetm.org/gtfs/fwtatransitdata.zip",,,"true","2026 April 03","2026 April 24"
"60007","Fort Worth Transportation Authority","Fort Worth","TX","Independent Public Agency or Authority of Transit Service","Full Reporter","501","Bus","MB","PT","6","22042","Dallas--Fort Worth--Arlington, TX","5,732,354","https://gtfsdata.ridetm.org/gtfs/fwtatransitdata.zip",,,"true","2026 April 03","2026 April 24"
"60008","Metropolitan Transit Authority of Harris County, Texas","Houston","TX","Independent Public Agency or Authority of Transit Service","Full Reporter","1,717","Commuter Bus","CB","DO","158","40429","Houston, TX","5,853,575","https://ridemetro-gtfs.azurewebsites.us/google_transit.zip",,,"true","2026 March 27","2026 March 03"
"60008","Metropolitan Transit Authority of Harris County, Texas","Houston","TX","Independent Public Agency or Authority of Transit Service","Full Reporter","1,717","Commuter Bus","CB","PT","35","40429","Houston, TX","5,853,575","https://ridemetro-gtfs.azurewebsites.us/google_transit.zip",,,"true","2026 March 27","2026 March 03"
"60008","Metropolitan Transit Authority of Harris County, Texas","Houston","TX","Independent Public Agency or Authority of Transit Service","Full Reporter","1,717","Light Rail","LR","DO","52","40429","Houston, TX","5,853,575","https://ridemetro-gtfs.azurewebsites.us/google_transit.zip",,,"true","2026 March 27","2026 March 03"
"60008","Metropolitan Transit Authority of Harris County, Texas","Houston","TX","Independent Public Agency or Authority of Transit Service","Full Reporter","1,717","Bus","MB","DO","568","40429","Houston, TX","5,853,575","https://ridemetro-gtfs.azurewebsites.us/google_transit.zip",,,"true","2026 March 27","2026 March 03"
"60008","Metropolitan Transit Authority of Harris County, Texas","Houston","TX","Independent Public Agency or Authority of Transit Service","Full Reporter","1,717","Bus","MB","PT","124","40429","Houston, TX","5,853,575","https://ridemetro-gtfs.azurewebsites.us/google_transit.zip",,,"true","2026 March 27","2026 March 03"
"60009","City of Laredo","Laredo","TX","City, County or Local Government Unit or Department of Transportation","Full Reporter","41","Bus","MB","DO","33","47854","Laredo, TX","251,462","https://gtfs.remix.com/el_metro_laredo_transit_us.zip",,,"true","2026 April 20","2026 April 20"
"60010","City of Lubbock","Lubbock","TX","City, County or Local Government Unit or Department of Transportation","Full Reporter","84","Bus","MB","DO","60","51877","Lubbock, TX","272,280","https://data.trilliumtransit.com/gtfs/lubbock-tx-us/lubbock-tx-us.zip",,,"true","2026 February 10","2026 February 04"
"60011","VIA Metropolitan Transit","San Antonio","TX","Independent Public Agency or Authority of Transit Service","Full Reporter","755","Bus","MB","DO","303","78580","San Antonio, TX","1,992,689","https://www.viainfo.net/BusService/google_transit.zip",,,"true","2026 April 07","2026 April 21"
"60012","City of Waco","Waco","TX","City, County or Local Government Unit or Department of Transportation","Full Reporter","30","Bus","MB","DO","16","91027","Waco, TX","192,844","https://wacotransit.transloc.com/routes",,,"true","2026 April 20","2026 April 23"
"60013","City of Port Arthur","Port Arthur","TX","City, County or Local Government Unit or Department of Transportation","Reduced Reporter","8","Bus","MB","DO","6","70993","Port Arthur, TX","116,819","https://jhbbjhc.r.af.d.sendibt2.com/tr/cl/jucWsSD1ygPaNZxlW5A_NZ4murcMpvfOla9Fo1tAKOpAnoO_2aEtA_Dk0jod8-YDMRNDSq85EV7XKbdKEwThtp1Mzo5voXuW867ysvXpzIqo93oERsMQtLl8ZxFfxUiE6ff_vCDLa6AyPYjbmVjqoGfoVl4hrSOSlmxurTDwd1gYmfDala02fWYiIJGZyK1G3BdA89Ab2ZN-MygeAjdfUBqRdfFaFeuh6Bb7s8td2PGSLUgwR2pb5igiMoWtsqEU8LEOApnOzmx6rYbRoGZ95qI0Jej9z7ASV-Va51JHKTVlJGFhSDq9026-jBnGMCtfv2ir1yQbzcrOWLqYSKfTd9phfkTzSbupTdA1oHYnqRet6KWY27kyyb1iAdcoX1_ehg",,,"true","2026 March 02","2026 April 28"
"60014","City of Brownsville","Brownsville","TX","City, County or Local Government Unit or Department of Transportation","Full Reporter","26","Bus","MB","DO","18","10972","Brownsville, TX","216,444","https://rapid.nationalrtap.org/GTFSFileManagement/UserUploadFiles/13276/BMETRO_TX_GTFS.zip",,,"true","2026 April 08","2026 April 07"
"60015","City of Galveston","Galveston","TX","City, County or Local Government Unit or Department of Transportation","Full Reporter","13","Bus","MB","DO","6","32491","Galveston--Texas City, TX","191,863","https://gtfs.remix.com/island_transit_us.zip",,,"true","2026 April 23","2026 April 23"
"60015","City of Galveston","Galveston","TX","City, County or Local Government Unit or Department of Transportation","Full Reporter","13","Streetcar Rail","SR","DO","2","32491","Galveston--Texas City, TX","191,863","https://gtfs.remix.com/island_transit_us.zip",,,"true","2026 April 23","2026 April 23"
"60016","City of Beaumont","Beaumont","TX","City, County or Local Government Unit or Department of Transportation","Full Reporter","18","Bus","MB","PT","11","06058","Beaumont, TX","146,649","https://rapid.nationalrtap.org/GTFSFileManagement/UserUploadFiles/13240/TMBGTFS2025.zip",,,"true","2025 December 23","2025 March 28"
"60017","Central Oklahoma Transportation and Parking Authority","Oklahoma City","OK","City, County or Local Government Unit or Department of Transportation","Full Reporter","83","Ferryboat","FB","PT","1","65080","Oklahoma City, OK","982,276","https://mna.mecatran.com/utw/ws/gtfsfeed/static/okc",,,"true","2026 March 11","2026 March 11"
"60017","Central Oklahoma Transportation and Parking Authority","Oklahoma City","OK","City, County or Local Government Unit or Department of Transportation","Full Reporter","83","Bus","MB","DO","50","65080","Oklahoma City, OK","982,276","https://mna.mecatran.com/utw/ws/gtfsfeed/static/okc",,,"true","2026 March 11","2026 March 11"
"60017","Central Oklahoma Transportation and Parking Authority","Oklahoma City","OK","City, County or Local Government Unit or Department of Transportation","Full Reporter","83","Bus Rapid Transit","RB","DO","7","65080","Oklahoma City, OK","982,276","https://mna.mecatran.com/utw/ws/gtfsfeed/static/okc",,,"true","2026 March 11","2026 March 11"
"60017","Central Oklahoma Transportation and Parking Authority","Oklahoma City","OK","City, County or Local Government Unit or Department of Transportation","Full Reporter","83","Streetcar Rail","SR","DO","4","65080","Oklahoma City, OK","982,276","https://mna.mecatran.com/utw/ws/gtfsfeed/static/okc",,,"true","2026 March 11","2026 March 11"
"60017","Central Oklahoma Transportation and Parking Authority","Oklahoma City","OK","City, County or Local Government Unit or Department of Transportation","Full Reporter","83","Streetcar Rail","SR","PT","4","65080","Oklahoma City, OK","982,276","https://mna.mecatran.com/utw/ws/gtfsfeed/static/okc",,,"true","2026 March 11","2026 March 11"
"60018","Metropolitan Tulsa Transit Authority","Tulsa","OK","City, County or Local Government Unit or Department of Transportation","Full Reporter","79","Bus","MB","DO","45","88948","Tulsa, OK","722,810","https://tulsa.rideralerts.com/InfoPoint/GTFS-Zip.ashx",,,"true","2026 April 23","2026 April 22"
"60019","City of Albuquerque","Albuquerque","NM","City, County or Local Government Unit or Department of Transportation","Full Reporter","124","Bus","MB","DO","54","01171","Albuquerque, NM","769,837","https://data.cabq.gov/transit/gtfs/google_transit.zip",,,"true","2026 April 23","2026 February 26"
"60019","City of Albuquerque","Albuquerque","NM","City, County or Local Government Unit or Department of Transportation","Full Reporter","124","Bus Rapid Transit","RB","DO","11","01171","Albuquerque, NM","769,837","https://data.cabq.gov/transit/gtfs/google_transit.zip",,,"true","2026 April 23","2026 February 26"
"60022","Capital Area Transit System","Baton Rouge","LA","Independent Public Agency or Authority of Transit Service","Full Reporter","66","Bus","MB","DO","41","05680","Baton Rouge, LA","631,326",,"This agency provided the GTFS as a zip file instead of a public weblink, providing justification for why it could not be hosted. Please contact the agency if you need to access this file.",,,"2025 June 25","2024 July 03"
"60023","City of Lake Charles","Lake Charles","LA","City, County or Local Government Unit or Department of Transportation","Reduced Reporter","7","Bus","MB","DO","5","46531","Lake Charles, LA","162,501","https://america.usetransit.com/api/1/public/gtfs/31/gtfs.zip",,,"true","2026 March 04","2026 March 04"
"60024","City of Shreveport","Shreveport","LA","City, County or Local Government Unit or Department of Transportation","Full Reporter","51","Bus","MB","DO","33","81739","Shreveport, LA","288,052",,"This agency provided the GTFS as a zip file instead of a public weblink, providing justification for why it could not be hosted. Please contact the agency if you need to access this file.",,"true","2025 June 25","2024 June 25"
"60025","City of Alexandria","Alexandria","LA","City, County or Local Government Unit or Department of Transportation","Reduced Reporter","16","Bus","MB","DO","15","01279","Alexandria, LA","78,305","https://rapid.nationalrtap.org/GTFSFileManagement/UserUploadFiles/11288/atrans_gtfs_2.zip",,,"true","2025 November 18","2025 November 07"
"60026","City of Monroe","Monroe","LA","City, County or Local Government Unit or Department of Transportation","Reduced Reporter","12","Bus","MB","DO","10","58330","Monroe, LA","119,964","https://monroela.us/wp-content/uploads/2024/11/7.0-2025-Verified.zip",,,"true","2025 November 10","2026 February 27"
"60032","New Orleans Regional Transit Authority","New Orleans","LA","Independent Public Agency or Authority of Transit Service","Full Reporter","156","Ferryboat","FB","PT","2","62677","New Orleans, LA","963,212","https://www.norta.com/RTA/media/GTFS/GTFS.zip",,,"true","2025 May 30","2026 April 23"
"60032","New Orleans Regional Transit Authority","New Orleans","LA","Independent Public Agency or Authority of Transit Service","Full Reporter","156","Bus","MB","DO","82","62677","New Orleans, LA","963,212","https://www.norta.com/RTA/media/GTFS/GTFS.zip",,,"true","2025 May 30","2026 April 23"
"60032","New Orleans Regional Transit Authority","New Orleans","LA","Independent Public Agency or Authority of Transit Service","Full Reporter","156","Streetcar Rail","SR","DO","23","62677","New Orleans, LA","963,212","https://www.norta.com/RTA/media/GTFS/GTFS.zip",,,"true","2025 May 30","2026 April 23"
"60033","Rock Region Metropolitan Transit Authority","North Little Rock","AR","Independent Public Agency or Authority of Transit Service","Full Reporter","80","Bus","MB","DO","34","50392","Little Rock, AR","461,864",,"This agency provided the GTFS as a zip file instead of a public weblink, providing justification for why it could not be hosted. Please contact the agency if you need to access this file.",,,,"2026 April 29"
"60033","Rock Region Metropolitan Transit Authority","North Little Rock","AR","Independent Public Agency or Authority of Transit Service","Full Reporter","80","Streetcar Rail","SR","DO","2","50392","Little Rock, AR","461,864",,"This agency provided the GTFS as a zip file instead of a public weblink, providing justification for why it could not be hosted. Please contact the agency if you need to access this file.",,,,"2026 April 29"
"60034","City of Pine Bluff","Pine Bluff","AR","City, County or Local Government Unit or Department of Transportation","Reduced Reporter","0","Bus","MB","DO","0","00005","Arkansas Non-UZA","1,787,552","https://rapid.nationalrtap.org/GTFSFileManagement/UserUploadFiles/13194/pinebluff_ar_gtfs.zip",,,,"2025 June 17","2025 February 27"
"60035","City of Wichita Falls","Wichita Falls","TX","City, County or Local Government Unit or Department of Transportation","Reduced Reporter","11","Bus","MB","DO","10","95104","Wichita Falls, TX","97,039","https://rapid.nationalrtap.org/GTFSFileManagement/UserUploadFiles/11741/GTFS_FallsRide.zip",,,"true","2026 April 08","2026 March 24"
"60038","Lafayette City-Parish Consolidated Government","Lafayette","LA","City, County or Local Government Unit or Department of Transportation","Full Reporter","25","Bus","MB","DO","17","46045","Lafayette, LA","227,316",,"This agency provided the GTFS as a zip file instead of a public weblink, providing justification for why it could not be hosted. Please contact the agency if you need to access this file.",,,"2025 June 25","2024 July 02"
"60040","City of Abilene","Abilene","TX","City, County or Local Government Unit or Department of Transportation","Reduced Reporter","0","Bus","MB","DO","0","00280","Abilene, TX","118,138","https://api.transloc.com/gtfs/citylink.zip",,,"true","2025 February 14","2026 March 24"
"60048","Capital Metropolitan Transportation Authority","Austin","TX","Independent Public Agency or Authority of Transit Service","Full Reporter","734","Commuter Bus","CB","PT","12","04384","Austin, TX","1,809,888","https://data.texas.gov/download/r4v4-vz24/application%2Fzip",,,"true","2026 March 24","2026 March 06"
"60048","Capital Metropolitan Transportation Authority","Austin","TX","Independent Public Agency or Authority of Transit Service","Full Reporter","734","Bus","MB","PT","304","04384","Austin, TX","1,809,888","https://data.texas.gov/download/r4v4-vz24/application%2Fzip",,,"true","2026 March 24","2026 March 06"
"60048","Capital Metropolitan Transportation Authority","Austin","TX","Independent Public Agency or Authority of Transit Service","Full Reporter","734","Hybrid Rail","YR","PT","12","04384","Austin, TX","1,809,888","https://data.texas.gov/download/r4v4-vz24/application%2Fzip",,,"true","2026 March 24","2026 March 06"
"60049","City of Las Cruces NM","Las Cruces","NM","City, County or Local Government Unit or Department of Transportation","Reduced Reporter","28","Bus","MB","DO","13","47935","Las Cruces, NM","139,338","https://lascruces.gov/wp-content/uploads/2026/01/GTFS.zip",,,"true","2026 January 26","2026 March 04"
"60051","Corpus Christi Regional Transportation Authority","Corpus Christi","TX","Independent Public Agency or Authority of Transit Service","Full Reporter","121","Bus","MB","DO","44","20287","Corpus Christi, TX","339,066","https://gtfs.ccrta.cadavl.com/CCRTA/GTFS/GTFS_CCRTA.zip",,,"true","2026 April 29","2026 April 23"
"60051","Corpus Christi Regional Transportation Authority","Corpus Christi","TX","Independent Public Agency or Authority of Transit Service","Full Reporter","121","Bus","MB","PT","12","20287","Corpus Christi, TX","339,066","https://gtfs.ccrta.cadavl.com/CCRTA/GTFS/GTFS_CCRTA.zip",,,"true","2026 April 29","2026 April 23"
"60056","Dallas Area Rapid Transit","Dallas","TX","Independent Public Agency or Authority of Transit Service","Full Reporter","1,082","Commuter Rail","CR","PT","23","22042","Dallas--Fort Worth--Arlington, TX","5,732,354","https://www.dart.org/transitdata/archive/V681-210-211-20260413.ZIP",,,"true","2026 April 20","2026 April 08"
"60056","Dallas Area Rapid Transit","Dallas","TX","Independent Public Agency or Authority of Transit Service","Full Reporter","1,082","Light Rail","LR","DO","96","22042","Dallas--Fort Worth--Arlington, TX","5,732,354","https://www.dart.org/transitdata/archive/V681-210-211-20260413.ZIP",,,"true","2026 April 20","2026 April 08"
"60056","Dallas Area Rapid Transit","Dallas","TX","Independent Public Agency or Authority of Transit Service","Full Reporter","1,082","Bus","MB","DO","456","22042","Dallas--Fort Worth--Arlington, TX","5,732,354","https://www.dart.org/transitdata/archive/V681-210-211-20260413.ZIP",,,"true","2026 April 20","2026 April 08"
"60056","Dallas Area Rapid Transit","Dallas","TX","Independent Public Agency or Authority of Transit Service","Full Reporter","1,082","Streetcar Rail","SR","DO","2","22042","Dallas--Fort Worth--Arlington, TX","5,732,354","https://www.dart.org/transitdata/archive/V681-210-211-20260413.ZIP",,,"true","2026 April 20","2026 April 08"
"60058","St. Bernard Parish","Chalmette","LA","City, County or Local Government Unit or Department of Transportation","Reduced Reporter","2","Bus","MB","DO","2","62677","New Orleans, LA","963,212","https://rapid.nationalrtap.org/GTFSFileManagement/UserUploadFiles/11870/sbp_sburt_gtfs.zip",,,"true","2025 May 12","2026 April 29"
"60059","Brazos Transit District","Bryan","TX","Independent Public Agency or Authority of Transit Service","Full Reporter","68","Bus","MB","DO","18","18748","College Station--Bryan, TX","206,137","https://www.btd.org/2025btdgtfs/",,,"true","2026 March 31","2025 January 31"
"60062","University of Arkansas, Fayetteville","Fayetteville","AR","University","Reduced Reporter","21","Bus","MB","DO","17","29494","Fayetteville--Springdale--Rogers, AR--MO","373,687","https://passio3.com/UofArkansas/passioTransit/gtfs/google_transit.zip",,,"true","2025 November 18","2025 November 12"
"60072","Ozark Regional Transit","Springdale","AR","Independent Public Agency or Authority of Transit Service","Reduced Reporter","28","Bus","MB","DO","20","29494","Fayetteville--Springdale--Rogers, AR--MO","373,687","https://www.ozark.org/_files/archives/55d1f9_65e0e1335fc2479d84928e3053c37fe6.zip?dn=ORT%20GTFS%20File%20May%2021%202024%20google_transit.zip",,,"true","2025 May 09","2026 April 21"
"60077","City of Santa Fe","Santa Fe","NM","City, County or Local Government Unit or Department of Transportation","Full Reporter","27","Bus","MB","DO","16","79363","Santa Fe, NM","94,241",,"This agency provided the GTFS as a zip file instead of a public weblink, providing justification for why it could not be hosted. Please contact the agency if you need to access this file.",,"true",,"2026 April 23"
"60077","City of Santa Fe","Santa Fe","NM","City, County or Local Government Unit or Department of Transportation","Full Reporter","27","Bus","MB","DO","16","79363","Santa Fe, NM","94,241","https://urb.mecatran.com/urb/ws/feed/c2l0ZT1zYW50YWZlLXRyYWlscztjbGllbnQ9c2VsZjtleHBpcmU9O3R5cGU9Z3RmcztrZXk9MDU2ZjZiMGY2NDM3NDUxYTVmNjEwNDQwNzU2NTM4NGMwMDI0N2M0Ng==",,,"true",,"2025 October 28"
"60080","Terrebonne Parish Consolidated Government","Houma","LA","City, County or Local Government Unit or Department of Transportation","Reduced Reporter","9","Bus","MB","DO","7","40375","Houma, LA","145,482","https://america.usetransit.com/api/1/public/gtfs/7/gtfs.zip",,,"true","2025 May 14","2026 April 27"
"60081","City of Longview","Longview","TX","City, County or Local Government Unit or Department of Transportation","Reduced Reporter","8","Bus","MB","DO","6","51256","Longview, TX","107,099","https://cloud.longviewtexas.gov/maps/LongviewTransitGTFS/LongviewTransitGTFS.zip",,,"true","2026 March 05","2026 February 28"
"60086","City of Fort Smith","Fort Smith","AR","City, County or Local Government Unit or Department of Transportation","Reduced Reporter","10","Bus","MB","DO","7","30925","Fort Smith, AR--OK","125,811","https://rapid.nationalrtap.org/GTFSFileManagement/UserUploadFiles/11783/FST_GTFS.zip",,,"true","2026 March 18","2025 April 25"
"60088","Jefferson Parish","Gretna","LA","City, County or Local Government Unit or Department of Transportation","Full Reporter","44","Bus","MB","PT","30","62677","New Orleans, LA","963,212","https://drive.google.com/uc?export=download&id=1gKzgtHb_nh8IBAm5E7CvGWEvMDfEmfF7",,,"true","2025 June 16","2026 May 01"
"60090","Lower Rio Grande Valley Development Council","Weslaco","TX","MPO, COG or Other Planning Agency","Full Reporter","35","Bus","MB","DO","30","52390","McAllen, TX","779,553","https://gtfs.remix.com/lrgvdc___valley_metro_weslaco_tx_us.zip",,,"true","2025 May 23","2025 May 21"
"60091","Hill Country Transit District","Belton","TX","Independent Public Agency or Authority of Transit Service","Full Reporter","113","Commuter Bus","CB","DO","6","44992","Killeen, TX","257,222","https://data.trilliumtransit.com/gtfs/hctd-tx-us/hctd-tx-us.zip",,,"true","2025 June 11","2026 April 23"
"60093","Texarkana Urban Transit District","Texarkana","TX","Independent Public Agency or Authority of Transit Service","Reduced Reporter","8","Bus","MB","DO","6","87193","Texarkana, TX--AR","78,744","https://rapid.nationalrtap.org/GTFSFileManagement/UserUploadFiles/11728/texarkanaurbantransit-tx-us.zip",,,"true","2026 March 31","2026 March 26"
"60094","City of Lawton","Lawton","OK","City, County or Local Government Unit or Department of Transportation","Reduced Reporter","24","Bus","MB","DO","16","48394","Lawton, OK","87,464","https://rapid.nationalrtap.org/GTFSFileManagement/UserUploadFiles/11612/google_transit-2025.zip",,,"true","2025 November 14","2025 November 11"
"60095","Golden Crescent Regional Planning Commission","Victoria","TX","MPO, COG or Other Planning Agency","Full Reporter","59","Commuter Bus","CB","DO","8","90514","Victoria, TX","65,986","https://gtfs.gcrpc.org/gtfs/commuter/",,,"true","2025 February 24","2026 April 28"
"60095","Golden Crescent Regional Planning Commission","Victoria","TX","MPO, COG or Other Planning Agency","Full Reporter","59","Bus","MB","DO","6","90514","Victoria, TX","65,986","https://gtfs.gcrpc.org/gtfs/",,,"true","2025 February 24","2026 April 28"
"60097","Midland-Odessa Urban Transit District","Odessa","TX","City, County or Local Government Unit or Department of Transportation","Reduced Reporter","22","Commuter Bus","CB","DO","2","64864","Odessa, TX","154,818","https://nebula.wsimg.com/d1765d43782cc9d2d026c4925e8a189b?AccessKeyId=9E919CD400BCF69A0E80&disposition=0&alloworigin=1",,,"true","2026 March 03","2026 February 11"
"60097","Midland-Odessa Urban Transit District","Odessa","TX","City, County or Local Government Unit or Department of Transportation","Reduced Reporter","22","Bus","MB","DO","12","64864","Odessa, TX","154,818","https://nebula.wsimg.com/d1765d43782cc9d2d026c4925e8a189b?AccessKeyId=9E919CD400BCF69A0E80&disposition=0&alloworigin=1",,,"true","2026 March 03","2026 February 11"
"60099","City of McAllen","Mcallen","TX","City, County or Local Government Unit or Department of Transportation","Reduced Reporter","18","Bus","MB","DO","15","52390","McAllen, TX","779,553","https://mcallen.net/metro/assets/resources/GTFS%20-%20TransLoc.zip",,,"true","2026 February 02","2026 February 02"
"60100","City of Farmington","Farmington","NM","City, County or Local Government Unit or Department of Transportation","Reduced Reporter","13","Bus","MB","PT","9","29278","Farmington, NM","51,763","https://data.trilliumtransit.com/gtfs/redappletransit-nm-us/redappletransit-nm-us.zip",,,"true","2025 November 24","2025 November 21"
"60101","Denton County Transportation Authority","Lewisville","TX","Independent Public Agency or Authority of Transit Service","Full Reporter","249","Bus","MB","DO","28","23500","Denton--Lewisville, TX","429,461","https://gtfs.remix.com/dcta_denton_tx_us.zip",,,"true","2026 April 20","2026 April 13"
"60101","Denton County Transportation Authority","Lewisville","TX","Independent Public Agency or Authority of Transit Service","Full Reporter","249","Hybrid Rail","YR","PT","8","23500","Denton--Lewisville, TX","429,461","https://gtfs.remix.com/dcta_denton_tx_us.zip",,,"true","2026 April 20","2026 April 13"
"60102","Concho Valley Transit District","San Angelo","TX","Independent Public Agency or Authority of Transit Service","Full Reporter","35","Bus","MB","DO","8","78553","San Angelo, TX","99,982","https://passio3.com/conchoVT/passioTransit/gtfs/google_transit.zip",,,"true","2026 April 27","2026 April 07"
"60103","Fort Bend County, Texas","Richmond","TX","City, County or Local Government Unit or Department of Transportation","Full Reporter","50","Commuter Bus","CB","PT","25","40429","Houston, TX","5,853,575","https://rapid.nationalrtap.org/GTFSFileManagement/UserUploadFiles/13589/Fort_Bend-20251103-3.zip",,,"true","2026 February 24","2026 April 21"
"60104","City of Jonesboro","Jonesboro","AR","City, County or Local Government Unit or Department of Transportation","Reduced Reporter","0","Bus","MB","DO","0","43345","Jonesboro, AR","73,781",,"This agency provided the GTFS as a zip file instead of a public weblink, providing justification for why it could not be hosted. Please contact the agency if you need to access this file.",,,"2025 May 14","2024 May 23"
"60105","City of Hot Springs","Hot Springs National Park","AR","City, County or Local Government Unit or Department of Transportation","Reduced Reporter","6","Bus","MB","DO","3","40213","Hot Springs, AR","59,133","https://rapid.nationalrtap.org/GTFSFileManagement/UserUploadFiles/11779/chs_al_gtfs.zip",,,"true","2025 June 17","2026 April 28"
"60108","Harris County","Houston","TX","City, County or Local Government Unit or Department of Transportation","Full Reporter","33","Commuter Bus","CB","PT","4","40429","Houston, TX","5,853,575","https://transit.harriscountytx.gov/Portals/transit/Transit%20Data%20Files/Harris%20County%20Transit%20%E2%80%93%20Park%20and%20Ride%20%E2%80%93%20GTFS.zip?ver=wz3eo4RNrZbV7iPOcSl95w%3d%3d",,,"true","2026 April 08","2026 March 09"
"60108","Harris County","Houston","TX","City, County or Local Government Unit or Department of Transportation","Full Reporter","33","Bus","MB","PT","12","40429","Houston, TX","5,853,575","https://transit.harriscountytx.gov/Portals/transit/Transit%20Data%20Files/Harris%20County%20Transit%20%E2%80%93%20Fixed%20Routes%20%E2%80%93%20GTFS.zip?ver=wz3eo4RNrZbV7iPOcSl95w%3d%3d",,,"true","2026 April 08","2026 March 09"
"60111","Rio Metro Regional Transit District","Albuquerque","NM","Independent Public Agency or Authority of Transit Service","Full Reporter","74","Commuter Bus","CB","PT","8","01171","Albuquerque, NM","769,837","https://mjcaction.com/MJC_GTFS_Public/nmrailrunner_google_transit.zip",,,"true","2025 November 18","2025 November 18"
"60111","Rio Metro Regional Transit District","Albuquerque","NM","Independent Public Agency or Authority of Transit Service","Full Reporter","74","Commuter Rail","CR","PT","25","01171","Albuquerque, NM","769,837","https://mjcaction.com/MJC_GTFS_Public/nmrailrunner_google_transit.zip",,,"true","2026 March 16","2025 November 18"
"60111","Rio Metro Regional Transit District","Albuquerque","NM","Independent Public Agency or Authority of Transit Service","Full Reporter","74","Bus","MB","DO","3","01171","Albuquerque, NM","769,837","https://mjcaction.com/MJC_GTFS_Public/nmrailrunner_google_transit.zip",,,"true","2025 November 18","2025 November 18"
"60114","STAR Transit","Terrell","TX","Independent Public Agency or Authority of Transit Service","Full Reporter","50","Bus","MB","DO","2","22042","Dallas--Fort Worth--Arlington, TX","5,732,354","https://data.trilliumtransit.com/gtfs/startransit-tx-us/startransit-tx-us.zip",,,"true","2026 April 16","2026 March 24"
"60118","City of Edmond","Edmond","OK","City, County or Local Government Unit or Department of Transportation","Reduced Reporter","12","Commuter Bus","CB","PT","1","65080","Oklahoma City, OK","982,276","https://passio3.com/edmond/passioTransit/gtfs/google_transit.zip",,,"true","2026 January 30","2026 March 03"
"60118","City of Edmond","Edmond","OK","City, County or Local Government Unit or Department of Transportation","Reduced Reporter","12","Bus","MB","PT","7","65080","Oklahoma City, OK","982,276","https://passio3.com/edmond/passioTransit/gtfs/google_transit.zip",,,"true","2026 January 30","2026 March 03"
"60125","City of Round Rock","Round Rock","TX","City, County or Local Government Unit or Department of Transportation","Reduced Reporter","11","Bus","MB","PT","3","04384","Austin, TX","1,809,888","https://data.texas.gov/download/r4v4-vz24/applications%2Fxip",,,"true","2026 April 30","2026 April 30"
"60129","City of Conroe","Conroe","TX","City, County or Local Government Unit or Department of Transportation","Reduced Reporter","8","Commuter Bus","CB","PT","2","87300","The Woodlands--Conroe, TX","402,454","https://rapid.nationalrtap.org/GTFSFileManagement/UserUploadFiles/11634/COCCommuterFY26.zip",,,"true","2026 February 01","2025 December 29"
"60129","City of Conroe","Conroe","TX","City, County or Local Government Unit or Department of Transportation","Reduced Reporter","8","Bus","MB","DO","4","87300","The Woodlands--Conroe, TX","402,454","https://rapid.nationalrtap.org/GTFSFileManagement/UserUploadFiles/11634/COCFixedRouteFY26.zip",,,"true","2026 February 01","2025 December 29"
"60130","Alamo Area Council of Governments","San Antonio","TX","MPO, COG or Other Planning Agency","Reduced Reporter","45","Bus","MB","DO","7","61948","New Braunfels, TX","100,736","https://www.aacog.gov",,,"false","2025 March 19","2026 April 27"
"60133","McKinney Avenue Transit Authority","Dallas","TX","Private-Non-Profit Corporation","Full Reporter","4","Streetcar Rail","SR","DO","4","22042","Dallas--Fort Worth--Arlington, TX","5,732,354","https://mata.tripshot.com/v1/gtfs/feed/public",,,"true","2025 May 06","2024 May 16"
"60134","The Woodlands Township","Spring","TX","City, County or Local Government Unit or Department of Transportation","Full Reporter","29","Commuter Bus","CB","PT","25","87300","The Woodlands--Conroe, TX","402,454","https://rapid.nationalrtap.org/GTFSFileManagement/UserUploadFiles/13290/TWTgtfs.zip",,,"true","2026 April 23","2025 April 25"
"60134","The Woodlands Township","Spring","TX","City, County or Local Government Unit or Department of Transportation","Full Reporter","29","Bus","MB","DO","4","87300","The Woodlands--Conroe, TX","402,454","https://rapid.nationalrtap.org/GTFSFileManagement/UserUploadFiles/13290/TWTgtfs.zip",,,"true","2026 April 23","2025 April 25"
"60138","North Central Regional Transit District","Espanola","NM","State Government Unit or Department of Transportation","Reduced Reporter","25","Bus","MB","DO","18","79363","Santa Fe, NM","94,241","https://bluebustracker.availtec.com/InfoPoint/GTFS-Zip.ashx",,,"true","2025 November 20","2025 November 19"
"60145","Ark-Tex Council of Governments","Texarkana","TX","MPO, COG or Other Planning Agency","Rural Reporter","48","Bus","MB","DO","3","00048","Texas Non-UZA","6,869,284","https://rapid.nationalrtap.org/GTFSFileManagement/UserUploadFiles/13772/Ark-Tex_GTFSfeed_03.23.26.zip",,,"true","2026 March 26","2026 March 25"
"60147","Kleberg County","Kingsville","TX","City, County or Local Government Unit or Department of Transportation","Rural Reporter","16","Bus","MB","DO","2","00048","Texas Non-UZA","6,869,284","https://rapid.nationalrtap.org/GTFSFileManagement/UserUploadFiles/13770/Kleberg_GTFS.zip",,,"true","2026 March 26","2026 March 25"
"60151","Grant County","Silver City","NM","City, County or Local Government Unit or Department of Transportation","Rural Reporter","12","Bus","MB","DO","8","00035","New Mexico Non-UZA","978,126","https://rapid.nationalrtap.org/GTFSFileManagement/UserUploadFiles/11404/CC_NM_GTFS.zip",,,"true","2026 March 12","2026 March 06"
"60152","City of Del Rio","Del Rio","TX","City, County or Local Government Unit or Department of Transportation","Rural Reporter","11","Bus","MB","DO","1","00048","Texas Non-UZA","6,869,284","https://rapid.nationalrtap.org/GTFSFileManagement/UserUploadFiles/13761/Del_Rio_GTFS.zip",,,"true","2026 March 26","2026 March 18"
"60159","South Plains Community Action Association, Inc.","Levelland","TX","Private-Non-Profit Corporation","Rural Reporter","35","Commuter Bus","CB","DO","2","00048","Texas Non-UZA","6,869,284","https://rapid.nationalrtap.org/GTFSFileManagement/UserUploadFiles/13691/GTFS_SPCAA.zip",,,"true","2026 March 26","2026 April 27"
"60160","OSU-Stillwater Community Transit","Stillwater","OK","University","Rural Reporter","18","Bus","MB","DO","16","00040","Oklahoma Non-UZA","1,994,607","https://shuttle.okstate.edu/gtfs_google/gtfs.zip",,,"true","2026 January 23","2026 January 22"
"60161","City of Eureka Springs","Eureka Springs","AR","City, County or Local Government Unit or Department of Transportation","Rural Reporter","16","Bus","MB","DO","12","00005","Arkansas Non-UZA","1,787,552","https://rapid.nationalrtap.org/GTFSFileManagement/UserUploadFiles/11548/Transit_Feed.zip",,,"true","2025 November 06","2026 April 29"
"60167","City of Roswell","Roswell","NM","City, County or Local Government Unit or Department of Transportation","Rural Reporter","8","Bus","MB","DO","3","00035","New Mexico Non-UZA","978,126","https://rapid.nationalrtap.org/GTFSFileManagement/UserUploadFiles/13693/roswell_nm_gtfs.zip",,,"true","2026 March 12","2026 March 06"
"60173","City of South Padre Island","South Padre Island","TX","City, County or Local Government Unit or Department of Transportation","Rural Reporter","4","Bus","MB","DO","4","00048","Texas Non-UZA","6,869,284","https://rapid.nationalrtap.org/GTFSFileManagement/UserUploadFiles/13690/SPI_GTFS.zip",,,"true","2026 March 26","2026 April 27"
"60179","El Paso County","El Paso","TX","City, County or Local Government Unit or Department of Transportation","Full Reporter","180","Bus","MB","PT","13","27253","El Paso, TX--NM","854,584","https://rapid.nationalrtap.org/GTFSFileManagement/UserUploadFiles/11511/GTFS_EPCT.zip",,,"true","2026 April 10","2026 April 07"
"60184","City of Carlsbad","Carlsbad","NM","City, County or Local Government Unit or Department of Transportation","Rural Reporter","21","Bus","MB","DO","4","00035","New Mexico Non-UZA","978,126","https://rapid.nationalrtap.org/GTFSFileManagement/UserUploadFiles/13685/CMTA_NM_GTFS.zip",,,"true","2026 March 12","2026 March 06"
"60185","Webb County","Laredo","TX","City, County or Local Government Unit or Department of Transportation","Rural Reporter","9","Bus","MB","DO","7","00048","Texas Non-UZA","6,869,284","https://rapid.nationalrtap.org/GTFSFileManagement/UserUploadFiles/13645/WebbGTFS_05.2025.zip",,,"true","2026 March 26","2026 February 23"
"60186","East Texas Council of Governments","Kilgore","TX","MPO, COG or Other Planning Agency","Rural Reporter","36","Bus","MB","DO","1","00048","Texas Non-UZA","6,869,284","https://rapid.nationalrtap.org/GTFSFileManagement/UserUploadFiles/13760/ETCOG_GTFS.zip",,,"true","2026 March 26","2026 March 18"
"60190","City of Hobbs","Hobbs","NM","City, County or Local Government Unit or Department of Transportation","Rural Reporter","9","Bus","MB","DO","6","00035","New Mexico Non-UZA","978,126","https://rapid.nationalrtap.org/GTFSFileManagement/UserUploadFiles/11543/hobbs_gtfs.zip",,,"true","2026 March 12","2026 March 06"
"60196","Tangipahoa Voluntary Council on Aging","Amite","LA","Area Agency on Aging","Reduced Reporter","11","Bus","MB","DO","2","36514","Hammond, LA","72,526","https://rapid.nationalrtap.org/GTFSFileManagement/UserUploadFiles/11510/tangipahoa_gtfs.zip",,,"true","2026 January 20","2025 December 16"
"60203","Muskogee County Public Transit Authority","Muskogee","OK","Independent Public Agency or Authority of Transit Service","Rural Reporter","21","Bus","MB","DO","3","00040","Oklahoma Non-UZA","1,994,607","https://rapid.nationalrtap.org/GTFSFileManagement/UserUploadFiles/13658/mct_ok_gtfs.zip",,,"true","2026 January 09","2026 March 02"
"60206","Zia Therapy Center, Inc.","Alamogordo","NM","Private-Non-Profit Corporation","Reduced Reporter","11","Bus","MB","DO","8","47935","Las Cruces, NM","139,338","https://rapid.nationalrtap.org/GTFSFileManagement/UserUploadFiles/11874/Zia_gtfs.zip",,,"true","2026 March 05","2026 March 02"
"60214","Logan County Historical Society","Guthrie","OK","Private-Non-Profit Corporation","Rural Reporter","39","Bus","MB","DO","1","00040","Oklahoma Non-UZA","1,994,607","https://rapid.nationalrtap.org/GTFSFileManagement/UserUploadFiles/11544/fct_gtfs(8).zip",,,"true","2026 January 23","2026 January 23"
"60215","Incorporated County of Los Alamos","Los Alamos","NM","City, County or Local Government Unit or Department of Transportation","Rural Reporter","17","Bus","MB","DO","14","00035","New Mexico Non-UZA","978,126","https://gtfs.remix.com/act_los_alamos_nm_us.zip",,,"true","2026 March 12","2026 March 06"
"60224","Gallup Rural Transit","Gallup","NM","Private-Non-Profit Corporation","Rural Reporter","8","Bus","MB","DO","8","00035","New Mexico Non-UZA","978,126","https://rapid.nationalrtap.org/GTFSFileManagement/UserUploadFiles/11576/get_gtfs.zip",,,"true","2026 March 12","2026 March 06"
"60256","Southwest Area Regional Transit District","Uvalde","TX","Independent Public Agency or Authority of Transit Service","Reduced Reporter","28","Bus","MB","DO","3","25498","Eagle Pass, TX","54,083","https://rapid.nationalrtap.org/GTFSFileManagement/UserUploadFiles/13091/SWART_12.2024_GTFS.zip",,,"true","2026 March 25","2026 March 23"
"60262","Central Texas Rural Transit District","Coleman","TX","Independent Public Agency or Authority of Transit Service","Rural Reporter","57","Bus","MB","DO","5","00048","Texas Non-UZA","6,869,284","https://rapid.nationalrtap.org/GTFSFileManagement/UserUploadFiles/13773/CTRTD_GTFS.zip",,,"true",,"2026 March 25"
"60269","Texas State University","San Marcos","TX","University","Full Reporter","39","Bus","MB","PT","39","79201","San Marcos, TX","70,801","https://docs.gato.txst.edu/357013/gtfs.zip",,,"true","2026 March 18","2026 March 11"
"60273","University of Texas Rio Grande Valley","Edinburg","TX","University","Full Reporter","43","Bus","MB","DO","23","52390","McAllen, TX","779,553","https://www.utrgv.edu/parking-and-transportation-services/transportation-services/utrgv_gtfs.zip",,,"true","2026 March 24","2025 February 27"
"60273","University of Texas Rio Grande Valley","Edinburg","TX","University","Full Reporter","43","Bus","MB","PT","20","52390","McAllen, TX","779,553","https://www.utrgv.edu/parking-and-transportation-services/transportation-services/utrgv_gtfs.zip",,,"true","2026 March 24","2025 February 27"
"60274","South Texas College","Mcallen","TX","University","Reduced Reporter","2","Bus","MB","DO","2","52390","McAllen, TX","779,553","https://www.southtexascollege.edu/jagexpress/files/stc_jagexpress_gtfs.zip",,,"true","2026 March 18","2026 March 05"
"60275","Gulf Coast Transit District","Texas City","TX","Independent Public Agency or Authority of Transit Service","Reduced Reporter","30","Commuter Bus","CB","DO","3","32491","Galveston--Texas City, TX","191,863","https://rapid.nationalrtap.org/GTFSFileManagement/UserUploadFiles/13561/GCTD_TX_GTFS.zip",,,"true","2026 April 01","2026 March 16"
"60275","Gulf Coast Transit District","Texas City","TX","Independent Public Agency or Authority of Transit Service","Reduced Reporter","30","Bus","MB","DO","2","32491","Galveston--Texas City, TX","191,863","https://rapid.nationalrtap.org/GTFSFileManagement/UserUploadFiles/13561/GCTD_TX_GTFS.zip",,,"true","2026 April 01","2026 March 16"
"60276","Plaquemines Port, Harbor and Terminal District","Belle Chasse","LA","Independent Public Agency or Authority of Transit Service","Full Reporter","2","Ferryboat","FB","DO","2","62677","New Orleans, LA","963,212","https://rapid.nationalrtap.org/GTFSFileManagement/UserUploadFiles/13377/LGP_GTFS.zip",,,,"2025 June 17","2026 April 22"
"60278","Texas A&M University","College Station","TX","University","Full Reporter","66","Bus","MB","DO","66","18748","College Station--Bryan, TX","206,137","https://transport.tamu.edu/webFS/gtfs/google_transit.zip",,,"true","2026 March 31","2026 March 19"
"66170","Muscogee (Creek) Nation","Okmulgee","OK","Tribe","Reduced Reporter","19","Bus","MB","DO","1","00040","Oklahoma Non-UZA","1,994,607","https://rapid.nationalrtap.org/GTFSFileManagement/UserUploadFiles/13099/mcn_ok_gtfs.zip",,,"true","2026 March 19","2026 March 19"
"66194","Cheyenne & Arapaho Tribes","Concho","OK","Tribe","Reduced Reporter","8","Bus","MB","DO","3","00040","Oklahoma Non-UZA","1,994,607","https://rapid.nationalrtap.org/GTFSFileManagement/UserUploadFiles/5269/CATT_GTFS.zip",,,"true","2025 April 16","2026 February 05"
"66242","Zuni Pueblo","Zuni","NM","Tribe","Reduced Reporter","5","Bus","MB","DO","5","00035","New Mexico Non-UZA","978,126","https://rapid.nationalrtap.org/GTFSFileManagement/UserUploadFiles/7763/AshiwiGTFS.zip",,,"true","2025 April 25","2025 April 24"
"66271","Capital Area Rural Transportation System","Cedar Creek","TX","Independent Public Agency or Authority of Transit Service","Rural Reporter","40","Commuter Bus","CB","DO","4","00048","Texas Non-UZA","6,869,284","https://myride.ridecarts.com/realtime/google_transit.zip",,,"true","2026 March 26","2026 March 18"
"66276","McLennan County","Waco","TX","City, County or Local Government Unit or Department of Transportation","Rural Reporter","20","Commuter Bus","CB","DO","3","00048","Texas Non-UZA","6,869,284","https://wacotransit.transloc.com/secure/admin/Reports/GTFSDownload.aspx",,,"true",,"2026 March 30"
"66283","South Central Regional Transit District","Anthony","NM","Independent Public Agency or Authority of Transit Service","Reduced Reporter","15","Bus","MB","DO","15","47935","Las Cruces, NM","139,338","https://mjcaction.com/MJC_GTFS_Public/scrtd_google_transit.zip",,,"true","2026 April 27","2026 April 22"
"66341","City of Norman","Norman","OK","City, County or Local Government Unit or Department of Transportation","Reduced Reporter","24","Bus","MB","PT","6","63433","Norman, OK","120,191","https://mna.mecatran.com/utw/ws/gtfsfeed/static/okc",,,"true","2026 April 27","2026 April 27"
"66343","City of San Marcos","San Marcos","TX","City, County or Local Government Unit or Department of Transportation","Reduced Reporter","14","Commuter Bus","CB","PT","2","79201","San Marcos, TX","70,801","https://rapid.nationalrtap.org/GTFSFileManagement/UserUploadFiles/13164/feed.zip",,,"true","2026 February 06","2026 March 02"
"66343","City of San Marcos","San Marcos","TX","City, County or Local Government Unit or Department of Transportation","Reduced Reporter","14","Bus","MB","PT","8","79201","San Marcos, TX","70,801","https://rapid.nationalrtap.org/GTFSFileManagement/UserUploadFiles/13164/Feed.zip",,,"true","2026 February 06","2026 March 02"
"70001","City of Lincoln","Lincoln","NE","City, County or Local Government Unit or Department of Transportation","Full Reporter","71","Bus","MB","DO","49","49933","Lincoln, NE","291,217","https://startran.connexionz.net/rtt/public/resource/gtfs.zip",,,"true","2026 April 10","2026 February 25"
"70002","Transit Authority of Omaha","Omaha","NE","Independent Public Agency or Authority of Transit Service","Full Reporter","106","Bus","MB","DO","82","65269","Omaha, NE--IA","819,508","https://www.ometro.com/wp-content/uploads/GTFSRT/google_transit.zip",,,"true","2025 May 15","2026 April 21"
"70003","City of Springfield","Springfield","MO","City, County or Local Government Unit or Department of Transportation","Full Reporter","22","Bus","MB","DO","18","83953","Springfield, MO","282,651","https://webapp.cityutilities.net/GTPM/google_transit.zip",,,"true","2026 February 23","2026 April 29"
"70004","Winnebago Tribe of Nebraska","Winnebago","NE","Tribe","Reduced Reporter","3","Bus","MB","DO","2","00031","Nebraska Non-UZA","846,992",,"This agency provided the GTFS as a zip file instead of a public weblink, providing justification for why it could not be hosted. Please contact the agency if you need to access this file.",,"true","2026 March 05","2026 March 03"
"70005","Kansas City Area Transportation Authority","Kansas City","MO","Independent Public Agency or Authority of Transit Service","Full Reporter","278","Bus","MB","DO","117","43912","Kansas City, MO--KS","1,674,218","http://www.kc-metro.com/gtf/google_transit.zip",,,,"2025 June 09","2024 May 31"
"70005","Kansas City Area Transportation Authority","Kansas City","MO","Independent Public Agency or Authority of Transit Service","Full Reporter","278","Bus Rapid Transit","RB","DO","9","43912","Kansas City, MO--KS","1,674,218","http://www.kc-metro.com/gtf/google_transit.zip",,,,"2025 June 09","2024 May 31"
"70006","Bi-State Development Agency of the Missouri-Illinois Metropolitan District","Saint Louis","MO","Independent Public Agency or Authority of Transit Service","Full Reporter","434","Light Rail","LR","DO","32","77770","St. Louis, MO--IL","2,156,323","https://www.metrostlouis.org/Transit/google_transit.zip",,,"true","2026 February 13","2026 January 20"
"70006","Bi-State Development Agency of the Missouri-Illinois Metropolitan District","Saint Louis","MO","Independent Public Agency or Authority of Transit Service","Full Reporter","434","Bus","MB","DO","263","77770","St. Louis, MO--IL","2,156,323","https://www.metrostlouis.org/Transit/google_transit.zip",,,"true","2026 February 13","2026 January 20"
"70007","City of Bettendorf","Bettendorf","IA","City, County or Local Government Unit or Department of Transportation","Reduced Reporter","3","Bus","MB","DO","3","22366","Davenport, IA--IL","285,211","https://data.trilliumtransit.com/gtfs/bettendorf-ia-us/bettendorf-ia-us.zip",,,"true","2025 November 07","2026 February 27"
"70008","City of Cedar Rapids","Cedar Rapids","IA","City, County or Local Government Unit or Department of Transportation","Full Reporter","27","Bus","MB","DO","21","14752","Cedar Rapids, IA","192,844","https://rapid.nationalrtap.org/GTFSFileManagement/UserUploadFiles/11565/GTFS-CedarRapidsTransit(12-22-2025).zip",,,"true","2026 January 02","2025 December 22"
"70009","City of Davenport","Davenport","IA","City, County or Local Government Unit or Department of Transportation","Full Reporter","15","Bus","MB","DO","15","22366","Davenport, IA--IL","285,211","https://s3.amazonaws.com/etatransit.gtfs/citibuspublic.etaspot.net/gtfs.zip",,,"true","2025 November 07","2026 February 27"
"70010","Des Moines Area Regional Transit Authority","Des Moines","IA","Independent Public Agency or Authority of Transit Service","Full Reporter","142","Bus","MB","DO","84","23743","Des Moines, IA","542,486","https://www.ridedart.com/gtfs/data/gtfsdata",,,"true","2026 January 27","2026 January 06"
"70011","City of Dubuque","Dubuque","IA","City, County or Local Government Unit or Department of Transportation","Reduced Reporter","19","Bus","MB","DO","10","24823","Dubuque, IA--IL","70,332","https://myride.cityofdubuque.org/GTFS/google_transit.zip",,,"true","2026 March 20","2026 March 16"
"70012","City of Sioux City","Sioux City","IA","City, County or Local Government Unit or Department of Transportation","Full Reporter","31","Bus","MB","DO","18","82225","Sioux City, IA--NE--SD","113,066","https://passio3.com/siouxcity/passioTransit/gtfs/google_transit.zip",,,"true","2026 January 23","2026 March 13"
"70013","Metropolitan Transit Authority of Black Hawk County","Waterloo","IA","Independent Public Agency or Authority of Transit Service","Reduced Reporter","26","Bus","MB","DO","11","92593","Waterloo, IA","114,139","https://mettransit.org/sites/default/files/GTFS.zip",,,"true","2026 March 10","2026 March 10"
"70014","Topeka Metropolitan Transit Authority","Topeka","KS","Independent Public Agency or Authority of Transit Service","Full Reporter","35","Bus","MB","DO","19","88084","Topeka, KS","148,956","https://gtfs.remix.com/topeka_metro_ks_us.zip",,,"true","2026 January 21","2026 January 13"
"70015","City of Wichita","Wichita","KS","City, County or Local Government Unit or Department of Transportation","Full Reporter","61","Bus","MB","DO","41","95077","Wichita, KS","500,231","https://bus.wichitatransit.org/InfoPoint/gtfs-zip.ashx",,,"true","2025 May 13","2026 April 30"
"70016","City of Columbia","Columbia","MO","City, County or Local Government Unit or Department of Transportation","Full Reporter","25","Bus","MB","DO","10","18937","Columbia, MO","141,831","https://www.gocomotransit.com/wp-content/uploads/2025/06/GTFS_2025.zip",,,"true",,"2026 April 29"
"70018","City of Iowa City","Iowa City","IA","City, County or Local Government Unit or Department of Transportation","Full Reporter","21","Bus","MB","DO","21","41590","Iowa City, IA","126,810","https://ictransit.syncromatics.com/gtfs",,,"true","2025 December 17","2025 November 20"
"70019","University of Iowa","Iowa City","IA","University","Full Reporter","25","Bus","MB","DO","21","41590","Iowa City, IA","126,810","https://cambus.syncromatics.com/gtfs",,,"true","2026 March 02","2026 March 02"
"70030","City of Coralville","Coralville","IA","City, County or Local Government Unit or Department of Transportation","Full Reporter","7","Bus","MB","DO","7","41590","Iowa City, IA","126,810","https://data.trilliumtransit.com/gtfs/coralvilletransitsystem-ia-us/coralvilletransitsystem-ia-us.zip",,,"true","2025 December 05","2025 December 01"
"70032","City of St. Joseph, Missouri","Saint Joseph","MO","City, County or Local Government Unit or Department of Transportation","Reduced Reporter","15","Bus","MB","DO","12","77743","St. Joseph, MO--KS","77,187","https://rapid.nationalrtap.org/GTFSFileManagement/UserUploadFiles/11982/google_transit.zip",,,"true","2025 December 23","2025 December 23"
"70035","Johnson County Kansas","Olathe","KS","City, County or Local Government Unit or Department of Transportation","Full Reporter","85","Commuter Bus","CB","PT","9","43912","Kansas City, MO--KS","1,674,218","https://data.trilliumtransit.com/gtfs/johnsoncounty-ks-us/johnsoncounty-ks-us.zip",,,"true","2025 May 29","2026 April 21"
"70035","Johnson County Kansas","Olathe","KS","City, County or Local Government Unit or Department of Transportation","Full Reporter","85","Bus","MB","PT","19","43912","Kansas City, MO--KS","1,674,218","https://data.trilliumtransit.com/gtfs/johnsoncounty-ks-us/johnsoncounty-ks-us.zip",,,"true","2025 May 29","2026 April 21"
"70040","City of Joplin","Joplin","MO","City, County or Local Government Unit or Department of Transportation","Reduced Reporter","11","Bus","MB","DO","3","43399","Joplin, MO","86,679","https://rapid.nationalrtap.org/GTFSFileManagement/UserUploadFiles/13152/joplin_mo_gtfs.zip",,,"true","2026 March 19","2026 March 18"
"70041","Ames Transit Agency","Ames","IA","City, County or Local Government Unit or Department of Transportation","Full Reporter","65","Bus","MB","DO","65","02062","Ames, IA","66,342","https://www.cyride.net/gtf/gtfs.zip",,,"true","2026 January 26","2026 February 26"
"70043","City of Jefferson","Jefferson City","MO","City, County or Local Government Unit or Department of Transportation","Reduced Reporter","18","Bus","MB","DO","9","42967","Jefferson City, MO","50,775","https://jctgtfsdownload.itcurves.us/DownloadGtfs",,,"true","2026 April 23","2026 April 23"
"70044","University of Kansas","Lawrence","KS","University","Full Reporter","21","Bus","MB","PT","21","48232","Lawrence, KS","94,998","https://assets.lawrenceks.org/transit/KU-LTS_GTFS.zip",,,"true","2026 March 24","2025 October 30"
"70047","Unified Government of Wyandotte County and Kansas City, KS","Kansas City","KS","City, County or Local Government Unit or Department of Transportation","Reduced Reporter","22","Bus","MB","DO","10","43912","Kansas City, MO--KS","1,674,218","https://gtfs.remix.com/WYCOKCK_Unified_Government_Transportation_Department.zip",,,"true","2026 April 13","2026 April 09"
"70048","City of Lawrence","Lawrence","KS","City, County or Local Government Unit or Department of Transportation","Full Reporter","54","Bus","MB","PT","23","48232","Lawrence, KS","94,998","https://assets.lawrenceks.org/transit/KU-LTS_GTFS.zip",,,"true","2025 May 09","2026 April 22"
"70049","River Bend Transit","Davenport","IA","Private-Non-Profit Corporation","Full Reporter","41","Bus","MB","DO","3","22366","Davenport, IA--IL","285,211","https://s3.amazonaws.com/etatransit.gtfs/citibuspublic.etaspot.net/gtfs.zip",,,"true","2025 December 03","2024 December 13"
"70049","River Bend Transit","Davenport","IA","Private-Non-Profit Corporation","Full Reporter","41","Bus","MB","DO","3","22366","Davenport, IA--IL","285,211","https://data.trilliumtransit.com/gtfs/bettendorf-ia-us/bettendorf-ia-us.zip",,,"true","2025 December 03","2026 February 27"
"70050","Southeast Missouri State University","Cape Girardeau","MO","University","Reduced Reporter","2","Bus","MB","DO","2","13537","Cape Girardeau, MO--IL","55,546","https://rapid.nationalrtap.org/GTFSFileManagement/UserUploadFiles/13198/SEMO_gtfs.zip",,,"true","2026 February 18","2026 April 27"
"70051","Cape Girardeau County Transit Authority","Cape Girardeau","MO","Independent Public Agency or Authority of Transit Service","Reduced Reporter","24","Bus","MB","DO","2","13537","Cape Girardeau, MO--IL","55,546","https://cgcta.tripshot.com/v1/gtfs/feed/cgcta",,,"true","2025 November 13","2026 February 26"
"70053","Flint Hills Area Transportation Agency, Inc","Manhattan","KS","Private-Non-Profit Corporation","Reduced Reporter","14","Bus","MB","DO","9","53848","Manhattan, KS","60,454","https://rapid.nationalrtap.org/GTFSFileManagement/UserUploadFiles/5197/FH_ATA_GTFS.zip",,,"true","2026 March 30","2026 March 30"
"70057","Loop Trolley Transportation Development District","Saint Louis","MO","Independent Public Agency or Authority of Transit Service","Full Reporter","1","Streetcar Rail","SR","PT","1","77770","St. Louis, MO--IL","2,156,323","https://files.looptrolley.com/google_transit.zip",,,"true","2025 June 12","2026 April 28"
"70060","Developmental Services of Northwest Kansas, Inc.","Hays","KS","Private-Non-Profit Corporation","Rural Reporter","11","Bus","MB","DO","1","00020","Kansas Non-UZA","1,388,420","https://rapid.nationalrtap.org/GTFSFileManagement/UserUploadFiles/11352/DSNWK_Hays_KS_gtfs.zip",,,"true","2026 February 26","2026 March 02"
"70070","Finney County","Garden City","KS","City, County or Local Government Unit or Department of Transportation","Rural Reporter","14","Bus","MB","DO","10","00020","Kansas Non-UZA","1,388,420","https://rapid.nationalrtap.org/GTFSFileManagement/UserUploadFiles/13210/FCT_gtfs.zip",,,"true","2026 April 09","2025 March 12"
"70078","Southeast Kansas Community Action Program","Girard","KS","Private-Non-Profit Corporation","Rural Reporter","12","Bus","MB","DO","3","00020","Kansas Non-UZA","1,388,420","https://rapid.nationalrtap.org/GTFSFileManagement/UserUploadFiles/11365/GTFSzipSEK-CAP01222025.zip",,,"true","2026 February 26","2026 March 02"
"70092","City of Marshalltown","Marshalltown","IA","City, County or Local Government Unit or Department of Transportation","Rural Reporter","4","Bus","MB","DO","4","00019","Iowa Non-UZA","1,771,195","https://data.trilliumtransit.com/gtfs/marshalltownmunicipaltransit-ia-us/marshalltownmunicipaltransit-ia-us.zip",,,"true","2026 April 16","2026 March 31"
"70101","City of Muscatine","Muscatine","IA","City, County or Local Government Unit or Department of Transportation","Rural Reporter","9","Bus","MB","DO","4","00019","Iowa Non-UZA","1,771,195","https://data.trilliumtransit.com/gtfs/muscabus-ia-us/muscabus-ia-us.zip",,,"true","2026 April 16","2026 March 31"
"70108","City of Fort Dodge","Fort Dodge","IA","City, County or Local Government Unit or Department of Transportation","Rural Reporter","13","Bus","MB","PT","11","00019","Iowa Non-UZA","1,771,195","https://data.trilliumtransit.com/gtfs/dart-ia-us/dart-ia-us.zip",,,"true","2026 April 16","2026 March 31"
"70111","City of Burlington","Burlington","IA","City, County or Local Government Unit or Department of Transportation","Rural Reporter","10","Bus","MB","DO","10","00019","Iowa Non-UZA","1,771,195","https://data.trilliumtransit.com/gtfs/burlington-ia-us/burlington-ia-us.zip",,,"true","2026 April 16","2026 March 31"
"70138","East Central Iowa Council of Governments","Cedar Rapids","IA","MPO, COG or Other Planning Agency","Reduced Reporter","30","Commuter Bus","CB","PT","4","41590","Iowa City, IA","126,810","https://data.trilliumtransit.com/gtfs/corridorrides-ia-us/corridorrides-ia-us.zip",,,"true","2026 March 17","2026 March 17"
"70139","City of Dodge City","Dodge City","KS","City, County or Local Government Unit or Department of Transportation","Rural Reporter","8","Bus","MB","DO","5","00020","Kansas Non-UZA","1,388,420","https://rapid.nationalrtap.org/GTFSFileManagement/UserUploadFiles/13106/DodgeCity_GTFS(1).zip",,,"true","2026 February 26","2026 April 22"
"70145","OCCK, Inc.","Salina","KS","Private-Non-Profit Corporation","Rural Reporter","54","Bus","MB","DO","22","00020","Kansas Non-UZA","1,388,420","https://salinacitygo.com/wp-content/uploads/gtfs_occktrans.zip",,,"true","2026 February 26","2026 March 02"
"70156","Community Concern","Norfolk","NE","Private-Non-Profit Corporation","Rural Reporter","9","Bus","MB","DO","2","00031","Nebraska Non-UZA","846,992","https://data.trilliumtransit.com/gtfs/northfork-ne-us/northfork-ne-us--flex-v2.zip",,,"true","2026 January 29","2026 March 03"
"70162","City of Excelsior Springs","Excelsior Springs","MO","City, County or Local Government Unit or Department of Transportation","Rural Reporter","4","Bus","MB","DO","4","00029","Missouri Non-UZA","2,638,371","https://rapid.nationalrtap.org/GTFSFileManagement/UserUploadFiles/13638/excelsior_mo_gtfs.zip",,,"true","2025 December 15","2025 December 09"
"70173","City of Clinton","Clinton","IA","City, County or Local Government Unit or Department of Transportation","Rural Reporter","12","Bus","MB","DO","6","00019","Iowa Non-UZA","1,771,195","https://data.trilliumtransit.com/gtfs/clintonmta-ia-us/clintonmta-ia-us.zip",,,"true","2026 April 16","2026 March 31"
"70180","Reno County","Hutchinson","KS","City, County or Local Government Unit or Department of Transportation","Rural Reporter","10","Bus","MB","DO","4","00020","Kansas Non-UZA","1,388,420","https://rapid.nationalrtap.org/GTFSFileManagement/UserUploadFiles/7706/rcatgtfsfeed.zip",,,"true","2026 February 26","2026 March 02"
"70183","Scotts Bluff Public Transit","Gering","NE","City, County or Local Government Unit or Department of Transportation","Rural Reporter","10","Bus","MB","DO","4","00031","Nebraska Non-UZA","846,992","https://data.trilliumtransit.com/gtfs/tricityroadrunner-ne-us/tricityroadrunner-ne-us--flex-v2.zip",,,"true","2026 January 29","2026 March 03"
"70200","Kimball County Public Transit","Kimball","NE","City, County or Local Government Unit or Department of Transportation","Rural Reporter","11","Bus","MB","DO","6","00031","Nebraska Non-UZA","846,992","https://data.trilliumtransit.com/gtfs/kimballcountytransit-ne-us/kimballcountytransit-ne-us--flex-v2.zip",,,"true","2026 January 29","2026 March 03"
"70227","City of Liberal","Liberal","KS","City, County or Local Government Unit or Department of Transportation","Rural Reporter","5","Bus","MB","DO","3","00020","Kansas Non-UZA","1,388,420","https://rapid.nationalrtap.org/GTFSFileManagement/UserUploadFiles/11606/google_transit(2).zip",,,"true","2026 February 26","2026 March 02"
"70242","10-15 Regional Transit Agency","Ottumwa","IA","Independent Public Agency or Authority of Transit Service","Rural Reporter","103","Bus","MB","DO","5","00019","Iowa Non-UZA","1,771,195","https://data.trilliumtransit.com/gtfs/10-15transit-ia-us/10-15transit-ia-us.zip",,,"true","2026 April 16","2026 March 31"
"70260","City of Mason City","Mason City","IA","City, County or Local Government Unit or Department of Transportation","Rural Reporter","12","Bus","MB","DO","12","00019","Iowa Non-UZA","1,771,195","https://data.trilliumtransit.com/gtfs/masoncity-ia-us/masoncity-ia-us.zip",,,"true","2026 April 16","2026 March 31"
"70271","Kansas City, City of Missouri","Kansas City","MO","City, County or Local Government Unit or Department of Transportation","Full Reporter","5","Streetcar Rail","SR","PT","5","43912","Kansas City, MO--KS","1,674,218","https://www.kc-metro.com/gtf/google_transit.zip",,,"true","2026 April 17","2026 April 17"
"77086","New Bourbon Regional Port Authority","Perryville","MO","City, County or Local Government Unit or Department of Transportation","Rural Reporter","1","Ferryboat","FB","DO","1","00029","Missouri Non-UZA","2,638,371","https://rapid.nationalrtap.org/GTFSFileManagement/UserUploadFiles/13638/stgen_mo_ferry_gtfs.zip",,,"true","2025 December 15","2025 December 09"
"80001","Utah Transit Authority","Salt Lake City","UT","Independent Public Agency or Authority of Transit Service","Full Reporter","1,206","Commuter Bus","CB","DO","45","78499","Salt Lake City, UT","1,178,533","https://gtfsfeed.rideuta.com/gtfs.zip",,,"true","2025 May 15","2026 April 21"
"80001","Utah Transit Authority","Salt Lake City","UT","Independent Public Agency or Authority of Transit Service","Full Reporter","1,206","Commuter Rail","CR","DO","44","78499","Salt Lake City, UT","1,178,533","https://gtfsfeed.rideuta.com/gtfs.zip",,,"true","2025 May 15","2026 April 21"
"80001","Utah Transit Authority","Salt Lake City","UT","Independent Public Agency or Authority of Transit Service","Full Reporter","1,206","Light Rail","LR","DO","75","78499","Salt Lake City, UT","1,178,533","https://gtfsfeed.rideuta.com/gtfs.zip",,,"true","2025 May 15","2026 April 21"
"80001","Utah Transit Authority","Salt Lake City","UT","Independent Public Agency or Authority of Transit Service","Full Reporter","1,206","Bus","MB","DO","341","78499","Salt Lake City, UT","1,178,533","https://gtfsfeed.rideuta.com/gtfs.zip",,,"true","2025 May 15","2026 April 21"
"80001","Utah Transit Authority","Salt Lake City","UT","Independent Public Agency or Authority of Transit Service","Full Reporter","1,206","Bus","MB","PT","12","78499","Salt Lake City, UT","1,178,533","https://gtfsfeed.rideuta.com/gtfs.zip",,,"true","2025 May 15","2026 April 21"
"80002","City of Sioux Falls","Sioux Falls","SD","City, County or Local Government Unit or Department of Transportation","Full Reporter","44","Bus","MB","PT","18","82252","Sioux Falls, SD","194,283","https://gtfs.remix.com/sioux_area_metro_sioux_falls_sd_us.zip",,,"true","2026 April 27","2026 April 27"
"80004","City of Billings","Billings","MT","City, County or Local Government Unit or Department of Transportation","Full Reporter","27","Bus","MB","DO","14","07705","Billings, MT","128,787","https://passio3.com/billings/passioTransit/gtfs/google_transit.zip",,,"true","2026 March 12","2026 March 12"
"80005","City of Colorado Springs","Colorado Springs","CO","City, County or Local Government Unit or Department of Transportation","Full Reporter","101","Bus","MB","PT","59","18856","Colorado Springs, CO","632,494","https://coloradosprings.gov/document/googletransit.zip",,,"true","2026 April 27","2026 April 27"
"80006","Denver Regional Transportation District","Denver","CO","Independent Public Agency or Authority of Transit Service","Full Reporter","1,053","Commuter Rail","CR","DO","8","23527","Denver--Aurora, CO","2,686,147","https://nodejs-prod.rtd-denver.com/api/download/gtfs/RTD_Denver_Direct_Operated_Commuter_Rail_GTFS.zip",,,"true","2026 April 30","2026 April 15"
"80006","Denver Regional Transportation District","Denver","CO","Independent Public Agency or Authority of Transit Service","Full Reporter","1,053","Commuter Rail","CR","PT","36","23527","Denver--Aurora, CO","2,686,147","https://nodejs-prod.rtd-denver.com/api/download/gtfs/RTD_Denver_Purchased_Transportation_Commuter_Rail_GTFS.zip",,,"true","2026 April 30","2026 April 15"
"80006","Denver Regional Transportation District","Denver","CO","Independent Public Agency or Authority of Transit Service","Full Reporter","1,053","Light Rail","LR","DO","95","23527","Denver--Aurora, CO","2,686,147","https://nodejs-prod.rtd-denver.com/api/download/gtfs/RTD_Denver_Direct_Operated_Light_Rail_GTFS.zip",,,"true","2026 April 30","2026 April 15"
"80006","Denver Regional Transportation District","Denver","CO","Independent Public Agency or Authority of Transit Service","Full Reporter","1,053","Bus","MB","DO","341","23527","Denver--Aurora, CO","2,686,147","https://nodejs-prod.rtd-denver.com/api/download/gtfs/RTD_Denver_Direct_Operated_Motorbus_GTFS.zip",,,"true","2026 April 30","2026 April 15"
"80006","Denver Regional Transportation District","Denver","CO","Independent Public Agency or Authority of Transit Service","Full Reporter","1,053","Bus","MB","PT","233","23527","Denver--Aurora, CO","2,686,147","https://nodejs-prod.rtd-denver.com/api/download/gtfs/RTD_Denver_Direct_Purchased_Transportation_Motorbus_GTFS.zip",,,"true","2026 April 30","2026 April 15"
"80007","City of Pueblo","Pueblo","CO","City, County or Local Government Unit or Department of Transportation","Full Reporter","28","Bus","MB","DO","13","72613","Pueblo, CO","120,642","https://www.pueblo.us/DocumentCenter/View/38110/GTFS-DATA",,,"true","2025 April 23","2026 April 21"
"80008","City of Grand Forks","Grand Forks","ND","City, County or Local Government Unit or Department of Transportation","Full Reporter","25","Bus","MB","DO","12","34219","Grand Forks, ND--MN","68,160","https://data.trilliumtransit.com/gtfs/cityofgrandforks-nd-us/cityofgrandforks-nd-us.zip",,,"true","2025 April 28","2026 April 21"
"80009","Missoula Urban Transportation District","Missoula","MT","Independent Public Agency or Authority of Transit Service","Full Reporter","37","Bus","MB","DO","22","57736","Missoula, MT","88,109","https://mountainline.com/files/MUTD_GTFS.zip",,,"true","2026 January 14","2025 December 23"
"80010","Greeley, City Of","Greeley","CO","City, County or Local Government Unit or Department of Transportation","Reduced Reporter","29","Bus","MB","DO","22","34786","Greeley, CO","137,222","https://data.trilliumtransit.com/gtfs/greeleyevans-co-us/greeleyevans-co-us.zip",,,"true","2025 June 09","2026 April 21"
"80011","City of Fort Collins","Fort Collins","CO","City, County or Local Government Unit or Department of Transportation","Full Reporter","48","Bus","MB","DO","26","30628","Fort Collins, CO","326,332","https://ridetransfort.com/wp-content/uploads/transfort_gtfs.zip",,,"true","2025 April 22","2026 April 21"
"80011","City of Fort Collins","Fort Collins","CO","City, County or Local Government Unit or Department of Transportation","Full Reporter","48","Bus","MB","PT","2","30628","Fort Collins, CO","326,332","https://ridetransfort.com/wp-content/uploads/transfort_gtfs.zip",,,"true","2025 April 22","2026 April 21"
"80011","City of Fort Collins","Fort Collins","CO","City, County or Local Government Unit or Department of Transportation","Full Reporter","48","Bus Rapid Transit","RB","DO","6","30628","Fort Collins, CO","326,332","https://ridetransfort.com/wp-content/uploads/transfort_gtfs.zip",,,"true","2025 April 22","2026 April 21"
"80012","Great Falls Transit District","Great Falls","MT","Independent Public Agency or Authority of Transit Service","Full Reporter","24","Bus","MB","DO","13","34759","Great Falls, MT","67,097","https://rapid.nationalrtap.org/GTFSFileManagement/UserUploadFiles/7935/GFT_GTFS.zip",,,"true","2026 February 06","2026 February 05"
"80013","City of Casper","Casper","WY","City, County or Local Government Unit or Department of Transportation","Reduced Reporter","24","Bus","MB","DO","11","14482","Casper, WY","67,751","https://rapid.nationalrtap.org/GTFSFileManagement/UserUploadFiles/11555/CATTransit.zip",,,"true","2026 March 02","2026 February 27"
"80014","City of Rapid City","Rapid City","SD","City, County or Local Government Unit or Department of Transportation","Reduced Reporter","18","Bus","MB","DO","6","73396","Rapid City, SD","85,679","https://rapid.nationalrtap.org/GTFSFileManagement/UserUploadFiles/13102/rts_corc_gtfs.zip",,,"true","2025 February 14","2026 April 30"
"80016","County of Mesa","Grand Junction","CO","City, County or Local Government Unit or Department of Transportation","Reduced Reporter","21","Bus","MB","PT","12","34273","Grand Junction, CO","135,973","https://emap.mesacounty.us/datadownload/Google_Transit_Feed/google_transit.zip",,,"true","2025 May 06","2024 May 15"
"80018","Fort Peck Tribes","Wolf Point","MT","Tribe","Reduced Reporter","9","Bus","MB","DO","2","00030","Montana Non-UZA","688,772","https://rapid.nationalrtap.org/GTFSFileManagement/UserUploadFiles/12046/FPTS_MT_GTFS.zip",,,"true","2026 March 10","2026 March 10"
"80019","Bis-Man Transit Board","Bismarck","ND","Independent Public Agency or Authority of Transit Service","Reduced Reporter","24","Bus","MB","PT","6","07921","Bismarck, ND","98,198","https://rapid.nationalrtap.org/GTFSFileManagement/UserUploadFiles/5376/GFTSFeedsBMTB.zip",,,"true","2026 April 02","2026 April 01"
"80020","The City of Cheyenne","Cheyenne","WY","City, County or Local Government Unit or Department of Transportation","Reduced Reporter","12","Bus","MB","DO","4","16237","Cheyenne, WY","79,250","https://rapid.nationalrtap.org/GTFSFileManagement/UserUploadFiles/5226/CTP_gtfs.zip",,,"true","2026 February 19","2026 March 30"
"80025","City of Loveland, Colorado","Loveland","CO","City, County or Local Government Unit or Department of Transportation","Full Reporter","10","Bus","MB","DO","7","30628","Fort Collins, CO","326,332","https://www.lovgov.org/home/showpublisheddocument/63601/639117570612570000",,,"true",,"2026 April 28"
"80026","City of St. George","Saint George","UT","City, County or Local Government Unit or Department of Transportation","Reduced Reporter","11","Bus","MB","DO","7","77446","St. George, UT","134,109","https://enet.sgcity.org/GTFS_2024-11-20.zip",,,"true","2025 November 12","2024 November 20"
"80028","Cache Valley Transit District","North Logan","UT","Independent Public Agency or Authority of Transit Service","Full Reporter","35","Bus","MB","DO","25","50959","Logan, UT","113,927","https://www.mycvtdbus.org/gtfs",,,"true","2026 April 17","2024 April 18"
"80107","University of Montana","Missoula","MT","University","Full Reporter","4","Bus","MB","DO","4","57736","Missoula, MT","88,109","https://passio3.com/Montanau/passioTransit/gtfs/google_transit.zip",,,"true","2026 March 11","2026 March 11"
"80119","City of Black Hawk","Black Hawk","CO","City, County or Local Government Unit or Department of Transportation","Rural Reporter","3","Bus","MB","PT","3","00008","Colorado Non-UZA","1,331,465","https://data.trilliumtransit.com/gtfs/blackhawktramway-co-us/blackhawktramway-co-us.zip",,,"true","2025 May 16","2026 April 17"
"80121","Fremont County Association of Governments","Riverton","WY","MPO, COG or Other Planning Agency","Rural Reporter","8","Bus","MB","DO","2","00056","Wyoming Non-UZA","429,850","https://rapid.nationalrtap.org/GTFSFileManagement/UserUploadFiles/6174/wrta_wy_gtfs.zip",,,"true","2025 February 13","2026 April 18"
"80140","University of Wyoming","Laramie","WY","University","Rural Reporter","15","Bus","MB","DO","10","00056","Wyoming Non-UZA","429,850","https://rapid.nationalrtap.org/GTFSFileManagement/UserUploadFiles/11899/UWYO_Current_GTFS.zip",,,"true","2026 March 30","2026 March 16"
"80150","Gunnison Valley Rural Transportation Authority","Crested Butte","CO","Independent Public Agency or Authority of Transit Service","Rural Reporter","15","Commuter Bus","CB","PT","11","00008","Colorado Non-UZA","1,331,465","https://mjcaction.com/MJC_GTFS_Public/gunnisonrta_google_transit.zip",,,"true","2025 May 16","2026 April 24"
"80159","Mountain Express","Crested Butte","CO","Independent Public Agency or Authority of Transit Service","Rural Reporter","18","Bus","MB","DO","11","00008","Colorado Non-UZA","1,331,465",,"This agency provided the GTFS as a zip file instead of a public weblink, providing justification for why it could not be hosted. Please contact the agency if you need to access this file.",,"true","2025 July 03","2025 July 02"
"80161","Summit County","Breckenridge","CO","City, County or Local Government Unit or Department of Transportation","Rural Reporter","31","Commuter Bus","CB","DO","6","00008","Colorado Non-UZA","1,331,465","https://data.trilliumtransit.com/gtfs/summitstage-co-us/summitstage-co-us.zip",,,"true","2025 May 16","2026 April 16"
"80161","Summit County","Breckenridge","CO","City, County or Local Government Unit or Department of Transportation","Rural Reporter","31","Bus","MB","DO","22","00008","Colorado Non-UZA","1,331,465","https://data.trilliumtransit.com/gtfs/summitstage-co-us/summitstage-co-us.zip",,,"true","2025 May 16","2026 April 16"
"80169","Toole County","Shelby","MT","City, County or Local Government Unit or Department of Transportation","Rural Reporter","7","Bus","MB","DO","7","00030","Montana Non-UZA","688,772","https://northern.rural-transit.com/wp-content/uploads/sites/6/2024/01/NTI-Public-Feed.zip",,,"true","2026 January 07","2024 October 18"
"80170","Town of Breckenridge","Breckenridge","CO","City, County or Local Government Unit or Department of Transportation","Rural Reporter","11","Bus","MB","DO","11","00008","Colorado Non-UZA","1,331,465","https://mybreckfreeride.com/gtfs",,,"true","2025 May 16","2026 April 16"
"80174","Silver Bow County","Butte","MT","City, County or Local Government Unit or Department of Transportation","Rural Reporter","12","Bus","MB","DO","6","00030","Montana Non-UZA","688,772","https://rapid.nationalrtap.org/GTFSFileManagement/UserUploadFiles/11487/butte_mt_gtfs.zip",,,"true","2025 December 22","2025 December 15"
"80186","City of Steamboat Springs","Steamboat Springs","CO","City, County or Local Government Unit or Department of Transportation","Rural Reporter","26","Commuter Bus","CB","DO","3","00008","Colorado Non-UZA","1,331,465","https://data.trilliumtransit.com/gtfs/steamboatsprings-co-us/steamboatsprings-co-us.zip",,,"true","2025 May 16","2026 April 10"
"80186","City of Steamboat Springs","Steamboat Springs","CO","City, County or Local Government Unit or Department of Transportation","Rural Reporter","26","Bus","MB","DO","19","00008","Colorado Non-UZA","1,331,465","https://data.trilliumtransit.com/gtfs/steamboatsprings-co-us/steamboatsprings-co-us.zip",,,"true","2025 May 16","2026 April 10"
"80188","Southern Teton Area Rapid Transit","Jackson","WY","Independent Public Agency or Authority of Transit Service","Rural Reporter","29","Bus","MB","DO","3","00016","Idaho Non-UZA","836,252","https://gtfs.start.cadavl.com/START/GTFS/GTFS_START.zip",,,"true","2026 March 03","2026 March 20"
"80188","Southern Teton Area Rapid Transit","Jackson","WY","Independent Public Agency or Authority of Transit Service","Rural Reporter","0","Bus","MB","DO","18","00056","Wyoming Non-UZA","429,850","https://gtfs.start.cadavl.com/START/GTFS/GTFS_START.zip",,,"true","2026 March 03","2026 March 20"
"80188","Southern Teton Area Rapid Transit","Jackson","WY","Independent Public Agency or Authority of Transit Service","Rural Reporter","29","Bus","MB","PT","0","00016","Idaho Non-UZA","836,252","https://gtfs.start.cadavl.com/START/GTFS/GTFS_START.zip",,,"true","2026 March 03","2026 February 25"
"80188","Southern Teton Area Rapid Transit","Jackson","WY","Independent Public Agency or Authority of Transit Service","Rural Reporter","0","Bus","MB","PT","2","00056","Wyoming Non-UZA","429,850","https://gtfs.start.cadavl.com/START/GTFS/GTFS_START.zip",,,"true","2026 March 03","2026 February 25"
"80189","Southern Colorado Community Action Agency, Inc.","Ignacio","CO","Private-Non-Profit Corporation","Rural Reporter","7","Commuter Bus","CB","DO","1","00008","Colorado Non-UZA","1,331,465","https://data.trilliumtransit.com/gtfs/outrider-co-us/outrider-co-us.zip",,,"true","2025 May 16","2026 April 24"
"80189","Southern Colorado Community Action Agency, Inc.","Ignacio","CO","Private-Non-Profit Corporation","Rural Reporter","7","Bus","MB","DO","1","00008","Colorado Non-UZA","1,331,465","https://data.trilliumtransit.com/gtfs/roadrunnertransit-co-us/roadrunnertransit-co-us.zip",,,"true","2025 May 16","2026 April 16"
"80193","Senior Citizens Council","Sheridan","WY","Private-Non-Profit Corporation","Rural Reporter","14","Bus","MB","DO","2","00056","Wyoming Non-UZA","429,850","https://thehubsheridan.org/wp-content/uploads/2026/03/gct_wy_gtfs.zip",,,"true","2026 March 30","2026 March 19"
"80204","Opportunity Link","Havre","MT","Private-Non-Profit Corporation","Rural Reporter","6","Bus","MB","DO","6","00030","Montana Non-UZA","688,772","https://rapid.nationalrtap.org/GTFSFileManagement/UserUploadFiles/13032/gtfs.zip",,,"true","2025 December 22","2025 December 15"
"80206","City of Durango","Durango","CO","City, County or Local Government Unit or Department of Transportation","Rural Reporter","13","Bus","MB","DO","11","00008","Colorado Non-UZA","1,331,465","https://www.durangoco.gov/DocumentCenter/View/17688/Durango-Transit-GTFS-Data",,,"true","2025 May 16","2024 May 08"
"80221","Northeastern Colorado Association of Local Governments","Fort Morgan","CO","MPO, COG or Other Planning Agency","Rural Reporter","60","Bus","MB","DO","5","00008","Colorado Non-UZA","1,331,465","https://rapid.nationalrtap.org/GTFSFileManagement/UserUploadFiles/10125/PE_GTFS.zip",,,"true","2025 May 16","2026 April 20"
"80235","Human Resource Development Council District IX, Inc.","Bozeman","MT","Private-Non-Profit Corporation","Reduced Reporter","22","Bus","MB","PT","12","09514","Bozeman, MT","59,080",,"This agency provided the GTFS as a zip file instead of a public weblink, providing justification for why it could not be hosted. Please contact the agency if you need to access this file.",,"true","2025 December 29","2025 December 29"
"80248","Cedar City","Cedar City","UT","City, County or Local Government Unit or Department of Transportation","Rural Reporter","2","Bus","MB","DO","1","00049","Utah Non-UZA","647,581","https://rapid.nationalrtap.org/GTFSFileManagement/UserUploadFiles/13137/cats_ut_gtfs.zip",,,"true","2025 December 26","2025 December 17"
"80255","Big Sky Transportation District","Big Sky","MT","Independent Public Agency or Authority of Transit Service","Rural Reporter","11","Bus","MB","PT","7","00030","Montana Non-UZA","688,772","https://rapid.nationalrtap.org/GTFSFileManagement/UserUploadFiles/11497/Skyline_GTFS.zip",,,"true","2026 January 16","2025 November 18"
"80256","Town of Mountain Village","Telluride","CO","City, County or Local Government Unit or Department of Transportation","Rural Reporter","77","Bus","MB","DO","6","00008","Colorado Non-UZA","1,331,465","https://data.trilliumtransit.com/gtfs/sanmiguelcounty-co-us/sanmiguelcounty-co-us.zip",,,"true","2025 May 16","2024 April 29"
"80256","Town of Mountain Village","Telluride","CO","City, County or Local Government Unit or Department of Transportation","Rural Reporter","77","Aerial Tramway","TR","DO","71","00008","Colorado Non-UZA","1,331,465","https://data.trilliumtransit.com/gtfs/sanmiguelcounty-co-us/sanmiguelcounty-co-us.zip",,,"true","2025 May 16","2024 April 29"
"80258","City of Glenwood Springs","Glenwood Springs","CO","City, County or Local Government Unit or Department of Transportation","Rural Reporter","3","Bus","MB","PT","3","00008","Colorado Non-UZA","1,331,465","https://data.trilliumtransit.com/gtfs/rfta-co-us/rfta-co-us.zip",,,"true","2025 May 16","2026 April 24"
"80260","Uintah Basin Association of Governments","Roosevelt","UT","MPO, COG or Other Planning Agency","Rural Reporter","7","Bus","MB","DO","4","00049","Utah Non-UZA","647,581","https://gtfs.remix.com/us_uintah_basin_aog.zip",,,"true","2025 December 26","2026 March 02"
"80263","Town of Snowmass Village","Snowmass Village","CO","City, County or Local Government Unit or Department of Transportation","Rural Reporter","24","Bus","MB","DO","24","00008","Colorado Non-UZA","1,331,465","https://data.trilliumtransit.com/gtfs/snowmassvillagetransportation-co-us/snowmassvillagetransportation-co-us.zip",,,"true","2025 May 16","2026 April 16"
"80267","Senior Resource Development Agency, Pueblo, Inc.","Pueblo","CO","Private-Non-Profit Corporation","Reduced Reporter","12","Bus","MB","DO","2","72613","Pueblo, CO","120,642","https://data.trilliumtransit.com/gtfs/srda-co-us/srda-co-us--flex-v2.zip",,,"true","2025 April 21","2026 April 21"
"80275","City of Cripple Creek","Cripple Creek","CO","City, County or Local Government Unit or Department of Transportation","Rural Reporter","6","Bus","MB","DO","1","00008","Colorado Non-UZA","1,331,465","https://data.trilliumtransit.com/gtfs/cripplecreek-co-us/cripplecreek-co-us.zip",,,"true","2025 May 16","2026 April 17"
"80280","Archuleta County","Pagosa Springs","CO","City, County or Local Government Unit or Department of Transportation","Rural Reporter","5","Bus","MB","DO","2","00008","Colorado Non-UZA","1,331,465","https://rapid.nationalrtap.org/GTFSFileManagement/UserUploadFiles/11813/met_gtfs.zip",,,"true",,"2026 April 16"
"80284","Park City Municipal Corporation","Park City","UT","City, County or Local Government Unit or Department of Transportation","Rural Reporter","28","Bus","MB","DO","26","00049","Utah Non-UZA","647,581","https://gtfs.parkcity.cadavl.com/PARKCITY/GTFS/GTFS_PARKCITY.zip",,,"true","2025 December 26","2025 December 20"
"80289","Roaring Fork Transportation Authority","Glenwood Springs","CO","Independent Public Agency or Authority of Transit Service","Rural Reporter","100","Commuter Bus","CB","DO","31","00008","Colorado Non-UZA","1,331,465","https://www.rfta.com/RFTAGTFSExport.zip",,,"true","2025 May 16","2026 April 16"
"80289","Roaring Fork Transportation Authority","Glenwood Springs","CO","Independent Public Agency or Authority of Transit Service","Rural Reporter","100","Bus","MB","DO","37","00008","Colorado Non-UZA","1,331,465","https://www.rfta.com/RFTAGTFSExport.zip",,,"true","2025 May 16","2026 April 16"
"80289","Roaring Fork Transportation Authority","Glenwood Springs","CO","Independent Public Agency or Authority of Transit Service","Rural Reporter","100","Bus Rapid Transit","RB","DO","24","00008","Colorado Non-UZA","1,331,465","https://www.rfta.com/RFTAGTFSExport.zip",,,"true","2025 May 16","2026 April 16"
"80303","City of Minot","Minot","ND","City, County or Local Government Unit or Department of Transportation","Reduced Reporter","17","Bus","MB","DO","7","57655","Minot, ND","50,925","https://myride.minotnd.gov/gtfs/google_transit_zip",,,"true",,"2026 April 15"
"80303","City of Minot","Minot","ND","City, County or Local Government Unit or Department of Transportation","Reduced Reporter","17","Bus","MB","DO","7","57655","Minot, ND","50,925","https://myride.minotnd.gov/gtfs/040825-063025/google_transit.zip",,,"true","2025 April 28","2025 April 28"
"88116","Northern Cheyenne Tribe","Lame Deer","MT","Tribe","Reduced Reporter","2","Bus","MB","DO","2","00030","Montana Non-UZA","688,772","https://rapid.nationalrtap.org/GTFSFileManagement/UserUploadFiles/13297/NCRezRunner_GTFS.zip",,,"true","2025 April 30","2025 April 29"
"88122","Oglala Sioux Tribe","Pine Ridge","SD","Tribe","Reduced Reporter","7","Bus","MB","DO","7","00046","South Dakota Non-UZA","599,629","https://rapid.nationalrtap.org/GTFSFileManagement/UserUploadFiles/7364/UTF-8OST_SD_GTFS.zip",,,"true","2025 May 14","2026 April 30"
"88164","Chippewa Cree Tribe","Box Elder","MT","Tribe","Reduced Reporter","4","Bus","MB","DO","2","00030","Montana Non-UZA","688,772","https://rapid.nationalrtap.org/GTFSFileManagement/UserUploadFiles/13329/chippewacree_mt_gtfs.zip",,,"true","2026 March 10","2026 April 29"
"88170","Fort Belknap Indian Community","Harlem","MT","Tribe","Reduced Reporter","2","Bus","MB","DO","1","00030","Montana Non-UZA","688,772","https://rapid.nationalrtap.org/GTFSFileManagement/UserUploadFiles/13249/FortBelknap_MT_GTFS.zip",,,,"2025 April 03","2025 April 03"
"88188","Crow Tribe of Indians","Crow Agency","MT","Tribe","Reduced Reporter","4","Bus","MB","DO","4","00030","Montana Non-UZA","688,772","https://rapid.nationalrtap.org/GTFSFileManagement/UserUploadFiles/13358/crownation_mt_gtfs.zip",,,"true",,"2026 April 30"
"88188","Crow Tribe of Indians","Crow Agency","MT","Tribe","Reduced Reporter","4","Bus","MB","DO","4","00030","Montana Non-UZA","688,772","http://www.crow-nsn.gov/crow-nation-transit.html",,,"true",,"2026 April 17"
"88200","Ute Tribe","Fort Duchesne","UT","Tribe","Reduced Reporter","6","Bus","MB","DO","3","00049","Utah Non-UZA","647,581","https://mjcaction.com/MJC_GTFS_Public/utetribe_gtfs.zip",,,"true","2026 March 05","2026 March 03"
"88215","Montrose County Senior Citizens Transportation, Inc.","Montrose","CO","Private-Non-Profit Corporation","Rural Reporter","33","Bus","MB","DO","13","00008","Colorado Non-UZA","1,331,465","https://data.trilliumtransit.com/gtfs/allpointstransit-co-us/allpointstransit-co-us.zip",,,"true","2025 May 16","2026 April 11"
"88225","Town of Winter Park","Winter Park","CO","City, County or Local Government Unit or Department of Transportation","Rural Reporter","27","Commuter Bus","CB","PT","2","00008","Colorado Non-UZA","1,331,465","https://data.trilliumtransit.com/gtfs/winterpark-co-us/winterpark-co-us.zip",,,"true","2025 May 16","2026 April 13"
"88225","Town of Winter Park","Winter Park","CO","City, County or Local Government Unit or Department of Transportation","Rural Reporter","27","Bus","MB","PT","22","00008","Colorado Non-UZA","1,331,465","https://data.trilliumtransit.com/gtfs/winterpark-co-us/winterpark-co-us.zip",,,"true","2025 May 16","2026 April 13"
"88226","Town of Telluride","Telluride","CO","City, County or Local Government Unit or Department of Transportation","Rural Reporter","2","Bus","MB","DO","2","00008","Colorado Non-UZA","1,331,465","https://data.trilliumtransit.com/gtfs/sanmiguelcounty-co-us/sanmiguelcounty-co-us.zip",,,"true","2025 May 16","2024 June 04"
"88228","Town of Avon","Avon","CO","City, County or Local Government Unit or Department of Transportation","Rural Reporter","8","Bus","MB","DO","8","00008","Colorado Non-UZA","1,331,465","https://www.avon.org/DocumentCenter/View/25051/TownOfAvon_gtfs",,,"true","2025 May 16","2026 April 16"
"88230","Teller Senior Coalition","Divide","CO","Private-Non-Profit Corporation","Rural Reporter","13","Bus","MB","DO","1","00008","Colorado Non-UZA","1,331,465","https://data.trilliumtransit.com/gtfs/tsctransit-co-us/tsctransit-co-us.zip",,,"true","2025 May 16","2026 April 15"
"88239","High Valley Transit District","Park City","UT","Independent Public Agency or Authority of Transit Service","Rural Reporter","55","Bus","MB","DO","19","00049","Utah Non-UZA","647,581","https://gtfs.remix.com/highvalleytransit_parkcity_ut_us.zip",,,"true","2025 November 21","2026 March 02"
"88239","High Valley Transit District","Park City","UT","Independent Public Agency or Authority of Transit Service","Rural Reporter","55","Bus","MB","PT","7","00049","Utah Non-UZA","647,581","https://gtfs.remix.com/highvalleytransit_parkcity_ut_us.zip",,,"true","2025 November 21","2026 March 02"
"88281","Town of Estes Park","Estes Park","CO","City, County or Local Government Unit or Department of Transportation","Rural Reporter","6","Bus","MB","PT","6","00008","Colorado Non-UZA","1,331,465","https://data.trilliumtransit.com/gtfs/estestransit-co-us/estestransit-co-us.zip",,,"true","2025 May 16","2026 April 17"
"88288","Disability Services, Inc.","Colorado Springs","CO","Private-Non-Profit Corporation","Reduced Reporter","20","Bus","MB","DO","3","18856","Colorado Springs, CO","632,494","https://data.trilliumtransit.com/gtfs/dsi-co-us/dsi-co-us.zip",,,"true","2026 April 20","2026 April 22"
"88293","Park County","Livingston","MT","City, County or Local Government Unit or Department of Transportation","Rural Reporter","2","Bus","MB","DO","1","00030","Montana Non-UZA","688,772","https://rapid.nationalrtap.org/GTFSFileManagement/UserUploadFiles/11888/ParkCountyGTFS.zip",,,"true","2026 February 10","2026 January 20"
"88294","San Miguel Authority for Regional Transportation","Telluride","CO","Independent Public Agency or Authority of Transit Service","Rural Reporter","17","Commuter Bus","CB","PT","6","00008","Colorado Non-UZA","1,331,465","https://data.trilliumtransit.com/gtfs/sanmiguelcounty-co-us/sanmiguelcounty-co-us.zip",,,"true","2025 May 16","2024 June 10"
"88294","San Miguel Authority for Regional Transportation","Telluride","CO","Independent Public Agency or Authority of Transit Service","Rural Reporter","17","Bus","MB","PT","3","00008","Colorado Non-UZA","1,331,465","https://data.trilliumtransit.com/gtfs/sanmiguelcounty-co-us/sanmiguelcounty-co-us.zip",,,"true","2025 May 16","2024 June 04"
"88298","Town of Vail","Vail","CO","City, County or Local Government Unit or Department of Transportation","Rural Reporter","27","Bus","MB","DO","26","00008","Colorado Non-UZA","1,331,465","https://data.trilliumtransit.com/gtfs/vailtransit-co-us/vailtransit-co-us.zip",,,"true","2025 May 16","2026 April 13"
"88299","Clear Creek County","Georgetown","CO","City, County or Local Government Unit or Department of Transportation","Rural Reporter","3","Bus","MB","DO","3","00008","Colorado Non-UZA","1,331,465","https://data.trilliumtransit.com/gtfs/clearcreek-co-us/clearcreek-co-us.zip",,,"true","2025 May 16","2026 April 10"
"88305","Eagle Valley Transportation Authority","Gypsum","CO","Independent Public Agency or Authority of Transit Service","Rural Reporter","35","Bus","MB","DO","26","00008","Colorado Non-UZA","1,331,465","https://gtfs.coretransit.org/",,,"true","2025 July 03","2026 April 17"
"88306","City of Moab","Moab","UT","City, County or Local Government Unit or Department of Transportation","Rural Reporter","3","Bus","MB","PT","1","00049","Utah Non-UZA","647,581","https://downtowner-gtfs.s3.us-east-1.amazonaws.com/moab/gtfs.zip",,,"true","2026 April 23","2025 December 17"
"88308","Southeast Colorado Enterprise Development, Inc.","Lamar","CO","City, County or Local Government Unit or Department of Transportation","Rural Reporter","5","Bus","MB","DO","5","00008","Colorado Non-UZA","1,331,465","https://jhbbjhc.r.tsp1-brevo.net/tr/cl/bYQcq1Y2JJHw7HESDQL7DpBHFbjWK4EY5khgm3YTXhZpcL8qClEVLGBNElR9NBAHOsn-O3kBOGS-zRox7A2fLiBO-zzoI-1pJYzoSYT3Q0OPhzCHAk7ZW6m1h3dvEIEA8LoiGlv1Bmh21eXgZY0QpeLe01VOuKDswTnP0P7tHiFsk05LIOhAWIN8TwLEes0yaOAf_E0axWT1WQZP0vGJff9zJ8lfvIJ3k-HnSahaePXUuzDyG3umFQXsz3IIV_77rtwqMZczwIvr3WwjKa-LXP9z2l0JV5IBobY7bHx-yUFBeRFTCeZiS2URuZ9MH6gXv8Hokh1Gksb80OmyKbnP4SOi1RZtdtxIkPItx2HV9i0I2Vfse-4",,,"true",,"2026 April 07"
"90001","Regional Transportation Commission of Washoe County","Reno","NV","Independent Public Agency or Authority of Transit Service","Full Reporter","457","Commuter Bus","CB","PT","3","74179","Reno, NV--CA","446,529","https://data.trilliumtransit.com/gtfs/rtc-nv-us/rtc-nv-us.zip",,,"true","2026 January 30","2026 January 06"
"90001","Regional Transportation Commission of Washoe County","Reno","NV","Independent Public Agency or Authority of Transit Service","Full Reporter","457","Bus","MB","PT","53","74179","Reno, NV--CA","446,529","https://data.trilliumtransit.com/gtfs/rtc-nv-us/rtc-nv-us.zip",,,"true","2026 January 30","2026 January 06"
"90002","City and County of Honolulu","Honolulu","HI","City, County or Local Government Unit or Department of Transportation","Full Reporter","727","Heavy Rail","HR","PT","20","39889","Honolulu, HI","853,252","https://www.thebus.org/transitdata/production/google_transit.zip",,,"true","2026 March 10","2026 January 27"
"90002","City and County of Honolulu","Honolulu","HI","City, County or Local Government Unit or Department of Transportation","Full Reporter","727","Bus","MB","PT","381","39889","Honolulu, HI","853,252","https://www.thebus.org/transitdata/production/google_transit.zip",,,"true","2026 March 10","2026 January 27"
"90003","San Francisco Bay Area Rapid Transit District","Oakland","CA","Independent Public Agency or Authority of Transit Service","Full Reporter","396","Heavy Rail","HR","DO","380","78904","San Francisco--Oakland, CA","3,515,933","https://www.bart.gov/dev/schedules/google_transit.zip",,,"true","2025 December 18","2025 December 10"
"90003","San Francisco Bay Area Rapid Transit District","Oakland","CA","Independent Public Agency or Authority of Transit Service","Full Reporter","396","Monorail/Automated Guideway","MG","PT","2","78904","San Francisco--Oakland, CA","3,515,933","https://www.bart.gov/dev/schedules/google_transit.zip",,,"true","2025 December 18","2025 December 10"
"90003","San Francisco Bay Area Rapid Transit District","Oakland","CA","Independent Public Agency or Authority of Transit Service","Full Reporter","396","Hybrid Rail","YR","DO","14","78904","San Francisco--Oakland, CA","3,515,933","https://www.bart.gov/dev/schedules/google_transit.zip",,,"true","2025 December 18","2025 December 10"
"90004","Golden Empire Transit District","Bakersfield","CA","Independent Public Agency or Authority of Transit Service","Full Reporter","91","Bus","MB","DO","56","04681","Bakersfield, CA","570,235","https://get.connexionz.net/rtt/public/resource/gtfs.zip",,,"true","2025 December 05","2025 December 04"
"90005","Navajo Nation","Fort Defiance","AZ","Tribe","Reduced Reporter","18","Commuter Bus","CB","DO","18","00004","Arizona Non-UZA","1,296,856","https://rapid.nationalrtap.org/GTFSFileManagement/UserUploadFiles/5372/Navajo_Transit_GTFS.zip",,,"true","2026 March 17","2026 March 11"
"90006","Santa Cruz Metropolitan Transit District","Santa Cruz","CA","Independent Public Agency or Authority of Transit Service","Full Reporter","108","Commuter Bus","CB","DO","11","79336","Santa Cruz, CA","169,038","https://developer.scmetro.org/gtfs.zip",,,"true","2025 November 11","2025 November 10"
"90006","Santa Cruz Metropolitan Transit District","Santa Cruz","CA","Independent Public Agency or Authority of Transit Service","Full Reporter","108","Bus","MB","DO","68","79336","Santa Cruz, CA","169,038","https://developer.scmetro.org/gtfs.zip",,,"true","2025 November 11","2025 November 10"
"90008","City of Santa Monica","Santa Monica","CA","City, County or Local Government Unit or Department of Transportation","Full Reporter","175","Bus","MB","DO","137","51445","Los Angeles--Long Beach--Anaheim, CA","12,237,376","https://www.bigbluebus.com/gtfs/current.zip",,,"true","2026 February 17","2026 February 17"
"90009","San Mateo County Transit District","San Carlos","CA","Independent Public Agency or Authority of Transit Service","Full Reporter","371","Bus","MB","DO","199","78904","San Francisco--Oakland, CA","3,515,933","https://www.samtrans.com/media/36874/download?inline",,,"true","2026 April 06","2026 April 06"
"90009","San Mateo County Transit District","San Carlos","CA","Independent Public Agency or Authority of Transit Service","Full Reporter","371","Bus","MB","PT","58","78904","San Francisco--Oakland, CA","3,515,933","https://www.samtrans.com/media/36874/download?inline",,,"true","2026 April 06","2026 April 06"
"90010","City of Torrance","Torrance","CA","City, County or Local Government Unit or Department of Transportation","Full Reporter","80","Bus","MB","DO","44","51445","Los Angeles--Long Beach--Anaheim, CA","12,237,376","https://transit.torranceca.gov/gtfs_feed",,,"true","2026 February 03","2025 December 31"
"90011","Reno-Sparks Indian Colony","Reno","NV","Tribe","Reduced Reporter","3","Bus","MB","DO","3","74179","Reno, NV--CA","446,529","https://rapid.nationalrtap.org/GTFSFileManagement/UserUploadFiles/13389/rsic_nv_gtfs.zip",,,"true","2026 April 23","2026 April 22"
"90012","San Joaquin Regional Transit District","Stockton","CA","Independent Public Agency or Authority of Transit Service","Full Reporter","107","Commuter Bus","CB","DO","5","85087","Stockton, CA","414,847","https://sanjoaquinrtd.com/RTD-GTFS/RTD-GTFS.zip",,,"true","2025 December 11","2025 December 11"
"90012","San Joaquin Regional Transit District","Stockton","CA","Independent Public Agency or Authority of Transit Service","Full Reporter","107","Bus","MB","DO","74","85087","Stockton, CA","414,847","https://sanjoaquinrtd.com/RTD-GTFS/RTD-GTFS.zip",,,"true","2025 December 11","2025 December 11"
"90013","Santa Clara Valley Transportation Authority","San Jose","CA","Independent Public Agency or Authority of Transit Service","Full Reporter","526","Light Rail","LR","DO","38","79039","San Jose, CA","1,837,446","https://gtfs.vta.org/gtfs_vta.zip",,,"true","2026 January 29","2025 December 12"
"90013","Santa Clara Valley Transportation Authority","San Jose","CA","Independent Public Agency or Authority of Transit Service","Full Reporter","526","Bus","MB","DO","347","79039","San Jose, CA","1,837,446","https://gtfs.vta.org/gtfs_vta.zip",,,"true","2026 January 29","2025 December 12"
"90013","Santa Clara Valley Transportation Authority","San Jose","CA","Independent Public Agency or Authority of Transit Service","Full Reporter","526","Bus","MB","PT","11","79039","San Jose, CA","1,837,446","https://gtfs.vta.org/gtfs_vta.zip",,,"true","2026 January 29","2025 December 12"
"90014","Alameda-Contra Costa Transit District","Oakland","CA","Independent Public Agency or Authority of Transit Service","Full Reporter","637","Commuter Bus","CB","DO","45","78904","San Francisco--Oakland, CA","3,515,933","https://api.actransit.org/transit/gtfs/download/",,,"true","2025 December 18","2026 March 04"
"90014","Alameda-Contra Costa Transit District","Oakland","CA","Independent Public Agency or Authority of Transit Service","Full Reporter","637","Bus","MB","DO","384","78904","San Francisco--Oakland, CA","3,515,933","https://api.actransit.org/transit/gtfs/download/",,,"true","2025 December 18","2026 March 04"
"90014","Alameda-Contra Costa Transit District","Oakland","CA","Independent Public Agency or Authority of Transit Service","Full Reporter","637","Bus","MB","PT","11","78904","San Francisco--Oakland, CA","3,515,933","https://api.actransit.org/transit/gtfs/download/",,,"true","2025 December 18","2026 March 04"
"90014","Alameda-Contra Costa Transit District","Oakland","CA","Independent Public Agency or Authority of Transit Service","Full Reporter","637","Bus Rapid Transit","RB","DO","17","78904","San Francisco--Oakland, CA","3,515,933","https://api.actransit.org/transit/gtfs/download/",,,"true","2025 December 18","2026 March 04"
"90015","City and County of San Francisco","San Francisco","CA","City, County or Local Government Unit or Department of Transportation","Full Reporter","783","Cable Car","CC","DO","26","78904","San Francisco--Oakland, CA","3,515,933","https://muni-gtfs.apps.sfmta.com/data/muni_gtfs-current.zip",,,"true","2026 February 03","2026 January 14"
"90015","City and County of San Francisco","San Francisco","CA","City, County or Local Government Unit or Department of Transportation","Full Reporter","783","Light Rail","LR","DO","125","78904","San Francisco--Oakland, CA","3,515,933","https://muni-gtfs.apps.sfmta.com/data/muni_gtfs-current.zip",,,"true","2026 February 03","2026 January 14"
"90015","City and County of San Francisco","San Francisco","CA","City, County or Local Government Unit or Department of Transportation","Full Reporter","783","Bus","MB","DO","365","78904","San Francisco--Oakland, CA","3,515,933","https://muni-gtfs.apps.sfmta.com/data/muni_gtfs-current.zip",,,"true","2026 February 03","2026 January 14"
"90015","City and County of San Francisco","San Francisco","CA","City, County or Local Government Unit or Department of Transportation","Full Reporter","783","Streetcar Rail","SR","DO","18","78904","San Francisco--Oakland, CA","3,515,933","https://muni-gtfs.apps.sfmta.com/data/muni_gtfs-current.zip",,,"true","2026 February 03","2026 January 14"
"90015","City and County of San Francisco","San Francisco","CA","City, County or Local Government Unit or Department of Transportation","Full Reporter","783","Trolleybus","TB","DO","154","78904","San Francisco--Oakland, CA","3,515,933","https://muni-gtfs.apps.sfmta.com/data/muni_gtfs-current.zip",,,"true","2026 February 03","2026 January 14"
"90016","Golden Gate Bridge, Highway and Transportation District","San Francisco","CA","Independent Public Agency or Authority of Transit Service","Full Reporter","73","Ferryboat","FB","DO","5","78904","San Francisco--Oakland, CA","3,515,933","https://realtime.goldengate.org/gtfsstatic/GTFSTransitData.zip",,,"true","2026 January 27","2025 December 03"
"90016","Golden Gate Bridge, Highway and Transportation District","San Francisco","CA","Independent Public Agency or Authority of Transit Service","Full Reporter","73","Bus","MB","DO","55","78904","San Francisco--Oakland, CA","3,515,933","https://realtime.goldengate.org/gtfsstatic/GTFSTransitData.zip",,,"true","2026 January 27","2025 December 03"
"90017","City of Santa Rosa","Santa Rosa","CA","City, County or Local Government Unit or Department of Transportation","Full Reporter","30","Bus","MB","DO","18","79498","Santa Rosa, CA","297,329","https://santarosa.syncromatics.com/gtfs",,,"true","2025 November 10","2025 September 25"
"90017","City of Santa Rosa","Santa Rosa","CA","City, County or Local Government Unit or Department of Transportation","Full Reporter","30","Bus","MB","PT","1","79498","Santa Rosa, CA","297,329","https://santarosa.syncromatics.com/gtfs",,,"true","2025 November 10","2025 September 25"
"90019","Sacramento Regional Transit District","Sacramento","CA","Independent Public Agency or Authority of Transit Service","Full Reporter","390","Light Rail","LR","DO","41","77068","Sacramento, CA","1,946,618","https://iportal.sacrt.com/gtfs/SRTD/google_transit.zip",,,"true","2026 February 06","2026 January 07"
"90019","Sacramento Regional Transit District","Sacramento","CA","Independent Public Agency or Authority of Transit Service","Full Reporter","390","Bus","MB","DO","193","77068","Sacramento, CA","1,946,618","https://iportal.sacrt.com/gtfs/SRTD/google_transit.zip",,,"true","2026 February 06","2026 January 07"
"90019","Sacramento Regional Transit District","Sacramento","CA","Independent Public Agency or Authority of Transit Service","Full Reporter","390","Bus","MB","DO","193","77068","Sacramento, CA","1,946,618","https://iportal.sacrt.com/gtfs/eg/google_transit.zip",,,"true","2026 February 06","2026 January 07"
"90020","Santa Barbara Metropolitan Transit District","Santa Barbara","CA","Independent Public Agency or Authority of Transit Service","Full Reporter","76","Bus","MB","DO","74","79282","Santa Barbara, CA","202,197","https://www.sbmtd.gov/google_transit/feed.zip",,,"true","2025 December 03","2025 December 02"
"90022","City of Norwalk","Norwalk","CA","City, County or Local Government Unit or Department of Transportation","Full Reporter","31","Bus","MB","DO","24","51445","Los Angeles--Long Beach--Anaheim, CA","12,237,376","https://nts.rideralerts.com/infopoint/gtfs-zip.ashx",,,"true","2025 November 14","2025 November 14"
"90023","Long Beach Transit","Long Beach","CA","Other Publicly-Owned or Privately Chartered Corporation","Full Reporter","184","Bus","MB","DO","175","51445","Los Angeles--Long Beach--Anaheim, CA","12,237,376",,"This agency provided the GTFS as a zip file instead of a public weblink, providing justification for why it could not be hosted. Please contact the agency if you need to access this file.",,"true","2026 March 06","2026 March 06"
"90026","San Diego Metropolitan Transit System","San Diego","CA","Independent Public Agency or Authority of Transit Service","Full Reporter","769","Commuter Bus","CB","PT","9","78661","San Diego, CA","3,070,300","https://www.sdmts.com/google_transit_files/google_transit.zip",,,"true","2025 December 15","2025 November 17"
"90026","San Diego Metropolitan Transit System","San Diego","CA","Independent Public Agency or Authority of Transit Service","Full Reporter","769","Light Rail","LR","DO","114","78661","San Diego, CA","3,070,300","https://www.sdmts.com/google_transit_files/google_transit.zip",,,"true","2025 December 15","2025 November 17"
"90026","San Diego Metropolitan Transit System","San Diego","CA","Independent Public Agency or Authority of Transit Service","Full Reporter","769","Bus","MB","DO","207","78661","San Diego, CA","3,070,300","https://www.sdmts.com/google_transit_files/google_transit.zip",,,"true","2025 December 15","2025 November 17"
"90026","San Diego Metropolitan Transit System","San Diego","CA","Independent Public Agency or Authority of Transit Service","Full Reporter","769","Bus","MB","PT","285","78661","San Diego, CA","3,070,300","https://www.sdmts.com/google_transit_files/google_transit.zip",,,"true","2025 December 15","2025 October 08"
"90027","City of Fresno","Fresno","CA","City, County or Local Government Unit or Department of Transportation","Full Reporter","160","Bus","MB","DO","113","31843","Fresno, CA","717,589","https://gis4u.fresno.gov/downloads/zip/fax_gtfs.zip",,,"true","2025 November 14","2025 November 13"
"90029","Omnitrans","San Bernardino","CA","Independent Public Agency or Authority of Transit Service","Full Reporter","186","Bus","MB","DO","134","75340","Riverside--San Bernardino, CA","2,276,703","https://omnitrans.org/google/google_transit.zip",,,"true","2026 January 29","2025 November 14"
"90029","Omnitrans","San Bernardino","CA","Independent Public Agency or Authority of Transit Service","Full Reporter","186","Bus","MB","PT","12","75340","Riverside--San Bernardino, CA","2,276,703","https://omnitrans.org/google/google_transit.zip",,,"true","2026 January 29","2025 November 14"
"90030","North County Transit District","Oceanside","CA","Independent Public Agency or Authority of Transit Service","Full Reporter","349","Commuter Rail","CR","DO","26","78661","San Diego, CA","3,070,300","https://www.gonctd.com/google_transit.zip",,,"true","2026 March 27","2025 December 29"
"90030","North County Transit District","Oceanside","CA","Independent Public Agency or Authority of Transit Service","Full Reporter","349","Bus","MB","DO","137","78661","San Diego, CA","3,070,300","https://www.gonctd.com/google_transit.zip",,,"true","2026 March 27","2025 December 29"
"90030","North County Transit District","Oceanside","CA","Independent Public Agency or Authority of Transit Service","Full Reporter","349","Hybrid Rail","YR","DO","4","78661","San Diego, CA","3,070,300","https://www.gonctd.com/google_transit.zip",,,"true","2026 March 27","2025 December 29"
"90031","Riverside Transit Agency","Riverside","CA","Independent Public Agency or Authority of Transit Service","Full Reporter","247","Commuter Bus","CB","DO","8","75340","Riverside--San Bernardino, CA","2,276,703","https://www.riversidetransit.com/google_transit.zip",,,"true","2026 February 10","2025 October 08"
"90031","Riverside Transit Agency","Riverside","CA","Independent Public Agency or Authority of Transit Service","Full Reporter","247","Bus","MB","DO","83","75340","Riverside--San Bernardino, CA","2,276,703","https://www.riversidetransit.com/google_transit.zip",,,"true","2026 February 10","2025 October 08"
"90031","Riverside Transit Agency","Riverside","CA","Independent Public Agency or Authority of Transit Service","Full Reporter","247","Bus","MB","PT","51","75340","Riverside--San Bernardino, CA","2,276,703","https://www.riversidetransit.com/google_transit.zip",,,"true","2026 February 10","2025 October 08"
"90032","City of Phoenix","Phoenix","AZ","City, County or Local Government Unit or Department of Transportation","Full Reporter","496","Bus","MB","PT","386","69184","Phoenix--Mesa--Scottsdale, AZ","3,976,313","https://www.phoenixopendata.com/dataset/3eae9a4a-98b9-40c8-8df7-8c00c1756235/resource/28ccc0a5-49c8-495c-b91f-193de5ce2cb7/download/googletransit.zip",,,"true","2026 March 06","2026 March 04"
"90033","City of Tucson","Tucson","AZ","City, County or Local Government Unit or Department of Transportation","Full Reporter","273","Bus","MB","PT","145","88732","Tucson, AZ","875,441","https://GTFS-RT.suntran.com/TMGTFSRealTimeWebService/Static/SunTranGTFS.zip",,,"true","2025 December 01","2026 April 06"
"90033","City of Tucson","Tucson","AZ","City, County or Local Government Unit or Department of Transportation","Full Reporter","273","Streetcar Rail","SR","PT","6","88732","Tucson, AZ","875,441","https://GTFS-RT.suntran.com/TMGTFSRealTimeWebService/Static/SunTranGTFS.zip",,,"true","2025 December 01","2026 April 06"
"90034","City of Glendale","Glendale","AZ","City, County or Local Government Unit or Department of Transportation","Full Reporter","18","Bus","MB","DO","3","69184","Phoenix--Mesa--Scottsdale, AZ","3,976,313","https://www.phoenixopendata.com/dataset/3eae9a4a-98b9-40c8-8df7-8c00c1756235/resource/28ccc0a5-49c8-495c-b91f-193de5ce2cb7/download/googletransit.zip",,,"true","2026 March 26","2026 March 20"
"90035","Gold Coast Transit District","Oxnard","CA","Independent Public Agency or Authority of Transit Service","Full Reporter","91","Bus","MB","DO","49","66673","Oxnard--San Buenaventura (Ventura), CA","376,117","https://www.gctd.org/wp-content/uploads/2021/06/GCTD_GTFS.zip",,,"true","2026 February 02","2026 January 05"
"90036","Orange County Transportation Authority","Orange","CA","Independent Public Agency or Authority of Transit Service","Full Reporter","921","Bus","MB","DO","225","51445","Los Angeles--Long Beach--Anaheim, CA","12,237,376","https://www.octa.net/current/google_transit.zip",,,"true","2026 January 06","2025 November 17"
"90036","Orange County Transportation Authority","Orange","CA","Independent Public Agency or Authority of Transit Service","Full Reporter","921","Bus","MB","PT","162","51445","Los Angeles--Long Beach--Anaheim, CA","12,237,376","https://www.octa.net/current/google_transit.zip",,,"true","2026 January 06","2025 November 17"
"90039","City of Culver City","Culver City","CA","City, County or Local Government Unit or Department of Transportation","Full Reporter","48","Bus","MB","DO","46","51445","Los Angeles--Long Beach--Anaheim, CA","12,237,376","https://www.culvercity.gov/files/assets/public/v/10/documents/information-technology/maps/gtfsexport.zip",,,"true","2026 March 25","2026 March 25"
"90041","City of Montebello","Montebello","CA","City, County or Local Government Unit or Department of Transportation","Full Reporter","79","Bus","MB","DO","34","51445","Los Angeles--Long Beach--Anaheim, CA","12,237,376","https://mbl.rideralerts.com/infopoint/gtfs-zip.ashx",,,"true","2026 January 26","2025 December 12"
"90042","City of Gardena","Gardena","CA","City, County or Local Government Unit or Department of Transportation","Full Reporter","28","Bus","MB","DO","24","51445","Los Angeles--Long Beach--Anaheim, CA","12,237,376","https://ridegtrans.com/gtfs.zip",,,"true","2025 December 09","2025 November 26"
"90043","City of Commerce","Commerce","CA","City, County or Local Government Unit or Department of Transportation","Full Reporter","15","Bus","MB","DO","11","51445","Los Angeles--Long Beach--Anaheim, CA","12,237,376","https://citycommbus.com/gtfs",,,"true","2026 January 20","2025 December 16"
"90044","City of Arcadia","Arcadia","CA","City, County or Local Government Unit or Department of Transportation","Reduced Reporter","14","Bus","MB","PT","6","51445","Los Angeles--Long Beach--Anaheim, CA","12,237,376","https://passio3.com/ArcadiaCity/passioTransit/gtfs/google_transit.zip",,,"true","2025 November 05","2024 September 30"
"90045","Regional Transportation Commission of Southern Nevada","Las Vegas","NV","Independent Public Agency or Authority of Transit Service","Full Reporter","712","Bus","MB","PT","293","47995","Las Vegas--Henderson--Paradise, NV","2,196,623","https://developer.rtcsnv.com/transitData/google_transit_new.zip",,,"true","2026 February 05","2026 January 05"
"90050","City of Simi Valley","Simi Valley","CA","City, County or Local Government Unit or Department of Transportation","Reduced Reporter","15","Bus","MB","DO","6","82144","Simi Valley, CA","127,364","https://gtfs.remix.com/svt_simi_valley_ca_us.zip",,,"true","2026 January 21","2025 December 23"
"90052","City of Corona","Corona","CA","City, County or Local Government Unit or Department of Transportation","Reduced Reporter","12","Bus","MB","PT","5","75340","Riverside--San Bernardino, CA","2,276,703","https://cdn.prod.website-files.com/65799af8ef225180fdf1ba2e/6924bcb577088748e082e342_corona-ca-us%20(4).zip",,,"true","2025 December 10","2026 February 26"
"90061","Yuba-Sutter Transit Authority","Marysville","CA","Independent Public Agency or Authority of Transit Service","Reduced Reporter","29","Commuter Bus","CB","PT","7","97939","Yuba City, CA","125,706","https://passio3.com/yubasutter/passioTransit/gtfs/google_transit.zip",,,"true","2026 February 17","2026 February 04"
"90061","Yuba-Sutter Transit Authority","Marysville","CA","Independent Public Agency or Authority of Transit Service","Reduced Reporter","29","Bus","MB","PT","12","97939","Yuba City, CA","125,706","https://passio3.com/yubasutter/passioTransit/gtfs/google_transit.zip",,,"true","2026 February 17","2026 February 04"
"90062","Monterey-Salinas Transit","Monterey","CA","Independent Public Agency or Authority of Transit Service","Full Reporter","167","Bus","MB","DO","48","80362","Seaside--Monterey--Pacific Grove, CA","123,495","https://www.mst.org/google/google_transit.zip",,,"true","2026 February 05","2026 April 20"
"90062","Monterey-Salinas Transit","Monterey","CA","Independent Public Agency or Authority of Transit Service","Full Reporter","167","Bus","MB","PT","18","80362","Seaside--Monterey--Pacific Grove, CA","123,495","https://www.mst.org/google/google_transit.zip",,,"true","2026 February 05","2026 April 20"
"90078","Central Contra Costa Transit Authority","Concord","CA","Independent Public Agency or Authority of Transit Service","Full Reporter","140","Bus","MB","DO","78","19504","Concord--Walnut Creek, CA","538,583","https://countyconnection.com/GTFS/google_transit.zip",,,"true","2026 February 20","2025 November 18"
"90079","SunLine Transit Agency","Thousand Palms","CA","Independent Public Agency or Authority of Transit Service","Full Reporter","86","Bus","MB","DO","42","41347","Indio--Palm Desert--Palm Springs, CA","361,075","https://infopoint.sunline.org/InfoPoint/GTFS-Zip.ashx",,,"true","2026 February 06","2025 October 08"
"90087","City of Santa Maria","Santa Maria","CA","City, County or Local Government Unit or Department of Transportation","Full Reporter","28","Bus","MB","PT","24","79417","Santa Maria, CA","143,609","https://smat.tripshot.com/v1/gtfs.zip?regionId=CA558DDC-D7F2-4B48-9CAC-DEEA1134F820",,,"true","2026 January 28","2026 March 02"
"90088","Napa Valley Transportation Authority","Napa","CA","Independent Public Agency or Authority of Transit Service","Full Reporter","47","Commuter Bus","CB","PT","10","61057","Napa, CA","84,619","https://data.trilliumtransit.com/gtfs/vinetransit-ca-us/vinetransit-ca-us.zip",,,"true","2025 November 25","2025 November 17"
"90088","Napa Valley Transportation Authority","Napa","CA","Independent Public Agency or Authority of Transit Service","Full Reporter","47","Bus","MB","PT","20","61057","Napa, CA","84,619","https://data.trilliumtransit.com/gtfs/vinetransit-ca-us/vinetransit-ca-us.zip",,,"true","2025 November 25","2025 November 17"
"90089","County of Sonoma","Santa Rosa","CA","City, County or Local Government Unit or Department of Transportation","Full Reporter","58","Bus","MB","PT","35","79498","Santa Rosa, CA","297,329","https://data.trilliumtransit.com/gtfs/sonomacounty-ca-us/sonomacounty-ca-us.zip",,,"true","2025 November 17","2025 October 09"
"90090","Yolo County Transportation District","Woodland","CA","Independent Public Agency or Authority of Transit Service","Full Reporter","48","Bus","MB","PT","32","77068","Sacramento, CA","1,946,618","https://rapid.nationalrtap.org/GTFSFileManagement/UserUploadFiles/13239/google_transit(Yolo).zip",,,"true","2026 February 10","2026 April 24"
"90091","City of Visalia","Visalia","CA","City, County or Local Government Unit or Department of Transportation","Full Reporter","37","Commuter Bus","CB","PT","3","90946","Visalia, CA","160,578","https://tc-web.widen.net/content/thmmnlen0j/original/8F5366C7-C947-97A3-22F704DE8660AD72.zip?t.download=true",,,"true","2026 February 10","2026 February 03"
"90091","City of Visalia","Visalia","CA","City, County or Local Government Unit or Department of Transportation","Full Reporter","37","Bus","MB","PT","26","90946","Visalia, CA","160,578","https://tc-web.widen.net/content/thmmnlen0j/original/8F5366C7-C947-97A3-22F704DE8660AD72.zip?t.download=true",,,"true","2026 February 10","2026 February 03"
"90092","City of Fairfield, California","Fairfield","CA","City, County or Local Government Unit or Department of Transportation","Full Reporter","22","Bus","MB","PT","12","28657","Fairfield, CA","150,122","https://data.trilliumtransit.com/gtfs/fairfield-ca-us/fairfield-ca-us.zip",,,"true","2026 March 05","2026 January 14"
"90093","Redding Area Bus Authority","Redding","CA","Independent Public Agency or Authority of Transit Service","Reduced Reporter","32","Bus","MB","PT","13","73774","Redding, CA","120,602","https://gtfs.remix.com/redding_area_bus_authority.zip",,,"true",,"2026 March 28"
"90119","City of Laguna Beach","Laguna Beach","CA","City, County or Local Government Unit or Department of Transportation","Reduced Reporter","25","Bus","MB","PT","18","57709","Mission Viejo--Lake Forest--Laguna Niguel, CA","646,843","https://data.trilliumtransit.com/gtfs/lagunabeach-ca-us/lagunabeach-ca-us.zip",,,"true","2025 December 31","2025 November 25"
"90121","Antelope Valley Transit Authority","Lancaster","CA","Independent Public Agency or Authority of Transit Service","Full Reporter","92","Commuter Bus","CB","PT","20","67140","Palmdale--Lancaster, CA","359,559","https://www.avta.com/userfiles/files/AVTA_GTFS.zip",,,"true","2026 February 06","2025 December 04"
"90121","Antelope Valley Transit Authority","Lancaster","CA","Independent Public Agency or Authority of Transit Service","Full Reporter","92","Bus","MB","PT","48","67140","Palmdale--Lancaster, CA","359,559","https://www.avta.com/userfiles/files/AVTA_GTFS.zip",,,"true","2026 February 06","2025 December 04"
"90131","City of Scottsdale","Scottsdale","AZ","City, County or Local Government Unit or Department of Transportation","Full Reporter","12","Bus","MB","PT","12","69184","Phoenix--Mesa--Scottsdale, AZ","3,976,313","https://www.phoenixopendata.com/dataset/3eae9a4a-98b9-40c8-8df7-8c00c1756235/resource/28ccc0a5-49c8-495c-b91f-193de5ce2cb7/download/googletransit.zip",,,"true","2026 March 02","2026 January 13"
"90134","Peninsula Corridor Joint Powers Board","San Carlos","CA","Independent Public Agency or Authority of Transit Service","Full Reporter","110","Commuter Rail","CR","PT","110","78904","San Francisco--Oakland, CA","3,515,933","https://data.trilliumtransit.com/gtfs/caltrain-ca-us/caltrain-ca-us.zip",,,"true","2025 November 26","2025 November 12"
"90136","Regional Public Transportation Authority","Phoenix","AZ","Independent Public Agency or Authority of Transit Service","Full Reporter","753","Bus","MB","PT","286","69184","Phoenix--Mesa--Scottsdale, AZ","3,976,313","https://www.phoenixopendata.com/dataset/3eae9a4a-98b9-40c8-8df7-8c00c1756235/resource/28ccc0a5-49c8-495c-b91f-193de5ce2cb7/download/googletransit.zip",,,"true","2026 March 13","2026 March 06"
"90142","University of California, Davis","Davis","CA","University","Full Reporter","33","Bus","MB","DO","33","22420","Davis, CA","77,034","https://unitrans.ucdavis.edu/sites/g/files/dgvnsk13431/files/media/documents/Unitrans_GTFS.zip",,,"true","2026 January 02","2026 January 02"
"90144","Livermore / Amador Valley Transit Authority","Livermore","CA","Independent Public Agency or Authority of Transit Service","Full Reporter","48","Bus","MB","PT","48","50533","Livermore--Pleasanton--Dublin, CA","240,381","https://api.511.org/transit/datafeeds",,,"true","2025 December 08","2025 October 24"
"90146","Foothill Transit","West Covina","CA","Independent Public Agency or Authority of Transit Service","Full Reporter","307","Bus","MB","PT","307","51445","Los Angeles--Long Beach--Anaheim, CA","12,237,376","https://foothill.rideralerts.com/myStop/GTFS-Zip.ashx",,,"true","2025 December 16","2026 April 22"
"90147","City of Los Angeles","Los Angeles","CA","City, County or Local Government Unit or Department of Transportation","Full Reporter","390","Commuter Bus","CB","PT","106","51445","Los Angeles--Long Beach--Anaheim, CA","12,237,376","https://ladotbus.com/gtfs",,,"true","2025 December 04","2026 February 27"
"90147","City of Los Angeles","Los Angeles","CA","City, County or Local Government Unit or Department of Transportation","Full Reporter","390","Bus","MB","PT","190","51445","Los Angeles--Long Beach--Anaheim, CA","12,237,376","https://ladotbus.com/gtfs",,,"true","2025 December 04","2026 February 27"
"90148","Victor Valley Transit Authority","Hesperia","CA","Independent Public Agency or Authority of Transit Service","Full Reporter","316","Commuter Bus","CB","PT","6","90541","Victorville--Hesperia--Apple Valley, CA","355,816","https://api.transloc.com/gtfs/vvta.zip",,,"true","2026 January 02","2025 October 09"
"90148","Victor Valley Transit Authority","Hesperia","CA","Independent Public Agency or Authority of Transit Service","Full Reporter","316","Bus","MB","PT","49","90541","Victorville--Hesperia--Apple Valley, CA","355,816","https://api.transloc.com/gtfs/vvta.zip",,,"true","2026 January 02","2025 October 09"
"90149","City of Lompoc","Lompoc","CA","City, County or Local Government Unit or Department of Transportation","Reduced Reporter","10","Bus","MB","PT","8","51040","Lompoc, CA","54,287","https://www.cityoflompoc.com/home/showpublisheddocument/29896/638136991952770000",,,"true","2026 February 04","2025 December 19"
"90151","Southern California Regional Rail Authority","Los Angeles","CA","Independent Public Agency or Authority of Transit Service","Full Reporter","195","Commuter Rail","CR","PT","195","51445","Los Angeles--Long Beach--Anaheim, CA","12,237,376","https://metrolinktrains.com/globalassets/about/gtfs/gtfs.zip",,,"true","2025 December 01","2026 February 26"
"90154","Los Angeles County Metropolitan Transportation Authority","Los Angeles","CA","Independent Public Agency or Authority of Transit Service","Full Reporter","2,747","Heavy Rail","HR","DO","48","51445","Los Angeles--Long Beach--Anaheim, CA","12,237,376","https://gitlab.com/LACMTA/gtfs_rail/raw/master/gtfs_rail.zip",,,"true","2026 February 04","2026 January 21"
"90154","Los Angeles County Metropolitan Transportation Authority","Los Angeles","CA","Independent Public Agency or Authority of Transit Service","Full Reporter","2,747","Light Rail","LR","DO","207","51445","Los Angeles--Long Beach--Anaheim, CA","12,237,376","https://gitlab.com/LACMTA/gtfs_rail/raw/master/gtfs_rail.zip",,,"true","2026 February 04","2026 January 21"
"90154","Los Angeles County Metropolitan Transportation Authority","Los Angeles","CA","Independent Public Agency or Authority of Transit Service","Full Reporter","2,747","Bus","MB","DO","1,484","51445","Los Angeles--Long Beach--Anaheim, CA","12,237,376","https://gitlab.com/LACMTA/gtfs_bus/raw/master/gtfs_bus.zip",,,"true","2026 February 04","2026 January 21"
"90154","Los Angeles County Metropolitan Transportation Authority","Los Angeles","CA","Independent Public Agency or Authority of Transit Service","Full Reporter","2,747","Bus","MB","PT","90","51445","Los Angeles--Long Beach--Anaheim, CA","12,237,376","https://gitlab.com/LACMTA/gtfs_bus/raw/master/gtfs_bus.zip",,,"true","2026 February 04","2026 January 21"
"90154","Los Angeles County Metropolitan Transportation Authority","Los Angeles","CA","Independent Public Agency or Authority of Transit Service","Full Reporter","2,747","Bus Rapid Transit","RB","DO","24","51445","Los Angeles--Long Beach--Anaheim, CA","12,237,376","https://gitlab.com/LACMTA/gtfs_bus/raw/master/gtfs_bus.zip",,,"true","2026 February 04","2026 January 21"
"90155","City of Vacaville","Vacaville","CA","City, County or Local Government Unit or Department of Transportation","Reduced Reporter","17","Bus","MB","PT","11","89866","Vacaville, CA","101,027","https://myride.citycoach.com/GTFS/google_transit.zip",,,"true","2025 November 20","2026 February 28"
"90156","City of San Luis Obispo","San Luis Obispo","CA","City, County or Local Government Unit or Department of Transportation","Full Reporter","10","Bus","MB","PT","10","79147","San Luis Obispo, CA","56,904","https://app.mecatran.com/urb/ws/feed/c2l0ZT1zbG90cmFuc2l0O2NsaWVudD1zZWxmO2V4cGlyZT07dHlwZT1ndGZzO2tleT0zZTMwMzM1OTRiMTE2NzA0N2IxNjQwNjA0ZjQwMGMzMzdiM2E1MTQ0",,,"true","2025 November 12","2025 October 17"
"90159","Western Contra Costa Transit Authority","Pinole","CA","Independent Public Agency or Authority of Transit Service","Full Reporter","33","Commuter Bus","CB","PT","7","78904","San Francisco--Oakland, CA","3,515,933","https://data.trilliumtransit.com/gtfs/westcat-ca-us/westcat-ca-us.zip",,,"true","2025 November 26","2025 November 25"
"90159","Western Contra Costa Transit Authority","Pinole","CA","Independent Public Agency or Authority of Transit Service","Full Reporter","33","Bus","MB","PT","21","78904","San Francisco--Oakland, CA","3,515,933","https://data.trilliumtransit.com/gtfs/westcat-ca-us/westcat-ca-us.zip",,,"true","2025 November 26","2025 November 25"
"90161","City of Union City","Union City","CA","City, County or Local Government Unit or Department of Transportation","Reduced Reporter","21","Bus","MB","PT","14","78904","San Francisco--Oakland, CA","3,515,933","https://unioncity.tripshot.com/v1/gtfs.zip?regionId=CA558DDC-D7F2-4B48-9CAC-DEEA1134F820",,,"true","2026 March 12","2026 March 10"
"90162","The Eastern Contra Costa Transit Authority","Antioch","CA","Independent Public Agency or Authority of Transit Service","Full Reporter","91","Bus","MB","PT","46","02683","Antioch, CA","326,205","https://rta.trideltatransit.com/rtt/public/resource/gtfs.zip",,,"true","2026 February 02","2026 January 15"
"90163","City of Camarillo","Camarillo","CA","City, County or Local Government Unit or Department of Transportation","Reduced Reporter","18","Bus","MB","PT","2","12754","Camarillo, CA","76,338","https://data.trilliumtransit.com/gtfs/camarillo-ca-us/camarillo-ca-us.zip",,,"true","2025 November 05","2026 February 27"
"90164","Ventura County Transportation Commission","Camarillo","CA","Independent Public Agency or Authority of Transit Service","Full Reporter","42","Commuter Bus","CB","PT","27","66673","Oxnard--San Buenaventura (Ventura), CA","376,117","https://www.goventura.org/wp-content/uploads/2026/02/20260213-GMV_Schedule.zip",,,"true","2026 February 18","2026 April 20"
"90164","Ventura County Transportation Commission","Camarillo","CA","Independent Public Agency or Authority of Transit Service","Full Reporter","42","Bus","MB","PT","5","66673","Oxnard--San Buenaventura (Ventura), CA","376,117","https://www.valleyexpressbus.org/wp-content/uploads/2026/02/20260213-GMV_Schedule.zip",,,"true","2026 February 18","2026 April 20"
"90165","City of Thousand Oaks","Thousand Oaks","CA","City, County or Local Government Unit or Department of Transportation","Reduced Reporter","21","Bus","MB","PT","8","87490","Thousand Oaks, CA","213,986","https://govcbus.com/gtfs",,,"true","2026 March 19","2026 March 19"
"90168","City of Roseville","Roseville","CA","City, County or Local Government Unit or Department of Transportation","Reduced Reporter","24","Commuter Bus","CB","PT","8","77068","Sacramento, CA","1,946,618","https://cityofroseville.tripshot.com/v1/gtfs.zip?regionId=CA558DDC-D7F2-4B48-9CAC-DEEA1134F820",,,"true","2026 January 15","2026 March 09"
"90168","City of Roseville","Roseville","CA","City, County or Local Government Unit or Department of Transportation","Reduced Reporter","24","Bus","MB","PT","10","77068","Sacramento, CA","1,946,618","https://cityofroseville.tripshot.com/v1/gtfs.zip?regionId=CA558DDC-D7F2-4B48-9CAC-DEEA1134F820",,,"true","2026 January 15","2026 March 09"
"90171","City of Santa Clarita","Santa Clarita","CA","City, County or Local Government Unit or Department of Transportation","Full Reporter","95","Commuter Bus","CB","PT","22","79309","Santa Clarita, CA","278,031","https://businfo.santaclarita.gov/rtt/public/utility/gtfs.aspx",,,"true","2026 March 17","2026 February 27"
"90171","City of Santa Clarita","Santa Clarita","CA","City, County or Local Government Unit or Department of Transportation","Full Reporter","95","Bus","MB","PT","44","79309","Santa Clarita, CA","278,031","https://businfo.santaclarita.gov/rtt/public/utility/gtfs.aspx",,,"true","2026 March 17","2026 February 27"
"90173","Transit Joint Powers Authority for Merced County","Merced","CA","Independent Public Agency or Authority of Transit Service","Full Reporter","45","Bus","MB","PT","28","56251","Merced, CA","150,052","https://thebuslive.com/gtfs",,,"true","2026 January 26","2026 January 26"
"90175","City of Lodi","Lodi","CA","City, County or Local Government Unit or Department of Transportation","Reduced Reporter","13","Bus","MB","PT","8","50851","Lodi, CA","73,090","https://ca-lodi.civicplus.com/DocumentCenter/View/2453/lodi_gtfs-ZIP",,,"true","2025 November 20","2025 November 10"
"90182","Altamont Corridor Express","Stockton","CA","Independent Public Agency or Authority of Transit Service","Full Reporter","31","Commuter Rail","CR","PT","31","85087","Stockton, CA","414,847","https://cdn.acerail.com/wp-content/uploads/ACEGTFS.zip",,,"true","2026 March 13","2026 March 06"
"90196","County of Placer","Auburn","CA","City, County or Local Government Unit or Department of Transportation","Full Reporter","65","Commuter Bus","CB","DO","2","77068","Sacramento, CA","1,946,618","https://data.trilliumtransit.com/gtfs/placercounty-ca-us/placercounty-ca-us.zip",,,"true","2026 March 04","2026 February 27"
"90196","County of Placer","Auburn","CA","City, County or Local Government Unit or Department of Transportation","Full Reporter","65","Bus","MB","DO","16","77068","Sacramento, CA","1,946,618","https://data.trilliumtransit.com/gtfs/placercounty-ca-us/placercounty-ca-us.zip",,,"true","2026 March 04","2026 February 27"
"90196","County of Placer","Auburn","CA","City, County or Local Government Unit or Department of Transportation","Full Reporter","65","Bus","MB","DO","16","77068","Sacramento, CA","1,946,618","https://data.trilliumtransit.com/gtfs/laketahoe-ca-us/laketahoe-ca-us.zip",,,"true","2026 March 04","2025 December 18"
"90197","City of Tracy","Tracy","CA","City, County or Local Government Unit or Department of Transportation","Reduced Reporter","15","Bus","MB","PT","11","88280","Tracy--Mountain House, CA","120,912","https://s3.amazonaws.com/etatransit.gtfs/tracer.etaspot.net/gtfs.zip",,,"true","2025 December 05","2025 December 03"
"90198","City of Porterville","Porterville","CA","City, County or Local Government Unit or Department of Transportation","Reduced Reporter","7","Bus","MB","PT","3","71074","Porterville, CA","69,862","https://gtfs.remix.com/porterville_ca_us.zip",,,"true","2026 January 22","2026 March 17"
"90199","City of Madera","Madera","CA","City, County or Local Government Unit or Department of Transportation","Reduced Reporter","21","Bus","MB","PT","13","52984","Madera, CA","81,635","https://data.trilliumtransit.com/gtfs/cityofmadera-ca-us/cityofmadera-ca-us.zip",,,"true","2026 March 04","2026 March 03"
"90200","Kings County Area Public Transit Agency","Hanford","CA","Independent Public Agency or Authority of Transit Service","Full Reporter","76","Bus","MB","PT","18","36703","Hanford, CA","66,638","https://kart.connexionz.net/rtt/public/resource/gtfs.zip",,,"true","2025 November 12","2025 October 08"
"90201","City of Turlock","Turlock","CA","City, County or Local Government Unit or Department of Transportation","Full Reporter","13","Bus","MB","PT","11","89083","Turlock, CA","79,203","https://data.trilliumtransit.com/gtfs/turlock-ca-us/turlock-ca-us.zip",,,"true","2026 February 24","2026 April 23"
"90206","San Luis Obispo Regional Transit Authority","San Luis Obispo","CA","Independent Public Agency or Authority of Transit Service","Full Reporter","39","Bus","MB","DO","24","79147","San Luis Obispo, CA","56,904","https://slo.connexionz.net/rtt/public/utility/gtfs.aspx",,,"true","2026 January 09","2025 November 24"
"90208","Butte County Association of Governments","Chico","CA","MPO, COG or Other Planning Agency","Full Reporter","37","Bus","MB","PT","24","16318","Chico, CA","111,411","https://planmyride.blinetransit.com/gtfsrealtime/google_transit.zip",,,"true","2026 January 08","2026 March 05"
"90209","Valley Metro Rail, Inc.","Phoenix","AZ","Other Publicly-Owned or Privately Chartered Corporation","Full Reporter","37","Light Rail","LR","PT","34","69184","Phoenix--Mesa--Scottsdale, AZ","3,976,313","https://www.phoenixopendata.com/dataset/3eae9a4a-98b9-40c8-8df7-8c00c1756235/resource/28ccc0a5-49c8-495c-b91f-193de5ce2cb7/download/googletransit.zip",,,"true","2026 April 03","2026 March 05"
"90209","Valley Metro Rail, Inc.","Phoenix","AZ","Other Publicly-Owned or Privately Chartered Corporation","Full Reporter","37","Streetcar Rail","SR","PT","3","69184","Phoenix--Mesa--Scottsdale, AZ","3,976,313","https://www.phoenixopendata.com/dataset/3eae9a4a-98b9-40c8-8df7-8c00c1756235/resource/28ccc0a5-49c8-495c-b91f-193de5ce2cb7/download/googletransit.zip",,,"true","2026 April 03","2026 March 05"
"90211","Anaheim Transportation Network","Anaheim","CA","Independent Public Agency or Authority of Transit Service","Full Reporter","55","Bus","MB","PT","44","51445","Los Angeles--Long Beach--Anaheim, CA","12,237,376","https://art.tripshot.com/v1/gtfs.zip?regionId=CA558DDC-D7F2-4B48-9CAC-DEEA1134F820",,,"true","2026 March 13","2026 January 16"
"90213","City of Petaluma","Petaluma","CA","City, County or Local Government Unit or Department of Transportation","Full Reporter","13","Bus","MB","PT","7","68887","Petaluma, CA","65,227","https://api.511.org/transit/datafeeds",,,"true","2026 March 16","2026 March 12"
"90214","City of Redondo Beach","Redondo Beach","CA","City, County or Local Government Unit or Department of Transportation","Full Reporter","16","Bus","MB","PT","12","51445","Los Angeles--Long Beach--Anaheim, CA","12,237,376","https://redondobeachbct.com/gtfs",,,"true","2026 January 16","2026 January 13"
"90215","Carson Area Metropolitan Planning Organization","Carson City","NV","MPO, COG or Other Planning Agency","Reduced Reporter","10","Bus","MB","PT","4","14158","Carson City, NV","61,629","https://www.carson.org/home/showpublisheddocument/88322/638424553550361879",,,"true","2025 November 20","2025 November 20"
"90216","County of Sacramento Municipal Services Agency","Sacramento","CA","City, County or Local Government Unit or Department of Transportation","Reduced Reporter","12","Commuter Bus","CB","PT","4","77068","Sacramento, CA","1,946,618","https://iportal.sacrt.com/gtfs/SCTLink/google_transit.zip",,,"true","2025 December 09","2025 October 08"
"90216","County of Sacramento Municipal Services Agency","Sacramento","CA","City, County or Local Government Unit or Department of Transportation","Reduced Reporter","12","Bus","MB","PT","1","77068","Sacramento, CA","1,946,618","https://iportal.sacrt.com/gtfs/SCTLink/google_transit.zip",,,"true","2025 December 09","2025 October 08"
"90217","City of Manteca","Manteca","CA","City, County or Local Government Unit or Department of Transportation","Reduced Reporter","6","Bus","MB","PT","4","54145","Manteca, CA","86,674","https://s3.amazonaws.com/etatransit.gtfs/mantecatransit.etaspot.net/gtfs.zip",,,"true","2025 December 03","2026 March 04"
"90219","Northern Arizona Intergovernmental Public Transportation Authority","Flagstaff","AZ","Independent Public Agency or Authority of Transit Service","Full Reporter","39","Bus","MB","DO","20","29818","Flagstaff, AZ","79,842","https://mountainline.syncromatics.com/gtfs",,,"true","2026 January 20","2026 January 20"
"90223","Paratransit, Inc.","Sacramento","CA","Independent Public Agency or Authority of Transit Service","Full Reporter","33","Bus","MB","DO","14","77068","Sacramento, CA","1,946,618","https://paratransit.org/gtfs",,,"true","2026 February 18","2026 January 22"
"90225","San Francisco Bay Area Water Emergency Transportation Authority","San Francisco","CA","Independent Public Agency or Authority of Transit Service","Full Reporter","11","Ferryboat","FB","PT","11","78904","San Francisco--Oakland, CA","3,515,933","https://data.trilliumtransit.com/gtfs/sfbayferry-ca-us/sfbayferry-ca-us.zip",,,"true","2026 January 23","2025 November 27"
"90226","Imperial County Transportation Commission","El Centro","CA","Independent Public Agency or Authority of Transit Service","Full Reporter","38","Bus","MB","PT","18","26405","El Centro, CA","74,376","https://schedule.ivtransit.com/gtfs/data.zip",,,"true","2025 November 20","2025 October 09"
"90227","City of Moorpark","Moorpark","CA","City, County or Local Government Unit or Department of Transportation","Reduced Reporter","5","Bus","MB","PT","2","87490","Thousand Oaks, CA","213,986","https://data.trilliumtransit.com/gtfs/moorparkcitytransit-ca-us/moorparkcitytransit-ca-us.zip",,,"true","2026 January 20","2026 January 05"
"90229","El Dorado County Transit Authority","Diamond Springs","CA","Independent Public Agency or Authority of Transit Service","Reduced Reporter","19","Commuter Bus","CB","DO","5","77068","Sacramento, CA","1,946,618","https://data.trilliumtransit.com/gtfs/eldoradotransit-ca-us/eldoradotransit-ca-us.zip",,,"true","2025 November 07","2025 October 08"
"90229","El Dorado County Transit Authority","Diamond Springs","CA","Independent Public Agency or Authority of Transit Service","Reduced Reporter","19","Bus","MB","DO","7","77068","Sacramento, CA","1,946,618","https://data.trilliumtransit.com/gtfs/eldoradotransit-ca-us/eldoradotransit-ca-us.zip",,,"true","2025 November 07","2025 October 08"
"90232","Solano County Transit","Vallejo","CA","Independent Public Agency or Authority of Transit Service","Full Reporter","34","Commuter Bus","CB","PT","15","90028","Vallejo, CA","175,132","https://soltrans.connexionz.net/rtt/public/resource/gtfs.zip",,,"true","2026 January 28","2025 December 23"
"90232","Solano County Transit","Vallejo","CA","Independent Public Agency or Authority of Transit Service","Full Reporter","34","Bus","MB","PT","13","90028","Vallejo, CA","175,132","https://soltrans.connexionz.net/rtt/public/resource/gtfs.zip",,,"true","2026 January 28","2025 December 23"
"90233","Yuma County Intergovernmental Public Transportation Authority","Yuma","AZ","Independent Public Agency or Authority of Transit Service","Full Reporter","55","Bus","MB","PT","15","98020","Yuma, AZ--CA","135,717","https://rapid.nationalrtap.org/GTFSFileManagement/UserUploadFiles/11462/ycatfeed1.zip",,,"true","2026 February 18","2026 March 31"
"90234","Marin County Transit District","San Rafael","CA","Independent Public Agency or Authority of Transit Service","Full Reporter","77","Bus","MB","PT","55","78904","San Francisco--Oakland, CA","3,515,933","https://marintransit.org/data/google_transit.zip",,,"true","2025 November 24","2025 November 20"
"90237","County of Kaua'i","Lihue","HI","City, County or Local Government Unit or Department of Transportation","Rural Reporter","24","Bus","MB","DO","12","00015","Hawaii Non-UZA","426,022","https://thekauaibus.com/gtfs",,,"true","2026 March 04","2025 December 02"
"90238","City of Delano","Delano","CA","City, County or Local Government Unit or Department of Transportation","Reduced Reporter","9","Bus","MB","DO","4","00006","California Non-UZA","4,357,850","https://data.trilliumtransit.com/gtfs/delano-ca-us/delano-ca-us.zip",,,"true","2025 December 03","2026 March 17"
"90239","City of Sierra Vista","Sierra Vista","AZ","City, County or Local Government Unit or Department of Transportation","Reduced Reporter","9","Bus","MB","DO","5","81901","Sierra Vista, AZ","54,274","https://rapid.nationalrtap.org/GTFSFileManagement/UserUploadFiles/12009/VistaTransit_AZ_GTFS.zip",,,"true","2026 January 05","2025 December 11"
"90241","County of Maui","Wailuku","HI","City, County or Local Government Unit or Department of Transportation","Full Reporter","81","Commuter Bus","CB","PT","7","43615","Kahului--Wailuku, HI","57,905","https://rapid.nationalrtap.org/GTFSFileManagement/UserUploadFiles/12048/MDoT.zip",,,"true","2026 January 07","2026 January 05"
"90241","County of Maui","Wailuku","HI","City, County or Local Government Unit or Department of Transportation","Full Reporter","81","Bus","MB","PT","15","43615","Kahului--Wailuku, HI","57,905","https://mauibus.org/gtfs",,,"true","2026 January 07","2026 January 05"
"90247","City of Alhambra","Alhambra","CA","City, County or Local Government Unit or Department of Transportation","Reduced Reporter","17","Bus","MB","PT","8","51445","Los Angeles--Long Beach--Anaheim, CA","12,237,376","https://www.alhambraca.gov/DocumentCenter/View/6743/Alhambra-ACT-Bus-GTFS",,,"true","2025 December 09","2025 November 19"
"90251","City of Baldwin Park","Baldwin Park","CA","City, County or Local Government Unit or Department of Transportation","Reduced Reporter","8","Bus","MB","PT","6","51445","Los Angeles--Long Beach--Anaheim, CA","12,237,376","https://baldwinpark.tectransit.com/api/public/fixedRoute/gtfs",,,"true","2025 November 26","2025 November 24"
"90252","City of Bell","Bell","CA","City, County or Local Government Unit or Department of Transportation","Reduced Reporter","5","Bus","MB","PT","1","51445","Los Angeles--Long Beach--Anaheim, CA","12,237,376","https://rapid.nationalrtap.org/GTFSFileManagement/UserUploadFiles/13119/LaCampanaGTFS-2025-01-17.zip",,,"true","2026 February 19","2026 February 13"
"90253","City of Bell Gardens","Bell","CA","City, County or Local Government Unit or Department of Transportation","Reduced Reporter","6","Bus","MB","PT","3","51445","Los Angeles--Long Beach--Anaheim, CA","12,237,376","https://www.ips-systems.com/GTFS/Schedule/21",,,"true","2025 November 21","2025 November 20"
"90254","City of Bellflower","Bellflower","CA","City, County or Local Government Unit or Department of Transportation","Reduced Reporter","4","Bus","MB","PT","2","51445","Los Angeles--Long Beach--Anaheim, CA","12,237,376","https://gtfs.remix.com/CalITP.zip",,,"true","2025 November 13","2026 February 27"
"90256","City of Burbank","Burbank","CA","City, County or Local Government Unit or Department of Transportation","Reduced Reporter","17","Bus","MB","PT","11","51445","Los Angeles--Long Beach--Anaheim, CA","12,237,376","https://rideburbankbus.com/gtfs",,,"true","2025 November 26","2025 November 19"
"90257","City of Calabasas","Calabasas","CA","City, County or Local Government Unit or Department of Transportation","Reduced Reporter","8","Bus","MB","PT","6","51445","Los Angeles--Long Beach--Anaheim, CA","12,237,376","https://www.cityofcalabasas.com/home/showpublisheddocument/32961/638749699548622210",,,"true","2025 December 12","2025 November 25"
"90258","City of Carson","Carson","CA","City, County or Local Government Unit or Department of Transportation","Reduced Reporter","18","Bus","MB","DO","3","51445","Los Angeles--Long Beach--Anaheim, CA","12,237,376","https://rapid.nationalrtap.org/GTFSFileManagement/UserUploadFiles/11488/CarsonGTFS.zip",,,"true","2025 November 05","2026 March 02"
"90259","City of Cerritos","Cerritos","CA","City, County or Local Government Unit or Department of Transportation","Reduced Reporter","16","Bus","MB","PT","6","51445","Los Angeles--Long Beach--Anaheim, CA","12,237,376","https://www.cerritos.gov/media/wjdfi01h/google_transit-20240924.zip",,,"true","2025 November 20","2026 February 26"
"90260","City of Compton","Compton","CA","City, County or Local Government Unit or Department of Transportation","Reduced Reporter","8","Bus","MB","PT","5","51445","Los Angeles--Long Beach--Anaheim, CA","12,237,376","https://rapid.nationalrtap.org/GTFSFileManagement/UserUploadFiles/13657/20251205-GTFSDec25adjdate.zip",,,"true","2026 February 26","2026 April 23"
"90262","City of Cudahy","Cudahy","CA","City, County or Local Government Unit or Department of Transportation","Reduced Reporter","6","Bus","MB","PT","1","51445","Los Angeles--Long Beach--Anaheim, CA","12,237,376","https://www.ips-systems.com/GTFS/Schedule/22",,,"true","2025 December 11","2025 December 11"
"90263","City of Downey","Downey","CA","City, County or Local Government Unit or Department of Transportation","Reduced Reporter","14","Bus","MB","PT","7","51445","Los Angeles--Long Beach--Anaheim, CA","12,237,376","https://downey.rideralerts.com/infopoint/gtfs-zip.ashx",,,"true","2025 November 21","2024 December 05"
"90265","City of El Monte","El Monte","CA","City, County or Local Government Unit or Department of Transportation","Reduced Reporter","15","Bus","MB","DO","3","51445","Los Angeles--Long Beach--Anaheim, CA","12,237,376","https://rapid.nationalrtap.org/GTFSFileManagement/UserUploadFiles/11664/Google_Transit.zip",,,"true","2026 January 07","2025 December 01"
"90265","City of El Monte","El Monte","CA","City, County or Local Government Unit or Department of Transportation","Reduced Reporter","15","Bus","MB","PT","5","51445","Los Angeles--Long Beach--Anaheim, CA","12,237,376","https://rapid.nationalrtap.org/GTFSFileManagement/UserUploadFiles/11664/Google_Transit.zip",,,"true","2026 January 07","2025 December 01"
"90266","City of Glendora","Glendora","CA","City, County or Local Government Unit or Department of Transportation","Reduced Reporter","9","Bus","MB","PT","3","51445","Los Angeles--Long Beach--Anaheim, CA","12,237,376","https://www.cityofglendora.gov/files/assets/city/v/1/community-development/transportation/documents/glendora-ca-us_updated.zip",,,"true","2025 November 12","2025 January 16"
"90267","City of Huntington Park","Huntington Park","CA","City, County or Local Government Unit or Department of Transportation","Reduced Reporter","15","Bus","MB","PT","5","51445","Los Angeles--Long Beach--Anaheim, CA","12,237,376","https://www.hpca.gov/documentcenter/view/11702",,,"true","2025 December 15","2025 December 03"
"90268","City of Inglewood","Inglewood","CA","City, County or Local Government Unit or Department of Transportation","Reduced Reporter","9","Bus","MB","DO","1","51445","Los Angeles--Long Beach--Anaheim, CA","12,237,376","https://www.cityofinglewood.org/gtfs",,,"true","2026 March 24","2026 March 23"
"90269","Los Angeles County","Alhambra","CA","City, County or Local Government Unit or Department of Transportation","Reduced Reporter","2","Bus","MB","PT","2","51445","Los Angeles--Long Beach--Anaheim, CA","12,237,376","https://data.trilliumtransit.com/gtfs/dpwlacounty-ca-us/dpwlacounty-ca-us.zip",,,"true","2025 November 20","2025 November 13"
"90270","Los Angeles County","Alhambra","CA","City, County or Local Government Unit or Department of Transportation","Reduced Reporter","1","Bus","MB","PT","1","51445","Los Angeles--Long Beach--Anaheim, CA","12,237,376","https://data.trilliumtransit.com/gtfs/dpwlacounty-ca-us/dpwlacounty-ca-us.zip",,,"true","2025 November 18","2025 November 17"
"90271","Los Angeles County","Alhambra","CA","City, County or Local Government Unit or Department of Transportation","Reduced Reporter","10","Bus","MB","PT","6","51445","Los Angeles--Long Beach--Anaheim, CA","12,237,376","https://data.trilliumtransit.com/gtfs/dpwlacounty-ca-us/dpwlacounty-ca-us.zip",,,"true","2025 November 20","2025 November 19"
"90272","Los Angeles County","Alhambra","CA","City, County or Local Government Unit or Department of Transportation","Reduced Reporter","1","Bus","MB","PT","1","51445","Los Angeles--Long Beach--Anaheim, CA","12,237,376","https://data.trilliumtransit.com/gtfs/dpwlacounty-ca-us/dpwlacounty-ca-us.zip",,,"true","2025 November 20","2025 November 19"
"90273","Los Angeles County","Alhambra","CA","City, County or Local Government Unit or Department of Transportation","Reduced Reporter","2","Bus","MB","PT","2","51445","Los Angeles--Long Beach--Anaheim, CA","12,237,376","https://data.trilliumtransit.com/gtfs/dpwlacounty-ca-us/dpwlacounty-ca-us.zip",,,"true","2025 December 17","2025 November 19"
"90274","Los Angeles County","Alhambra","CA","City, County or Local Government Unit or Department of Transportation","Reduced Reporter","2","Bus","MB","PT","2","51445","Los Angeles--Long Beach--Anaheim, CA","12,237,376","https://data.trilliumtransit.com/gtfs/dpwlacounty-ca-us/dpwlacounty-ca-us.zip",,,"true","2025 December 17","2025 November 13"
"90275","Los Angeles County","Alhambra","CA","City, County or Local Government Unit or Department of Transportation","Reduced Reporter","1","Bus","MB","PT","1","51445","Los Angeles--Long Beach--Anaheim, CA","12,237,376","https://data.trilliumtransit.com/gtfs/dpwlacounty-ca-us/dpwlacounty-ca-us.zip",,,"true","2025 December 17","2025 November 17"
"90276","Los Angeles County","Alhambra","CA","City, County or Local Government Unit or Department of Transportation","Reduced Reporter","5","Bus","MB","PT","5","51445","Los Angeles--Long Beach--Anaheim, CA","12,237,376","https://data.trilliumtransit.com/gtfs/dpwlacounty-ca-us/dpwlacounty-ca-us.zip",,,"true","2025 December 17","2025 November 17"
"90278","Los Angeles County","Alhambra","CA","City, County or Local Government Unit or Department of Transportation","Reduced Reporter","3","Bus","MB","PT","3","51445","Los Angeles--Long Beach--Anaheim, CA","12,237,376","https://data.trilliumtransit.com/gtfs/dpwlacounty-ca-us/dpwlacounty-ca-us.zip",,,"true","2025 December 17","2025 November 17"
"90281","City of Lynwood","Lynwood","CA","City, County or Local Government Unit or Department of Transportation","Reduced Reporter","4","Bus","MB","PT","4","51445","Los Angeles--Long Beach--Anaheim, CA","12,237,376","https://ips-systems.com/GTFS/Schedule/53",,,"true","2026 March 09","2026 March 02"
"90284","City of Maywood","Maywood","CA","City, County or Local Government Unit or Department of Transportation","Reduced Reporter","5","Bus","MB","PT","1","51445","Los Angeles--Long Beach--Anaheim, CA","12,237,376","https://gtfs.dds.dot.ca.gov/gtfs_files/MaywoodGTFS.zip",,,"true","2025 December 18","2025 December 18"
"90286","City of Monterey Park","Montery Park","CA","City, County or Local Government Unit or Department of Transportation","Reduced Reporter","12","Bus","MB","PT","8","51445","Los Angeles--Long Beach--Anaheim, CA","12,237,376","https://passio3.com/montereyp/passioTransit/gtfs/google_transit.zip",,,"true","2025 December 02","2025 November 26"
"90287","Palos Verdes Peninsula Transit Authority","Rolling Hills","CA","Independent Public Agency or Authority of Transit Service","Reduced Reporter","27","Bus","MB","PT","21","51445","Los Angeles--Long Beach--Anaheim, CA","12,237,376","https://data.trilliumtransit.com/gtfs/pvpta-ca-us/pvpta-ca-us.zip",,,"true","2026 January 20","2026 January 09"
"90291","City of South Gate","South Gate","CA","City, County or Local Government Unit or Department of Transportation","Reduced Reporter","15","Bus","MB","PT","6","51445","Los Angeles--Long Beach--Anaheim, CA","12,237,376","https://www.cityofsouthgate.org/files/sharedassets/public/v/2/government/departments/parks-amp-recreation/documents/southgategtfs-2025-03-17.zip",,,"true","2025 November 26","2025 November 24"
"90293","City of West Covina","West Covina","CA","City, County or Local Government Unit or Department of Transportation","Reduced Reporter","8","Bus","MB","PT","4","51445","Los Angeles--Long Beach--Anaheim, CA","12,237,376","https://www.westcovina.gov/DocumentCenter/View/2039",,,"true","2025 December 01","2025 November 03"
"90294","City of West Hollywood","West Hollywood","CA","City, County or Local Government Unit or Department of Transportation","Reduced Reporter","9","Bus","MB","PT","4","51445","Los Angeles--Long Beach--Anaheim, CA","12,237,376","https://go.weho.org/GTFS",,,"true","2025 November 07","2026 January 30"
"90298","County of Ventura","Ventura","CA","City, County or Local Government Unit or Department of Transportation","Reduced Reporter","4","Bus","MB","PT","4","87490","Thousand Oaks, CA","213,986","https://govcbus.com/gtfs",,,"true","2026 March 04","2026 March 03"
"90299","Sonoma-Marin Area Rail Transit District","Petaluma","CA","Independent Public Agency or Authority of Transit Service","Full Reporter","14","Commuter Rail","CR","DO","12","79498","Santa Rosa, CA","297,329","https://data.trilliumtransit.com/gtfs/smart-ca-us/smart-ca-us.zip",,,"true","2025 November 21","2025 November 20"
"90300","City of Artesia","Artesia","CA","City, County or Local Government Unit or Department of Transportation","Reduced Reporter","6","Bus","MB","PT","1","51445","Los Angeles--Long Beach--Anaheim, CA","12,237,376","https://gtfs.dds.dot.ca.gov/gtfs_files/ArtesiaGTFS.zip",,,"true","2026 March 19","2026 March 19"
"90303","Santa Barbara County Association of Governments","Santa Barbara","CA","MPO, COG or Other Planning Agency","Full Reporter","10","Commuter Bus","CB","PT","10","79282","Santa Barbara, CA","202,197","https://cleanairexpress.com/wp-content/uploads/GTFS.zip",,,"true","2025 November 25","2025 November 13"
"90306","Stanislaus Regional Transit Authority","Modesto","CA","Independent Public Agency or Authority of Transit Service","Full Reporter","114","Commuter Bus","CB","PT","5","58006","Modesto, CA","357,301","https://stanrta.rideralerts.com/InfoPoint/gtfs-zip.ashx",,,"true","2025 November 18","2025 November 13"
"90306","Stanislaus Regional Transit Authority","Modesto","CA","Independent Public Agency or Authority of Transit Service","Full Reporter","114","Bus","MB","PT","65","58006","Modesto, CA","357,301","https://stanrta.rideralerts.com/InfoPoint/gtfs-zip.ashx",,,"true","2025 November 18","2025 November 13"
"90310","Tulare County Regional Transit Agency","Visalia","CA","Independent Public Agency or Authority of Transit Service","Full Reporter","38","Bus","MB","PT","19","90946","Visalia, CA","160,578","https://data.peaktransit.com/staticgtfs/120/gtfs.zip",,,"true","2026 February 18","2026 March 05"
"90313","City of Clovis","Clovis","CA","City, County or Local Government Unit or Department of Transportation","Full Reporter","34","Bus","MB","DO","8","31843","Fresno, CA","717,589","https://passio3.com/clovis/passioTransit/gtfs/google_transit.zip",,,"true","2025 November 26","2025 September 25"
"90316","City of Ripon","Ripon","CA","City, County or Local Government Unit or Department of Transportation","Reduced Reporter","1","Bus","MB","PT","1","58006","Modesto, CA","357,301","https://data.trilliumtransit.com/gtfs/blossomexpress-ca-us/blossomexpress-ca-us.zip",,,"true","2026 April 20","2026 February 27"
"90999","Government of Guam-Guam Regional Transit Authority","Tamuning","GU","State Government Unit or Department of Transportation","Reduced Reporter","14","Bus","MB","DO","7","22811","Dededo--Apotgan--Tamuning, GU","128,164","https://rapid.nationalrtap.org/GTFSFileManagement/UserUploadFiles/13324/grta_guam_gtfs.zip",,,"true","2025 May 08","2025 May 07"
"91000","Amador Transit","Jackson","CA","Independent Public Agency or Authority of Transit Service","Rural Reporter","17","Commuter Bus","CB","DO","1","00006","California Non-UZA","4,357,850","https://data.trilliumtransit.com/gtfs/amador-ca-us/amador-ca-us.zip",,,"true","2026 February 27","2025 December 09"
"91000","Amador Transit","Jackson","CA","Independent Public Agency or Authority of Transit Service","Rural Reporter","17","Bus","MB","DO","10","00006","California Non-UZA","4,357,850","https://data.trilliumtransit.com/gtfs/amador-ca-us/amador-ca-us.zip",,,"true","2026 February 27","2025 November 21"
"91001","City of Show Low","Show Low","AZ","City, County or Local Government Unit or Department of Transportation","Rural Reporter","6","Bus","MB","PT","6","00004","Arizona Non-UZA","1,296,856","https://mjcaction.com/MJC_GTFS_Public/showlow_gtfs.zip",,,"true","2026 April 01","2026 March 02"
"91004","Port of Administration Authority","Pago Pago","AS","State Government Unit or Department of Transportation","Rural Reporter","1","Ferryboat","FB","DO","1","00060","American Samoa Non-UZA","49,710","https://rapid.nationalrtap.org/GTFSFileManagement/UserUploadFiles/13272/ferry_as_gtfs.zip",,,"true","2026 March 18","2026 March 18"
"91005","Madera County","Madera","CA","City, County or Local Government Unit or Department of Transportation","Reduced Reporter","9","Commuter Bus","CB","PT","5","52984","Madera, CA","81,635","https://data.trilliumtransit.com/gtfs/maderactc-ca-us/maderactc-ca-us.zip",,,"true","2025 December 19","2026 February 26"
"91006","City of Ridgecrest","Ridgecrest","CA","City, County or Local Government Unit or Department of Transportation","Rural Reporter","5","Bus","MB","DO","1","00006","California Non-UZA","4,357,850","https://ridgecrest-ca.gov/DocumentCenter/View/8038/Ridgecrest-GTFS-03052026",,,"false","2026 March 12","2026 March 10"
"91007","Fresno County Rural Transit Agency","Fresno","CA","Independent Public Agency or Authority of Transit Service","Rural Reporter","65","Bus","MB","PT","14","00006","California Non-UZA","4,357,850","https://rapid.nationalrtap.org/GTFSFileManagement/UserUploadFiles/7869/google_transit.zip",,,"true","2026 February 27","2026 January 29"
"91008","Modoc Transportation Agency","Alturas","CA","Independent Public Agency or Authority of Transit Service","Rural Reporter","3","Bus","MB","PT","1","00006","California Non-UZA","4,357,850","https://data.trilliumtransit.com/gtfs/sagestage-ca-us/sagestage-ca-us.zip",,,"true","2026 April 17","2026 April 01"
"91009","San Benito County Local Transportation Authority","Hollister","CA","Independent Public Agency or Authority of Transit Service","Rural Reporter","20","Commuter Bus","CB","PT","4","00006","California Non-UZA","4,357,850","https://data.trilliumtransit.com/gtfs/sanbenitocounty-ca-us/sanbenitocounty-ca-us.zip",,,"false","2026 April 17","2026 March 02"
"91009","San Benito County Local Transportation Authority","Hollister","CA","Independent Public Agency or Authority of Transit Service","Rural Reporter","20","Bus","MB","PT","2","00006","California Non-UZA","4,357,850","https://data.trilliumtransit.com/gtfs/sanbenitocounty-ca-us/sanbenitocounty-ca-us.zip",,,"false","2026 April 17","2026 March 02"
"91010","City of Cottonwood","Cottonwood","AZ","City, County or Local Government Unit or Department of Transportation","Rural Reporter","9","Bus","MB","DO","6","00004","Arizona Non-UZA","1,296,856","https://data.trilliumtransit.com/gtfs/cottonwood-az-us/cottonwood-az-us.zip",,,"true","2026 April 01","2026 March 02"
"91012","Mountain Area Regional Transit Authority","Big Bear Lake","CA","Independent Public Agency or Authority of Transit Service","Rural Reporter","31","Commuter Bus","CB","DO","4","00006","California Non-UZA","4,357,850","https://mountaintransit.syncromatics.com/gtfs",,,"true","2026 February 27","2025 October 14"
"91012","Mountain Area Regional Transit Authority","Big Bear Lake","CA","Independent Public Agency or Authority of Transit Service","Rural Reporter","31","Bus","MB","DO","19","00006","California Non-UZA","4,357,850","https://mountaintransit.syncromatics.com/gtfs",,,"true","2026 February 27","2025 October 14"
"91014","City of Rio Vista","Rio Vista","CA","City, County or Local Government Unit or Department of Transportation","Rural Reporter","2","Bus","MB","PT","1","00006","California Non-UZA","4,357,850","https://api.511.org/transit/datafeeds",,,"false","2026 April 09","2026 March 10"
"91020","City of Needles","Needles","CA","City, County or Local Government Unit or Department of Transportation","Rural Reporter","1","Bus","MB","PT","1","00006","California Non-UZA","4,357,850","https://data.trilliumtransit.com/gtfs/needles-ca-us/needles-ca-us.zip",,,"true","2026 April 09","2025 October 01"
"91027","City of Arvin","Arvin","CA","City, County or Local Government Unit or Department of Transportation","Rural Reporter","4","Bus","MB","DO","3","00006","California Non-UZA","4,357,850","https://gtfs.remix.com/arvin.zip",,,"true","2026 February 27","2026 January 29"
"91028","City of Solvang","Solvang","CA","City, County or Local Government Unit or Department of Transportation","Rural Reporter","5","Bus","MB","PT","3","00006","California Non-UZA","4,357,850","https://app.mecatran.com/urb/ws/feed/c2l0ZT1zeXZ0O2NsaWVudD1zZWxmO2V4cGlyZT07dHlwZT1ndGZzO2tleT00MjcwNzQ0ZTY4NTAzOTMyMDIxMDdjNzI0MDRkMzYyNTM4MzI0YzI0",,,"true","2026 February 27","2026 January 22"
"91035","Trinity County","Weaverville","CA","City, County or Local Government Unit or Department of Transportation","Rural Reporter","3","Bus","MB","DO","3","00006","California Non-UZA","4,357,850","https://gtfs.remix.com/trinity_county_ca.zip",,,"true","2026 February 27","2026 January 17"
"91036","Humboldt Transit Authority","Eureka","CA","Independent Public Agency or Authority of Transit Service","Rural Reporter","22","Commuter Bus","CB","DO","4","00006","California Non-UZA","4,357,850","https://data.trilliumtransit.com/gtfs/humboldtcounty-ca-us/humboldtcounty-ca-us.zip",,,"true","2026 February 27","2025 December 16"
"91036","Humboldt Transit Authority","Eureka","CA","Independent Public Agency or Authority of Transit Service","Rural Reporter","22","Bus","MB","DO","13","00006","California Non-UZA","4,357,850","https://data.trilliumtransit.com/gtfs/humboldtcounty-ca-us/humboldtcounty-ca-us.zip",,,"true","2026 February 27","2025 December 16"
"91037","City of Bullhead","Bullhead City","AZ","City, County or Local Government Unit or Department of Transportation","Reduced Reporter","13","Bus","MB","DO","9","11431","Bullhead City, AZ--NV","54,396","https://data.trilliumtransit.com/gtfs/bullheadareatransit-az-us/bullheadareatransit-az-us.zip",,,"true","2026 February 06","2026 February 05"
"91043","City of Guadalupe","Guadalupe","CA","City, County or Local Government Unit or Department of Transportation","Rural Reporter","3","Bus","MB","PT","2","00006","California Non-UZA","4,357,850","https://data.trilliumtransit.com/gtfs/guadalupeflyer-ca-us/guadalupeflyer-ca-us.zip",,,"true","2026 February 27","2025 October 08"
"91045","Northern Marianas - Commonwealth Office of Transit Authority","Saipan","MP","State Government Unit or Department of Transportation","Rural Reporter","9","Bus","MB","DO","2","00069","Commonwealth of the Northern Marianas Non-UZA","47,329","https://rapid.nationalrtap.org/GTFSFileManagement/UserUploadFiles/13790/CNMI_v05_updated_service_dates_2026-08-31.zip",,,"true","2026 April 09","2026 April 09"
"91047","Mendocino Transit Authority","Ukiah","CA","Independent Public Agency or Authority of Transit Service","Rural Reporter","24","Bus","MB","DO","20","00006","California Non-UZA","4,357,850","https://data.trilliumtransit.com/gtfs/mendocino-ca-us/mendocino-ca-us.zip",,,"true","2026 February 27","2025 October 10"
"91048","County of Siskiyou","Yreka","CA","City, County or Local Government Unit or Department of Transportation","Rural Reporter","6","Bus","MB","DO","6","00006","California Non-UZA","4,357,850","https://data.trilliumtransit.com/gtfs/siskiyou-ca-us/siskiyou-ca-us.zip",,,"true","2026 February 27","2025 October 07"
"91052","City of Douglas","Douglas","AZ","City, County or Local Government Unit or Department of Transportation","Rural Reporter","8","Bus","MB","DO","6","00004","Arizona Non-UZA","1,296,856","https://rapid.nationalrtap.org/GTFSFileManagement/UserUploadFiles/13058/douglas_az_gtfs.zip",,,"true","2026 April 01","2026 March 02"
"91053","Lake Transit Authority","Lower Lake","CA","Independent Public Agency or Authority of Transit Service","Rural Reporter","26","Bus","MB","PT","21","00006","California Non-UZA","4,357,850","https://data.trilliumtransit.com/gtfs/laketransit-ca-us/laketransit-ca-us.zip",,,"true","2026 February 27","2025 October 14"
"91057","Tuolumne County Transit Agency","Sonora","CA","Independent Public Agency or Authority of Transit Service","Rural Reporter","8","Bus","MB","PT","4","00006","California Non-UZA","4,357,850","https://gtfs.remix.com/tuolumne_ca_us.zip",,,"true","2026 February 27","2025 November 22"
"91058","City of Ojai","Ojai","CA","City, County or Local Government Unit or Department of Transportation","Reduced Reporter","2","Bus","MB","DO","2","66673","Oxnard--San Buenaventura (Ventura), CA","376,117","https://govcbus.com/gtfs",,,"true","2026 April 03","2026 April 02"
"91059","County of Kern","Bakersfield","CA","City, County or Local Government Unit or Department of Transportation","Reduced Reporter","28","Commuter Bus","CB","PT","16","04681","Bakersfield, CA","570,235","https://data.trilliumtransit.com/gtfs/kerncounty-ca-us/kerncounty-ca-us.zip",,,"true","2026 January 29","2025 December 16"
"91062","Eastern Sierra Transit Authority","Bishop","CA","Independent Public Agency or Authority of Transit Service","Rural Reporter","37","Commuter Bus","CB","DO","5","00006","California Non-UZA","4,357,850","https://data.trilliumtransit.com/gtfs/easternsierra-ca-us/easternsierra-ca-us.zip",,,"true","2026 February 27","2025 November 22"
"91062","Eastern Sierra Transit Authority","Bishop","CA","Independent Public Agency or Authority of Transit Service","Rural Reporter","37","Bus","MB","DO","24","00006","California Non-UZA","4,357,850","https://data.trilliumtransit.com/gtfs/easternsierra-ca-us/easternsierra-ca-us.zip",,,"true","2026 February 27","2025 November 22"
"91064","Douglas County","Minden","NV","City, County or Local Government Unit or Department of Transportation","Rural Reporter","20","Bus","MB","DO","10","00032","Nevada Non-UZA","399,654","https://rapid.nationalrtap.org/GTFSFileManagement/UserUploadFiles/14782/DART_douglas_co_NV_GTFS.zip",,,"false","2026 April 24","2026 April 23"
"91069","Town of Miami","Miami","AZ","City, County or Local Government Unit or Department of Transportation","Rural Reporter","5","Bus","MB","DO","3","00004","Arizona Non-UZA","1,296,856","https://rapid.nationalrtap.org/GTFSFileManagement/UserUploadFiles/11492/CMT_gtfs.zip",,,"true","2025 December 29","2025 November 28"
"91072","Southern Nevada Transit Coalition","Laughlin","NV","Private-Non-Profit Corporation","Reduced Reporter","9","Commuter Bus","CB","DO","2","11431","Bullhead City, AZ--NV","54,396","https://silverrider.net/wp-content/uploads/2026/03/LaughlinVegasExpress-.zip",,,"true","2026 April 29","2026 April 02"
"91072","Southern Nevada Transit Coalition","Laughlin","NV","Private-Non-Profit Corporation","Reduced Reporter","9","Bus","MB","DO","4","11431","Bullhead City, AZ--NV","54,396","https://silverrider.net/wp-content/uploads/2026/03/Laughlin-Feed.zip",,,"true","2026 April 29","2026 April 02"
"91075","City of Kingman","Kingman","AZ","City, County or Local Government Unit or Department of Transportation","Rural Reporter","5","Bus","MB","DO","5","00004","Arizona Non-UZA","1,296,856","https://rapid.nationalrtap.org/GTFSFileManagement/UserUploadFiles/5565/KART_AZ_GTFS.zip",,,"true","2026 April 01","2026 March 02"
"91078","City of Escalon","Escalon","CA","City, County or Local Government Unit or Department of Transportation","Reduced Reporter","3","Bus","MB","PT","1","58006","Modesto, CA","357,301","https://gtfs.remix.com/escalon_ca.zip",,,"true","2025 December 08","2025 December 06"
"91080","County of Hawaii","Hilo","HI","City, County or Local Government Unit or Department of Transportation","Rural Reporter","109","Commuter Bus","CB","PT","14","00015","Hawaii Non-UZA","426,022","https://www.heleonbus.hawaiicounty.gov/home/showpublisheddocument/310315",,,"true","2026 March 04","2026 March 04"
"91080","County of Hawaii","Hilo","HI","City, County or Local Government Unit or Department of Transportation","Rural Reporter","109","Bus","MB","PT","23","00015","Hawaii Non-UZA","426,022","https://www.heleonbus.hawaiicounty.gov/home/showpublisheddocument/310315",,,"true","2026 March 04","2026 February 24"
"91088","County of Glenn","Willows","CA","City, County or Local Government Unit or Department of Transportation","Rural Reporter","4","Bus","MB","PT","2","00006","California Non-UZA","4,357,850","https://gtfs.remix.com/glenncounty.zip",,,"true","2026 April 09","2026 January 14"
"91089","Tehama County","Gerber","CA","City, County or Local Government Unit or Department of Transportation","Rural Reporter","14","Bus","MB","PT","8","00006","California Non-UZA","4,357,850","https://data.trilliumtransit.com/gtfs/tehama-ca-us/tehama-ca-us.zip",,,"true","2026 February 27","2025 November 22"
"91090","Morongo Basin Transit Authority","Joshua Tree","CA","Independent Public Agency or Authority of Transit Service","Rural Reporter","13","Commuter Bus","CB","DO","2","00006","California Non-UZA","4,357,850","https://data.trilliumtransit.com/gtfs/morongobasin-ca-us/morongobasin-ca-us.zip",,,"true","2026 February 27","2025 December 05"
"91090","Morongo Basin Transit Authority","Joshua Tree","CA","Independent Public Agency or Authority of Transit Service","Rural Reporter","13","Bus","MB","DO","7","00006","California Non-UZA","4,357,850","https://data.trilliumtransit.com/gtfs/morongobasin-ca-us/morongobasin-ca-us.zip",,,"true","2026 February 27","2025 December 05"
"91092","Tahoe Transportation District","Stateline","NV","Independent Public Agency or Authority of Transit Service","Full Reporter","15","Bus","MB","DO","12","99999","Lake Tahoe, CA-NV","210,000","https://tahoe.syncromatics.com/gtfs",,,"true","2026 March 18","2026 March 05"
"91095","County of Nevada","Nevada City","CA","City, County or Local Government Unit or Department of Transportation","Rural Reporter","17","Bus","MB","DO","7","00006","California Non-UZA","4,357,850","https://gtfs.remix.com/nevada_county_connects.zip",,,"true","2026 February 27","2025 October 16"
"91096","City of Coolidge","Coolidge","AZ","City, County or Local Government Unit or Department of Transportation","Rural Reporter","8","Bus","MB","DO","6","00004","Arizona Non-UZA","1,296,856","https://coolidgeaz.govoffice2.com/vertical/Sites/%7BAE188E70-DD7F-47BE-99EF-B58B70641DF9%7D/uploads/coolidge_gtfs.zip",,,"true","2025 December 29","2025 November 28"
"91097","Redwood Coast Transit Authority","Crescent City","CA","Independent Public Agency or Authority of Transit Service","Rural Reporter","4","Bus","MB","PT","3","00006","California Non-UZA","4,357,850","https://data.trilliumtransit.com/gtfs/delnorte-ca-us/delnorte-ca-us.zip",,,"true","2026 February 27","2025 October 14"
"91098","Lassen Transit Service Agency","Susanville","CA","Independent Public Agency or Authority of Transit Service","Rural Reporter","5","Commuter Bus","CB","PT","2","00006","California Non-UZA","4,357,850","https://data.trilliumtransit.com/gtfs/lassen-ca-us/lassen-ca-us.zip",,,"true","2026 February 27","2025 October 13"
"91098","Lassen Transit Service Agency","Susanville","CA","Independent Public Agency or Authority of Transit Service","Rural Reporter","5","Bus","MB","PT","2","00006","California Non-UZA","4,357,850","https://data.trilliumtransit.com/gtfs/lassen-ca-us/lassen-ca-us.zip",,,"true","2026 February 27","2025 October 13"
"91101","Town of Truckee","Truckee","CA","City, County or Local Government Unit or Department of Transportation","Rural Reporter","6","Bus","MB","PT","3","00006","California Non-UZA","4,357,850","https://data.trilliumtransit.com/gtfs/laketahoe-ca-us/laketahoe-ca-us.zip",,,"true","2026 February 27","2025 December 09"
"91106","City of Maricopa","Maricopa","AZ","City, County or Local Government Unit or Department of Transportation","Reduced Reporter","6","Bus","MB","DO","3","54477","Maricopa, AZ","57,771","https://rapid.nationalrtap.org/GTFSFileManagement/UserUploadFiles/11713/met_gtfs.zip",,,"true","2025 December 08","2025 December 01"
"91107","Southern Nevada Transit Coalition","Laughlin","NV","Private-Non-Profit Corporation","Rural Reporter","6","Commuter Bus","CB","DO","1","00032","Nevada Non-UZA","399,654","https://silverrider.net/wp-content/uploads/2026/03/MesquiteVegasExpress.zip",,,"true","2026 April 21","2026 April 03"
"91107","Southern Nevada Transit Coalition","Laughlin","NV","Private-Non-Profit Corporation","Rural Reporter","6","Bus","MB","DO","3","00032","Nevada Non-UZA","399,654","https://silverrider.net/wp-content/uploads/2026/03/Mesquite-Feed.zip",,,"true","2026 April 21","2026 April 03"
"91114","City of Benson","Benson","AZ","City, County or Local Government Unit or Department of Transportation","Rural Reporter","3","Bus","MB","DO","1","00004","Arizona Non-UZA","1,296,856","https://data.trilliumtransit.com/gtfs/benson-az-us/benson-az-us.zip",,,"true","2025 December 29","2025 November 28"
"91119","Plumas County Transportation Commission","Quincy","CA","Independent Public Agency or Authority of Transit Service","Rural Reporter","7","Bus","MB","PT","7","00006","California Non-UZA","4,357,850","https://data.trilliumtransit.com/gtfs/plumas-ca-us/plumas-ca-us.zip",,,"true","2026 February 27","2025 November 22"
"91121","City of Bisbee","Bisbee","AZ","City, County or Local Government Unit or Department of Transportation","Rural Reporter","3","Bus","MB","PT","3","00004","Arizona Non-UZA","1,296,856","https://rapid.nationalrtap.org/GTFSFileManagement/UserUploadFiles/11816/Bisbee_AZ_GTFS.zip",,,"true","2025 December 29","2025 December 16"
"91122","Regional Transportation Authority of Pima County","Tucson","AZ","Independent Public Agency or Authority of Transit Service","Full Reporter","63","Bus","MB","PT","13","88732","Tucson, AZ","875,441","https://sunshuttle.tripshot.com/v1/gtfs.zip?regionId=CA558DDC-D7F2-4B48-9CAC-DEEA1134F820",,,"true","2026 April 08","2026 March 05"
"99262","Yurok Tribe","Klamath","CA","Tribe","Reduced Reporter","5","Ferryboat","FB","DO","0","00006","California Non-UZA","4,357,850",,"This agency provided the GTFS as a zip file instead of a public weblink, providing justification for why it could not be hosted. Please contact the agency if you need to access this file.",,"true","2026 March 12","2026 March 11"
"99262","Yurok Tribe","Klamath","CA","Tribe","Reduced Reporter","5","Bus","MB","DO","3","00006","California Non-UZA","4,357,850","https://gtfs.dds.dot.ca.gov/gtfs_files/YurokGTFS.zip",,,"true","2026 March 12","2026 March 11"
"99286","San Carlos Apache Tribe","San Carlos","AZ","Tribe","Reduced Reporter","10","Bus","MB","DO","10","00004","Arizona Non-UZA","1,296,856","https://rapid.nationalrtap.org/GTFSFileManagement/UserUploadFiles/12002/scat_gtfs.zip",,,"true","2026 March 24","2026 March 24"
"99316","Chemehuevi Indian Tribe","Havasu Lake","CA",,"Reduced Reporter","0","Ferryboat","FB","DO","0",,,,"https://rapid.nationalrtap.org/GTFSFileManagement/UserUploadFiles/13404/Chemehuevi_GTFS.zip",,,,"2025 June 23","2025 June 20"
"99322","Fallon Paiute-Shoshone Tribe","Fallon","NV","Tribe","Reduced Reporter","2","Bus","MB","DO","2","00032","Nevada Non-UZA","399,654","https://rapid.nationalrtap.org/GTFSFileManagement/UserUploadFiles/13347/fpt_nv_gtfs.zip",,,"true","2025 May 20","2026 April 29"
"99328","Yavapai-Apache Nation","Camp Verde","AZ","Tribe","Reduced Reporter","9","Bus","MB","DO","4","00004","Arizona Non-UZA","1,296,856","https://rapid.nationalrtap.org/GTFSFileManagement/UserUploadFiles/13396/YAN_AZ_GTFS.zip",,,"true","2025 June 18","2026 April 29"
"99334","White Mountain Apache Tribe","Whiteriver","AZ","Tribe","Reduced Reporter","5","Bus","MB","DO","5","00004","Arizona Non-UZA","1,296,856","https://rapid.nationalrtap.org/GTFSFileManagement/UserUploadFiles/13374/WhiteMtn_Apache_gtfs(1).zip",,,"true","2026 April 23","2026 April 22"
"99382","Hopi Tribe","Kykotsmovi Village","AZ","Tribe","Reduced Reporter","13","Bus","MB","DO","5","00004","Arizona Non-UZA","1,296,856","https://rapid.nationalrtap.org/GTFSFileManagement/UserUploadFiles/13048/hopi_senom_gtfs.zip",,,"true","2026 March 30","2026 February 11"
"99406","Pyramid Lake Paiute Tribe","Nixon","NV","Tribe","Reduced Reporter","5","Bus","MB","DO","5","00032","Nevada Non-UZA","399,654","https://rapid.nationalrtap.org/GTFSFileManagement/UserUploadFiles/13379/plpt_nv_gtfs.zip",,,,"2025 June 06","2025 June 06"
"99406","Pyramid Lake Paiute Tribe","Nixon","NV","Tribe","Reduced Reporter","5","Bus","MB","DO","5","00032","Nevada Non-UZA","399,654",,"This agency provided the GTFS as a zip file instead of a public weblink, providing justification for why it could not be hosted. Please contact the agency if you need to access this file.",,,,"2026 April 24"
"99419","Yavapai Regional Transit","Chino Valley","AZ","Private-Non-Profit Corporation","Rural Reporter","4","Bus","MB","DO","4","00004","Arizona Non-UZA","1,296,856","https://rapid.nationalrtap.org/GTFSFileManagement/UserUploadFiles/5156/yrt_gtfs.zip",,,"true","2025 December 29","2025 November 28"
"99423","City of Glendale","Glendale","CA","City, County or Local Government Unit or Department of Transportation","Full Reporter","41","Bus","MB","PT","35","51445","Los Angeles--Long Beach--Anaheim, CA","12,237,376","https://www.glendaleca.gov/home/showdocument?id=29549",,,"true","2025 November 25","2025 November 18"
"99424","City of Pasadena","Pasadena","CA","City, County or Local Government Unit or Department of Transportation","Full Reporter","42","Bus","MB","PT","28","51445","Los Angeles--Long Beach--Anaheim, CA","12,237,376","https://rt.pasadenatransit.net/rtt/public/utility/gtfs.aspx",,,"true","2026 February 09","2025 December 29"
"99433","Hualapai Indian Tribe","Peach Springs","AZ","Tribe","Reduced Reporter","25","Bus","MB","DO","14","00004","Arizona Non-UZA","1,296,856","https://rapid.nationalrtap.org/GTFSFileManagement/UserUploadFiles/13328/Hualapai_AZ_GTFS.zip",,,,"2025 May 23","2026 April 24"
"99436","Gila River Indian Community","Sacaton","AZ","Tribe","Reduced Reporter","4","Bus","MB","DO","4","00004","Arizona Non-UZA","1,296,856","http://rapid.nationalrtap.org/GTFSFileManagement/UserUploadFiles/5788/GoogleFeed.zip",,,"true","2025 March 13","2026 April 22"
"99442","Calaveras Transit Agency","San Andreas","CA","Independent Public Agency or Authority of Transit Service","Rural Reporter","11","Bus","MB","PT","6","00006","California Non-UZA","4,357,850","https://data.trilliumtransit.com/gtfs/calaveras-ca-us/calaveras-ca-us.zip",,,"true","2026 February 27","2025 November 22"
"99454","Palo Verde Valley Transit Agency","Blythe","CA","Independent Public Agency or Authority of Transit Service","Rural Reporter","7","Commuter Bus","CB","PT","2","00006","California Non-UZA","4,357,850","https://data.trilliumtransit.com/gtfs/paloverde-valley-ca-us/paloverde-valley-ca-us.zip",,,"true","2026 February 27","2025 December 05"
"99454","Palo Verde Valley Transit Agency","Blythe","CA","Independent Public Agency or Authority of Transit Service","Rural Reporter","7","Bus","MB","PT","5","00006","California Non-UZA","4,357,850","https://data.trilliumtransit.com/gtfs/paloverde-valley-ca-us/paloverde-valley-ca-us.zip",,,"true","2026 February 27","2025 December 05"
"99455","City of Sedona","Sedona","AZ","City, County or Local Government Unit or Department of Transportation","Rural Reporter","6","Bus","MB","PT","4","00004","Arizona Non-UZA","1,296,856","https://rapid.nationalrtap.org/GTFSFileManagement/UserUploadFiles/13413/Sedona_Shuttle_Transit_Feed.zip",,,"true","2026 February 23","2026 February 10"
"99474","Town of Payson","Payson","AZ","City, County or Local Government Unit or Department of Transportation","Rural Reporter","3","Bus","MB","DO","3","00004","Arizona Non-UZA","1,296,856","https://rapid.nationalrtap.org/GTFSFileManagement/UserUploadFiles/13121/beeline_payson_az_gtfs.zip",,,"true","2025 December 29","2025 November 28"
"99475","Shoshone-Paiute Tribes","Owyhee","NV","Tribe","Reduced Reporter","1","Bus","MB","DO","1","00032","Nevada Non-UZA","399,654","https://rapid.nationalrtap.org/GTFSFileManagement/UserUploadFiles/13291/shopai_id_gtfs.zip",,,"true","2026 April 02","2026 March 31"
"99479","City of Lathrop","Lathrop","CA","City, County or Local Government Unit or Department of Transportation","Full Reporter","4","Bus","MB","PT","2","85087","Stockton, CA","414,847","https://www.lathroptransit.com",,,"false",,"2025 October 31"
